x1,x2,x3,x4,x5,x6,x7,x8,label
-0.35297953711749996,-0.6638811618246897,0.8829166742765162,-0.839245941828095,-1.716454709080785,-0.7295027983243031,0.5339268825780212,0.5160064983608821,0
-0.35297953711749996,-2.1770517879072813,0.986679824206193,-0.5341281759566068,-1.9514134690194624,-0.6142338049826545,0.5534166907592836,0.05978894467916318,0
-0.35297953711749996,1.4905148963067592,0.7013742084825325,-0.8851998998671691,-1.3519640118728509,-0.10520634154149877,1.4092407503053435,1.4330569042042138,0
-0.35297953711749996,2.1886793729948444,0.6609246487398586,0.0791227034663497,-1.7540992415493668,-0.6739871236655747,0.538324555061509,1.684638748058662,0
-0.35297953711749996,-2.3129732313021987,-0.9587112583381117,-1.961436359301478,-1.3056588606080088,-0.9310361394721022,0.4998514035855254,1.3136455270217806,0
-0.35297953711749996,-2.1817653534947556,0.9888338421783787,-0.4331258275606439,-0.5367451939640373,-1.3859294084174025,0.4333969218333747,0.20336519218842497,0
-0.35297953711749996,-1.7892552580403767,0.959167616067816,-0.28683109549718744,-0.3951502951409569,-1.003274282342344,0.876166066253184,2.2777213399308205,0
-0.35297953711749996,-0.7137500530166959,0.88580592854385,-0.9081261277804892,-0.029270812318460737,-1.6348925078746361,0.39130196713682125,1.188724159059516,0
-0.35297953711749996,1.4647497834566594,-0.47333092731890947,0.9928964542065992,0.1341146842602423,-1.9507800809535074,0.15015907308624385,0.282092456644358,0
-0.35297953711749996,-2.5067438134968927,-0.16853576801906023,1.031689410798759,-1.5970515969013774,-0.7988727173928163,0.5236509897976915,0.3861456693642908,0
-0.35297953711749996,-0.7137500530166959,0.88580592854385,-0.9081261277804892,-1.2786443139507926,-1.0219593025816047,0.49493738766730655,-1.237174422879832,0
-0.35297953711749996,1.9570205772323963,1.6041481986496053,0.2946992967189008,0.4121692916371318,-0.9308937827810878,0.4196985230834333,1.1222198617362569,0
-0.35297953711749996,-0.5674674238362277,0.8883808865181366,1.4007334603364707,-0.7728403009833145,-2.4258293444929606,-0.9036570568181264,1.0713807588404434,0
-0.35297953711749996,-0.6926872900214831,0.8896652842466348,-0.60357869177489,-1.3397213734198532,-0.925116981811127,0.5023054707108304,0.8858017157094078,1
-0.35297953711749996,-1.4008322352255573,1.0553074028764442,-1.394545828728328,-1.7399145281100123,-0.7179935882647077,0.5358728724741465,0.4704547545139052,0
-0.35297953711749996,0.4412928732451568,-1.8792309273911174,-2.1716862332936184,-0.7020399673871305,-1.2271670102756858,0.4497812702287984,2.485687526618511,0
-0.35297953711749996,-2.1817653534947556,0.9888338421783787,-0.4331258275606439,-1.0177585461836212,-1.1499478901768643,0.47329693649906507,-0.7306146045007282,0
-0.35297953711749996,2.014138253822823,0.671037038675527,-0.16195794736703006,-1.0093314607341635,-0.8945827092592327,0.7010059980408694,1.3062439195565867,1
-0.35297953711749996,1.6411145462895906,1.4493235240810571,-0.5004266895831975,-0.029270812318460737,-1.6348925078746361,0.39130196713682125,1.188724159059516,1
-0.35297953711749996,-2.034693899729683,1.9082339671109358,0.19804981193890087,-0.6593572538080785,-1.171058399726037,0.5366832793923456,2.4801349080197683,0
-0.35297953711749996,1.4905148963067592,0.7013742084825325,-0.8851998998671691,-0.6011889731338003,0.03952333113637063,-0.5331918347914828,0.4699599184265572,1
-0.35297953711749996,-0.3646678146726533,0.865581148672513,-0.4259648261137299,-0.1367452643087098,-0.5234043603630598,0.4159487131124372,2.233818896503773,0
-0.35297953711749996,-1.627286380201332,0.9476347826354019,-0.14854751250805553,-2.234038467713572,-0.4429515496083031,0.5779833832651484,0.6046329930440957,0
-0.35297953711749996,1.4905148963067592,0.7013742084825325,-0.8851998998671691,-1.4331974777707666,-0.8684666569962246,0.510430720504181,1.0660048094033843,0
-0.35297953711749996,-2.3064375814747713,0.9960569778467133,-0.6053262924416294,-1.2121827562570953,-0.9876864642870046,0.49172615379217477,1.1334424333278044,0
-0.35297953711749996,-2.1817653534947556,0.9888338421783787,-0.4331258275606439,-0.6986619684185736,-1.0362031622751557,0.6756074066359273,2.271173300921438,0
-0.35297953711749996,-1.2278204984617247,0.920758945501627,-1.3600927770493503,-2.6608656035040923,-1.0040376551047916,-0.2910367083703239,0.6601591790315244,0
-0.35297953711749996,-1.5908705509667656,0.19479330474081685,-1.8999441715431713,-2.6608656035040923,-1.0040376551047916,-0.2910367083703239,0.6601591790315244,0
-0.35297953711749996,-1.4956583659360887,0.9432020359438551,-1.3341870442318213,-2.0581202529670923,-0.7545053313567766,0.3361616678504155,0.07367049117602043,0
-0.35297953711749996,-1.677155271393338,0.9505240369027358,-0.21742769846044968,-0.7118926480152903,-1.2331250134641802,0.4502271339337087,2.1048517537243194,0
0.01762354973787711,2.388154937762869,0.6493676316705231,0.35464344727592645,-1.4445856819741416,-1.7110339956733527,-0.39572315513640743,-0.6750884185132997,1
-0.35297953711749996,-2.781022715052926,-0.15264486954872403,0.6528483880605911,-1.9611522777578134,-1.3535411690543726,-0.34929226435576033,1.809994227068521,0
-0.35297953711749996,1.98920380822682,0.672481665809194,-0.1963980403432271,-0.029270812318460737,-1.6348925078746361,0.39130196713682125,1.188724159059516,0
-0.35297953711749996,1.7897282434587956,0.6840386828785293,-0.47191878415280386,-1.0850608562591593,0.2665481895770849,0.9987794742384948,0.37618736419693183,0
-0.35297953711749996,2.1886793729948444,0.6609246487398586,0.0791227034663497,-1.0922452927127486,-0.650493086723858,0.9343614494032616,1.2858824340280663,0
-0.35297953711749996,1.6899904610747833,0.6898171914131971,-0.6096791560575923,-0.1849806889741078,-0.9040520926042157,-0.03291915905529441,1.9431518128514167,1
-0.35297953711749996,1.365842668326744,0.7085973441508671,-1.0574003647481547,-0.9128942376293327,-0.3640308763146386,1.3713255623463028,0.8302755297219792,0
-0.35297953711749996,-1.799781022211541,0.48155039103464015,-0.5768199630405964,-1.9514134690194624,-0.6142338049826545,0.5534166907592836,0.05978894467916318,0
-0.35297953711749996,1.3899464466686502,-0.4689970459179087,0.8895761752780078,-1.690527701252291,-0.7422223925779139,0.5317762395910421,0.5663487630582671,1
-0.35297953711749996,-1.156036490935657,0.9196204677546522,-1.0882942627337289,-2.159584777226006,-0.4814529038909585,0.5717394851058072,0.6830050125561692,0
-0.35297953711749996,-1.798808170111412,0.9545517689170444,-0.5581063987284655,-1.690527701252291,-0.7422223925779139,0.5317762395910421,0.5663487630582671,0
-0.35297953711749996,-0.7358371159147216,-1.2622088411065648,-2.1765893111718193,-1.3294518125770538,-1.315397288381599,0.04924092931426499,1.3478885590471583,1
-0.35297953711749996,1.9144004714388108,0.6768155472101948,-0.2997183192718184,0.14166865654407257,-1.3174501217026113,0.08686010060725197,1.15968192123227,1
-0.35297953711749996,-0.5047215761776365,0.8788647586252861,-0.3613300807396344,1.041153121515355,-1.8737326272994532,0.7513178591053498,-0.49118223132895444,1
-0.35297953711749996,1.440646005114753,0.7042634627498663,-0.9540800858195633,0.31249247788195844,0.11348163972739211,2.5358753538588426,1.9715889073544908,0
-0.35297953711749996,-1.1613926596537412,1.7135602215526606,-0.7831228688225568,-1.5323031080999856,-1.408501043409371,-0.16003891493442957,1.1750870728183758,0
-0.35297953711749996,-1.6895174756563645,0.9533891075331483,-0.1490707235923991,-1.5195882323897576,-0.42478000640588914,0.2273343730614729,0.5373065252310212,0
-0.35297953711749996,1.7761492848328162,-1.397098727312759,-1.6898262468633456,-2.0260782530553634,-0.5445667207142724,0.5607471626804212,1.0221207540356374,0
-1.618610421246454,1.9144004714388108,0.6768155472101948,-0.2997183192718184,0.45423503610313265,-1.529965501831141,0.8019241418128482,0.2404478171537865,1
-0.35297953711749996,1.249800134374314,-0.9933072717293581,-2.201820964338838,-1.4026900446183481,-0.8942250272272411,0.5075287163706558,0.7635359481327336,0
-0.35297953711749996,1.41571155951875,0.7057080898835333,-0.9885201787957604,-1.716454709080785,-0.7295027983243031,0.5339268825780212,0.5160064983608821,0
-0.35297953711749996,-0.9759714654433116,0.9068790735060358,0.5784166694860386,1.141552867309227,-1.729638779033427,0.9691211104712265,-0.4929050791375724,1
-0.35297953711749996,-1.0266927099741665,0.9118769069557955,0.6111655911760164,-0.6380158970185525,-1.1430040944512125,0.5801342839741193,2.4773585987203965,0
-0.35297953711749996,-0.5142744882486716,0.8742489114745146,-0.6326053839709125,-1.2984744241544195,-0.013994863171159277,0.5642694284207586,0.4039504571906462,0
-0.35297953711749996,1.6899904610747833,0.6898171914131971,-0.6096791560575923,-1.2827525810740015,-0.5570316496640945,0.9501640119817426,0.9159759488329956,0
-0.35297953711749996,-1.5511467347443268,-0.23393568617230798,1.8004600857258426,-1.3483415741870608,-0.9871447500217511,0.4129493944219781,1.3191981456205235,0
-0.35297953711749996,1.2988771906547985,0.7155087055742607,0.5359739241101911,-1.716454709080785,-0.7295027983243031,0.5339268825780212,0.5160064983608821,0
-0.27602828796563383,-1.3959205835520765,0.9374235274091874,-1.196426672327033,-0.7975596567413973,-2.6448474977683154,-1.1729341978070291,1.2886712938368876,0
-0.35297953711749996,1.4905148963067592,0.7013742084825325,-0.8851998998671691,-0.4194761376440789,-1.0582185843228082,0.8758821463112845,-0.011080933530929094,0
-0.35297953711749996,0.11394418367608727,-0.4891306981579755,0.9709690808398252,-1.5116861697432733,-0.6866554962935186,0.6974550081247861,0.375040432166805,0
-0.26886434333523757,1.8146626890547986,0.6825940557448624,-0.43747869117660687,-1.4318734536715154,-0.8989773968857281,0.5092931634476962,0.0677154927182203,0
-0.35297953711749996,0.4752098187326014,-0.41296836194983966,1.311987302945652,-1.0177585461836212,-1.1499478901768643,0.47329693649906507,-0.7306146045007282,0
-0.35297953711749996,2.1886793729948444,0.6609246487398586,0.0791227034663497,0.8828290027701264,1.4844555724578568,-0.7436621517988933,2.233412593303306,1
-0.08431414044195645,1.6899904610747833,0.6898171914131971,-0.6096791560575923,-0.15394095408706,-1.6122544915230526,0.35642207605330856,0.9908677891586719,1
-0.35297953711749996,1.440646005114753,0.7042634627498663,-0.9540800858195633,-1.4913346666557854,-0.27158411710048513,0.12919152083933155,1.5789296045955714,0
-1.570597110012427,1.3400775554766442,-0.4661077916505749,0.8206959893256136,-1.6229786047298713,-0.7861531231392055,0.5258016327846707,0.3358034046669057,1
-0.35297953711749996,-1.6645830300603615,0.9519444803994814,-0.11463063061620199,-0.025892813349903898,-1.4439286598741057,0.6171281035439502,0.9742099333624432,0
-0.17202877957510088,1.4905148963067592,0.7013742084825325,-0.8851998998671691,-1.268139612908929,-0.4141190300670346,0.10954047629288216,0.9049978374971652,1
-0.30321633148977184,2.487892720146881,0.6435891231358555,0.49240381918071485,-2.344283977912444,-0.5810784638063412,0.36103595805669025,0.6253364906977525,0
-0.35297953711749996,1.2910393315387347,0.7129312255518679,-1.160720643676746,-1.2197839098755063,-0.5879236042479804,0.9449407663219173,1.0382417164096698,0
-0.35297953711749996,-1.1285974682812712,0.9187422399620634,0.5402543470158864,-0.7415920369317112,-1.543030265336516,0.09036017941968111,1.8551819807586372,0
-0.35297953711749996,-1.0532793792897035,0.9106465555659585,-1.1190121262159707,-0.029270812318460737,-1.6348925078746361,0.39130196713682125,1.188724159059516,0
-0.35297953711749996,2.8120405128949204,0.6248089703981854,0.9401250278712769,-0.6339774491466642,1.874000855362151,-1.0690008712375696,0.7578087394008896,0
-0.35297953711749996,-1.4707239203400857,0.9417574088101882,-1.2997469512556241,-1.0922452927127486,-0.650493086723858,0.9343614494032616,1.2858824340280663,0
-0.35297953711749996,1.6899904610747833,0.6898171914131971,-0.6096791560575923,-2.0359428283077667,-1.1179989807442396,-0.1167676557165585,1.652493497258888,0
-0.35297953711749996,-2.0923186017084516,-0.19645121760926387,1.380902471225443,-1.716454709080785,-0.7295027983243031,0.5339268825780212,0.5160064983608821,0
-0.35297953711749996,1.465580450710756,0.7028188356161994,-0.9196399928433662,-0.029270812318460737,-1.6348925078746361,0.39130196713682125,1.188724159059516,1
-0.35297953711749996,1.390777113922747,0.7071527170172002,-1.0229602717719575,-0.6434519779116674,-1.5262009347915246,0.21614189892450658,0.2172467386852821,0
-0.35297953711749996,-1.315500791716319,0.9317197005281443,0.36753067105055737,-0.07929888363501791,-2.2313231337017516,-0.28435097273149235,0.3098555496380724,0
-0.35297953711749996,-1.3530074786452986,0.9317438841650657,0.23029351023011246,-0.8906102802803137,-1.1053550513157022,-0.37814513266152405,-1.9680331039274623,0
0.17205023911212614,2.31335160097486,0.6537015130715239,0.25132316834733515,0.9315172983825237,-1.8192179837811413,0.7604372010606193,-0.6796562118409308,1
-0.35297953711749996,-1.2463139099760583,0.9287557646071858,-0.9897861144698502,-1.4331974777707666,-0.8684666569962246,0.510430720504181,1.0660048094033843,0
-0.35297953711749996,-1.617826016857721,0.9509915709532677,0.08772100766061147,-1.690527701252291,-0.7422223925779139,0.5317762395910421,0.5663487630582671,0
-0.35297953711749996,0.7004504963507256,0.7501797567822669,-0.29058830731853935,-2.1648270369147227,-0.8947768577308987,0.11890664494154743,0.08755203767287756,0
-0.35297953711749996,1.3650120010726472,-0.4675524187842419,0.8551360823018106,-1.8940664539273575,-0.6423678175325187,0.5486597609720955,0.17113918734769396,0
-0.35297953711749996,-0.3551149026016183,0.8701969958232846,-0.15468952288245186,-0.363928648410611,-0.47247596355572946,0.4867489396736713,2.2185505500950367,0
-0.35297953711749996,-1.9116350160629245,1.7596194528759321,-0.12121479293908854,-1.4255963241523555,-1.2682295170352487,0.057216107974438546,1.1612055263215186,0
-1.6698246198960827,0.7752538331387346,0.7458458753812661,-0.187268028389948,-2.1173548370428117,-1.3033084980744023,-0.3372438520444302,0.6218749490456958,0
-0.35297953711749996,1.1533530395921514,-0.5523825177943791,0.7207584180531663,-0.28506551222476995,-0.6720389079676917,1.3192472255691812,2.049325567736891,0
-1.4809722623755763,-1.6013514664194082,-1.3878293684742276,-2.97981619563847,-2.176691452621467,-0.47108556215816727,0.5732264534779603,0.7159832357126265,0
-1.618610421246454,1.9642693626308168,0.6739262929428609,-0.2308381333194242,0.8311175525886516,-1.9633118320471672,0.5426339496947425,-0.6779333640323126,1
-0.35297953711749996,-1.081233154147648,0.9152865863536515,-0.9849739838051375,-1.8940664539273575,-0.6423678175325187,0.5486597609720955,0.17113918734769396,0
-0.35297953711749996,-1.9388619316163953,0.9678353788698175,-0.49347165335437004,-0.8053687523662038,-1.1764746886492778,0.4583523837270593,2.2850548474182957,0
-0.35297953711749996,2.1065912477391606,-0.8535180768827293,2.437489401686125,-2.1953866002746936,-0.8491309374309871,0.12249656089399683,1.0556354165630717,0
-0.35297953711749996,-1.3460516923600705,0.9345342731418536,-1.1275464863746385,-0.5594267330880542,-2.1452862917447164,-0.46914701100039025,1.043617665846729,0
-0.35297953711749996,-1.4527452610293108,0.9375223926997334,0.09253313832532417,-0.6299052198257431,-1.3118716403654127,0.3982050158536742,2.308260742223906,0
-0.35297953711749996,1.664225348224684,-0.484887944388245,1.2684171980161758,-1.6166801490114997,-0.050506606263228226,0.36455822379702757,0.007166193852761293,0
-0.35297953711749996,2.263482709782854,0.6565907673388578,0.182442982394941,0.24184644681641254,-0.3429659871077273,0.836100932580178,1.8876256268639882,1
-0.35297953711749996,1.6401215698827774,0.692706445680531,-0.6785593420099865,-0.3496511554267807,0.00481201339521331,0.9310431882565371,1.334060051964547,1
-0.35297953711749996,-0.8787382601176822,0.9005341656302901,-0.877931475382591,-0.6007692643326153,-1.4700923242418757,0.3030439080880538,0.21169412008653932,0
-1.570597110012427,1.6650560154787803,0.691261818546864,-0.6441192490337894,-1.0850608562591593,0.2665481895770849,0.9987794742384948,0.37618736419693183,1
-0.35297953711749996,-1.0532793792897035,0.9106465555659585,-1.1190121262159707,-0.8943595334269502,-1.930374250260817,-0.4396229890598632,2.0891303715513097,0
-0.35297953711749996,2.113876036206835,0.6652585301408593,-0.024197575462241577,-1.2202934334499047,-0.8188189183728045,0.6736554219126198,1.3025402898242948,0
-0.35297953711749996,-0.8818501381070477,0.9024705104514104,-0.7444600230581717,-1.0575668853995615,-1.2752304415003886,0.25213812587313766,1.0155768359042308,0
-0.35297953711749996,-1.5897796932723525,0.9476105989984807,-0.011310351687610687,-1.541138203725609,-0.545842255654143,0.8359332716634575,0.5469145979626671,0
-0.35297953711749996,-0.1651922499046289,0.8540241316031776,-0.1504440823041531,-1.023697339845187,0.26587227504759303,-0.4974884893546262,0.2887340487275107,0
-0.35297953711749996,-1.2712483555720613,0.9302003917408528,-1.0242262074460473,-1.4331974777707666,-0.8684666569962246,0.510430720504181,1.0660048094033843,0
-0.35297953711749996,1.8146626890547986,0.6825940557448624,-0.43747869117660687,-1.9791721631325667,0.03906298454706503,0.11807362782481151,0.5675525007738478,0
-0.35297953711749996,-1.225315921403342,0.9213253448427051,0.23401573972406775,0.557563821082206,-1.5806578234575492,0.7933530283145873,0.441080496354002,1
-0.35297953711749996,1.5653182330947681,0.6970403270815317,-0.7818796209385778,1.2977650256972124,-1.03883836598088,-0.6957605523664432,-0.7614634381722352,1
-0.35297953711749996,1.9144004714388108,0.6768155472101948,-0.2997183192718184,-0.857737722962048,-0.7926142212125007,0.9139772817500724,0.8337990929734362,0
-0.35297953711749996,-1.5205928115320917,0.9446466630775221,-1.3686271372080183,-2.121817779040269,-1.4611115159683612,-0.5618570184529504,1.927897307870999,0
-0.09794310827539326,1.9642693626308168,0.6739262929428609,-0.2308381333194242,1.3421845899435358,0.7961870221106624,-1.2366515007086065,0.9642123187380252,1
-0.35297953711749996,-1.3211172467640675,0.9330896460081867,-1.0931063933984415,-1.716454709080785,-0.7295027983243031,0.5339268825780212,0.5160064983608821,0
-0.35297953711749996,2.2136138185908476,0.6594800216061916,0.11356279644254674,-1.716454709080785,-0.7295027983243031,0.5339268825780212,0.5160064983608821,0
-0.35297953711749996,1.7647937978627926,0.6854833100121963,-0.506358877129001,-0.8896413521239024,-1.0081078242077974,0.6452960755992571,1.0371399814953044,0
-0.35297953711749996,-2.142301727712634,0.983437319942699,-0.5338918371971557,-2.130585516639528,-1.5002303492634268,-0.562624124746649,0.4555534018485766,0
-0.35297953711749996,-0.542228263106616,0.8788889422622075,-0.49856724156007937,-1.690527701252291,-0.7422223925779139,0.5317762395910421,0.5663487630582671,0
-0.35297953711749996,1.9144004714388108,0.6768155472101948,-0.2997183192718184,-1.3397213734198532,-0.925116981811127,0.5023054707108304,0.8858017157094078,0
-0.35297953711749996,1.465580450710756,0.7028188356161994,-0.9196399928433662,-1.565377579768111,-0.38574939428974303,0.9747307044876073,1.460819997197928,0
-0.35297953711749996,1.165536436304623,-0.4559954017149064,0.5796153384922339,-1.690527701252291,-0.7422223925779139,0.5317762395910421,0.5663487630582671,0
-0.35297953711749996,-1.4247914861713662,0.9328823619120405,-0.041505004085509,-1.0922452927127486,-0.650493086723858,0.9343614494032616,1.2858824340280663,0
-0.35297953711749996,-2.3456903417564163,-0.18369799991119484,0.9347633567286895,-1.716454709080785,-0.7295027983243031,0.5339268825780212,0.5160064983608821,0
-0.35297953711749996,-2.2565686902827653,0.9931677235793794,-0.5364461064892352,-2.0007732378749874,-0.7826393439066408,0.3314047380632274,0.1850207338445512,0
-0.35297953711749996,-0.3517387508572901,0.8687757982064872,-0.1893646474435568,-1.4961661489692617,-0.8375747024123387,0.5156539661640063,0.9437390418267099,0
-0.35297953711749996,1.8146626890547986,0.6825940557448624,-0.43747869117660687,-1.609747925133155,-0.589231271950181,0.7511819054868893,0.502124951864025,1
-0.1777948813507857,2.064007145014829,0.6681477844081932,-0.09307776141463578,-0.9508601014519314,-1.1349589151262665,0.4693931487820058,1.0016952894073734,0
-0.35297953711749996,2.039072699418826,0.6695924115418601,-0.12751785439083296,-1.4331974777707666,-0.8684666569962246,0.510430720504181,1.0660048094033843,0
-0.35297953711749996,1.7149249066707863,0.6883725642795302,-0.5752390630813952,-1.6229786047298713,-0.7861531231392055,0.5258016327846707,0.3358034046669057,0
-0.35297953711749996,2.014138253822823,0.671037038675527,-0.16195794736703006,-1.4331974777707666,-0.8684666569962246,0.510430720504181,1.0660048094033843,0
0.17205023911212614,2.2136138185908476,0.6594800216061916,0.11356279644254674,-0.04718629553627751,-0.24262523243389322,0.9126878719931467,2.3914201363015377,1
-0.35297953711749996,1.6899904610747833,0.6898171914131971,-0.6096791560575923,-0.04718629553627751,-0.24262523243389322,0.9126878719931467,2.3914201363015377,1
-0.35297953711749996,1.6151871242867744,0.6941510728141979,-0.7129994349861837,-1.479594870291955,0.14617916974487388,0.5277093834362729,-0.011876591741598719,0
-0.35297953711749996,-1.6541304325506117,-1.1314216294176176,-2.8597374131955084,-1.753317829613657,-1.289281236118591,-0.1413343482224233,1.1076494488939557,0
-0.35297953711749996,-1.4956583659360887,0.9432020359438551,-1.3341870442318213,-1.8579373646685489,-0.6708841297975568,0.5452914409659331,-0.12041414901481318,0
-0.35297953711749996,1.7897282434587956,0.6840386828785293,-0.47191878415280386,-2.158630986707723,-1.4479472396753963,-0.515076487281771,0.35688308400484337,0
-0.35297953711749996,-0.6543282497536547,0.8875325214272878,-0.5679706385968171,1.5129717202428625,-1.1133196525719247,0.7256105517823391,-0.5628477677497159,1
-0.35297953711749996,-1.4208550291480797,0.9388681545428543,-1.23086676530323,-2.199399073300965,-1.1197530141947476,-0.14992463234244485,-0.07599320022487022,0
-0.35297953711749996,-0.3446450207501312,0.9820203970061028,-0.5896438895388281,-1.2272360925202532,0.3657268500929882,-0.480604967973573,-0.10647552698306251,0
-0.35297953711749996,-0.9170756143007583,-0.27559141366789763,0.8973678108469294,-1.5627269154492205,-1.0246150534406788,0.29413704902898485,0.12814696850049423,0
-0.35297953711749996,-1.2416003443885837,0.9266017466350002,-1.090788462865813,-1.4331974777707666,-0.8684666569962246,0.510430720504181,1.0660048094033843,0
-0.35297953711749996,1.024598289098765,0.7313996040445969,0.15713290137202301,-0.8463032734345992,-1.6193046898192964,0.006862054675812024,0.04444525245649966,0
-0.35297953711749996,2.288417155378857,0.6551461402051908,0.21688307537113805,1.1658508725966144,-1.399584633327741,0.35377548273248643,-0.7305561148587147,1
-0.35297953711749996,-0.11532335871262278,0.8511348773358437,-0.08156389635175892,-1.3894593650216316,-0.6973031760382166,0.7329089890728744,0.9298574953298527,0
-0.2445418776632581,-0.7282404753085989,0.8620302413992009,-0.6019408785470997,-2.0473488070377703,-0.5671686526037973,0.5613745184915604,-0.12648793741607867,0
-0.35297953711749996,-1.8889930404243889,0.9649461246024837,-0.42459146740197584,-1.2827525810740015,-0.5570316496640945,0.9501640119817426,0.9159759488329956,0
-0.24335371123675337,2.039072699418826,0.6695924115418601,-0.12751785439083296,-0.7783438059199137,0.11607512084556804,0.9733373222685293,0.9717374190864108,0
-0.35297953711749996,-1.4651074652923373,0.9403874633301459,0.16089011319337493,-1.9514134690194624,-0.6142338049826545,0.5534166907592836,0.05978894467916318,0
-0.35297953711749996,1.41571155951875,0.7057080898835333,-0.9885201787957604,-1.9346817631870061,0.01209999089684577,0.11420637623710439,0.4817839745227432,0
-1.8503546701360245,-0.15226318608926576,0.8572187811371519,0.08615609636602001,-1.4815094972777652,-0.23812366628542336,0.07565551933339965,0.42655231108685765,0
-0.35297953711749996,1.4708880605224481,1.2368792289629755,0.8205299473208467,-1.043685554012115,-1.1372282959232534,0.4754475794860442,-0.780956869198113,0
-1.476491019993734,-1.1285974682812712,0.9187422399620634,0.5402543470158864,-0.132599597297534,-1.584200186248228,0.39987308063508215,0.9880914798593003,1
-0.35297953711749996,-1.6779859386474347,-0.2256257260323732,1.6951087485895153,-2.234038467713572,-0.4429515496083031,0.5779833832651484,0.6046329930440957,0
-0.35297953711749996,1.98920380822682,0.672481665809194,-0.1963980403432271,-0.3951502951409569,-1.003274282342344,0.876166066253184,2.2777213399308205,1
-0.35297953711749996,-2.5815471502849014,-0.16420188661805946,0.9283691318701677,0.12580543353471296,-1.1043302642689439,-0.06034427250566465,0.9441890364322528,0
-0.35297953711749996,1.440646005114753,0.7042634627498663,-0.9540800858195633,-0.14741204579353961,-0.9484735656419623,1.0811621713022135,1.9919595460733097,0
-0.35297953711749996,-1.230839827723666,0.923954349155653,-1.1916145416623203,-1.7873596699797272,-0.5020962911583966,0.7659147838809636,0.15725764085083682,0
-0.35297953711749996,-2.116422380050358,0.9811431724595121,-0.5660740688007195,-1.609747925133155,-0.589231271950181,0.7511819054868893,0.502124951864025,0
-0.35297953711749996,-1.8326831151507132,0.9686090623070418,0.04903547410611553,-0.7020399673871305,-1.2271670102756858,0.4497812702287984,2.485687526618511,0
-0.35297953711749996,-2.2365695840264417,-0.4291514617174692,-1.3273863997294744,-1.0177585461836212,-1.1499478901768643,0.47329693649906507,-0.7306146045007282,0
-0.35297953711749996,-1.3959205835520765,0.9374235274091874,-1.196426672327033,-1.4331974777707666,-0.8684666569962246,0.510430720504181,1.0660048094033843,0
-0.35297953711749996,1.6151871242867744,0.6941510728141979,-0.7129994349861837,-0.658233720468639,0.8276342950735733,1.867799565873967,0.32066117820950313,0
-0.35297953711749996,-1.6142914756457132,-1.3869404724908576,-1.4857112133115442,-0.546714504785428,-1.333229692957092,0.4358693075837133,1.7864215770782488,0
-1.4675285352300487,-0.8787382601176822,0.9005341656302901,-0.877931475382591,-0.0719535258975128,-1.691001118424285,0.304399957973274,1.1942767776582588,0
-0.35297953711749996,0.6755160507547224,0.7516243839159339,-0.32502840029473645,-0.132599597297534,-1.584200186248228,0.39987308063508215,0.9880914798593003,0
-0.35297953711749996,1.5403837874987651,0.6984849542151986,-0.8163197139147749,-0.029270812318460737,-1.6348925078746361,0.39130196713682125,1.188724159059516,1
-0.35297953711749996,2.462958274550878,0.6450337502695224,0.45796372620451753,-0.029270812318460737,-1.6348925078746361,0.39130196713682125,1.188724159059516,1
-0.35297953711749996,1.340908222730741,0.7100419712845341,-1.0918404577243517,-1.4331974777707666,-0.8684666569962246,0.510430720504181,1.0660048094033843,0
-0.35297953711749996,2.0092029144831436,-0.7498375194876545,-0.9873383335834662,-2.2200214560564437,-0.44482581603516486,0.5769928395923649,0.799514751311962,0
-0.35297953711749996,2.388154937762869,0.6493676316705231,0.35464344727592645,1.1287710220482756,0.5156439693624182,-1.671161546526343,0.9919754117317394,1
0.34772413987798945,2.6873682849149056,0.63203210606652,0.7679245629902915,0.9415997891101917,0.5092565410922387,-1.659015869673194,-2.663241959079383,1
-0.35297953711749996,-2.0176078136478663,-0.2020441578431703,1.449215967091423,-0.8585191966153247,0.16576759555468135,-0.5118463157046216,-0.0296961279185598,0
-0.35297953711749996,1.7149249066707863,0.6883725642795302,-0.5752390630813952,-0.9987691883618351,-0.7071434115387604,0.926236199609911,1.1056793403340899,1
-0.35297953711749996,1.5902526786907711,0.6955956999478647,-0.7474395279623807,0.07743597162916949,-1.494620981500514,0.6085569900456893,1.1748426125626588,0
0.6194997369052659,-0.3800493481976213,0.8716416229569515,-0.18912961585864901,0.24082146820787242,-1.8105085545793853,0.36741409599511193,0.26821091014750087,1
0.17205023911212614,1.6650560154787803,0.691261818546864,-0.6441192490337894,0.08081397059772621,-1.3036571334999838,0.8343831264528184,0.9603283868655861,1
-0.35297953711749996,1.4235494186348137,0.7082855699059261,0.7081743889911765,-1.4901361984074222,-0.5655932470452649,0.08885610952280149,0.3654323594351591,0
-0.35297953711749996,-1.5774174890093258,0.944745528368068,-0.07966732655566136,-1.125489104209094,-1.5972892677716442,-0.193412684999545,2.326699486908867,0
-0.35297953711749996,-2.281503135878768,0.9946123507130464,-0.5708861994654322,-1.5970515969013774,-0.7988727173928163,0.5236509897976915,0.3861456693642908,0
-0.08431414044195645,2.288417155378857,0.6551461402051908,0.21688307537113805,-0.13950634904846293,1.0506327918507519,-1.7445413781980839,0.9477989231975135,1
-0.35297953711749996,-2.167121938496461,-0.192117336208263,1.2775821922968515,-1.0562246788390741,-1.064198319355384,0.4787894451800379,1.4362649906783944,0
-0.35297953711749996,1.440646005114753,0.7042634627498663,-0.9540800858195633,-1.7399145281100123,-0.7179935882647077,0.5358728724741465,0.4704547545139052,0
-0.35297953711749996,-1.9887308228084009,0.9707246331371514,-0.5623518393067641,-2.455495354775277,-1.4564046774926407,-0.6713366873237283,-0.04267748863241305,0
-0.35297953711749996,0.9497949523107558,0.7357334854455977,0.05381262244343171,-1.1442850137861011,-0.4143551052479569,0.04731136322990892,0.719633504705686,0
-0.3322215707250347,-2.3064375814747713,0.9960569778467133,-0.6053262924416294,-2.023878732691898,-1.3599588228893047,-0.3453691018377808,0.44167185535171943,0
0.34772413987798945,2.438023828954875,0.6464783774031893,0.42352363322832054,0.12265083553999889,0.30563303664997754,-2.489827584863188,2.164261871584187,1
-0.35297953711749996,-1.4900419108883403,0.9418320904638129,0.12645002021717772,-2.0581202529670923,-0.7545053313567766,0.3361616678504155,0.07367049117602043,0
3.141592653589793,1.5902526786907711,0.6955956999478647,-0.7474395279623807,-0.132599597297534,-1.584200186248228,0.39987308063508215,0.9880914798593003,1
-0.35297953711749996,1.7149249066707863,0.6883725642795302,-0.5752390630813952,-1.174543230189991,-1.0252216613040388,0.48794764436083504,0.5673715390633374,0
-0.35297953711749996,-1.4442003037842686,0.9372497825578788,0.09359202143478967,-2.1173548370428117,-1.3033084980744023,-0.3372438520444302,0.6218749490456958,0
-0.35297953711749996,1.0657986539206106,-0.4502168931802386,0.4418549665874455,-0.8912957523577405,-0.5276780725611971,0.026697341832641608,1.5725656409453233,0
-0.35297953711749996,-0.7790004777336699,0.8947556570956223,-0.7401711034778025,-0.792956774084986,-0.026837498751491884,1.8139608579573896,0.9827155304222411,0
-0.35297953711749996,-1.3441565687336579,-1.1514045525009677,-2.5472823762776504,-1.4331974777707666,-0.8684666569962246,0.510430720504181,1.0660048094033843,0
-0.35297953711749996,0.999663843502762,0.7328442311782638,0.12269280839582591,-0.8053687523662038,-1.1764746886492778,0.4583523837270593,2.2850548474182957,0
-2.8496717212869083,-1.6871037256626293,0.95824824586644,0.1539378472285159,-0.7118926480152903,-1.2331250134641802,0.4502271339337087,2.1048517537243194,0
-0.35297953711749996,0.779473463152089,0.7484506418507231,-0.018578776172188838,-1.3056588606080088,-0.9310361394721022,0.4998514035855254,1.3136455270217806,0
-0.35297953711749996,1.8645315802468045,0.6797048014775285,-0.3685985052242126,-0.8862602565289717,0.4041786227282693,2.2739130557450915,0.3594023825390478,0
-0.35297953711749996,-1.6211612611702007,-0.22572459132291922,0.40614893793715856,-1.9514134690194624,-0.6142338049826545,0.5534166907592836,0.05978894467916318,0
-0.35297953711749996,-0.7540660321376669,0.8933110299619554,-0.7057310105016055,0.41176093707040584,-1.4930661684073605,0.06297222946554265,0.23916867232025496,0
-0.35297953711749996,2.1637449273988416,0.6623692758735255,0.0446826104901526,-1.716454709080785,-0.7295027983243031,0.5339268825780212,0.5160064983608821,0
-0.35297953711749996,0.7004504963507256,0.7501797567822669,-0.29058830731853935,-1.2121827562570953,-0.9876864642870046,0.49172615379217477,1.1334424333278044,0
-0.35297953711749996,-1.0155381103050223,0.9162750809555017,0.9149099983357507,-1.5627269154492205,-1.0246150534406788,0.29413704902898485,0.12814696850049423,0
-0.35297953711749996,-1.4707239203400857,0.9417574088101882,-1.2997469512556241,-1.3386465660691305,-0.3190027954135321,0.06343363665694474,0.3422432259372432,0
-0.35297953711749996,-1.5584497666700798,0.9415493705939904,-0.1800236186595487,-2.06275280849857,-0.7215790053104759,0.33760094081588576,1.0920961347635996,0
-0.35297953711749996,-2.156830907898753,0.9873892150447118,-0.3986857345844468,-1.8579373646685489,-0.6708841297975568,0.5452914409659331,-0.12041414901481318,0
-1.8503546701360245,-0.8014303462712903,0.8967666835703674,0.8194973203194185,0.038339871564999184,-1.2667578000762032,0.09543121410551289,0.9590492420320545,0
-0.35297953711749996,-1.3462497784460765,1.0502641306369247,-1.426667991171897,-2.2928751776518785,-1.0631026893798452,-0.1417993825490943,0.10420989346910614,0
-0.35297953711749996,1.61096749427342,0.691546306344741,-0.8816886872039428,-0.029270812318460737,-1.6348925078746361,0.39130196713682125,1.188724159059516,1
-0.24335371123675337,2.064007145014829,0.6681477844081932,-0.09307776141463578,-0.755136934427775,-0.5282197868264508,0.10547410120283826,1.386809928652604,0
-0.35297953711749996,1.6401215698827774,0.692706445680531,-0.6785593420099865,0.08081397059772621,-1.3036571334999838,0.8343831264528184,0.9603283868655861,1
-0.35297953711749996,-1.8267619449693562,0.9591917997047373,-0.4240682563176324,-1.9990797077748947,-0.5582205429499517,0.5584935750838861,1.0608505467258147,0
-0.35297953711749996,-1.3530074786452986,0.9317438841650657,0.23029351023011246,0.4459257853776035,-0.6835156851465775,0.5914207962209396,0.9025443969416813,0
-0.35297953711749996,-0.48725973910138565,1.675339361435797,1.7083990543797267,-2.3065252866320813,-0.08219286376422363,0.9463515116322443,0.6800763013667329,0
-0.35297953711749996,-1.0009059110393146,0.9083237006397027,0.5439765765098417,-1.0531493738275224,0.40668551568696865,-0.3590102258159549,0.4606082145233727,0
-0.35297953711749996,1.3899464466686502,-0.4689970459179087,0.8895761752780078,-0.6443241550667878,-0.5120711684642565,1.3484873275678086,0.8060359999797219,0
-0.35297953711749996,1.7398593522667893,0.6869279371458632,-0.5407989701051981,-0.025892813349903898,-1.4439286598741057,0.6171281035439502,0.9742099333624432,1
-0.35297953711749996,-1.1964450187840523,0.925866510339852,-0.920905928517456,-0.509460079504207,-0.16591883629574866,1.7904448324265971,1.5331788053912279,0
-0.35297953711749996,-1.3530074786452986,0.9317438841650657,0.23029351023011246,-1.5030411411855247,-0.44895974557605883,0.9684369283957576,0.48824340536716776,0
-0.35297953711749996,2.088941590610832,0.6667031572745262,-0.05863766843843882,-1.4331974777707666,-0.8684666569962246,0.510430720504181,1.0660048094033843,0
-0.35297953711749996,-2.3563064726667773,0.9989462321140472,-0.6742064783940236,-1.5148208868508337,-1.5662785387714149,-0.3861010154025484,2.885425081770657,0
-0.35297953711749996,-1.0332028850357313,-0.2686408881414175,0.7262262290754095,-2.0844451349329987,-0.6704377640492494,0.3846895567567916,1.0719557839233003,0
-0.35297953711749996,0.12201571546676773,0.8413278826668156,0.46499711910418795,-1.5681640188229273,-0.5817312567218865,0.7486927820316167,1.5180207361771545,0
-0.35297953711749996,-1.2480818198488992,0.9286120189896934,0.5370019042145507,-2.0473488070377703,-0.5671686526037973,0.5613745184915604,-0.12648793741607867,0
-0.35297953711749996,1.4905148963067592,0.7013742084825325,-0.8851998998671691,-0.029270812318460737,-1.6348925078746361,0.39130196713682125,1.188724159059516,0
-0.35297953711749996,1.5154493419027621,0.6999295813488655,-0.850759806890972,-1.609747925133155,-0.589231271950181,0.7511819054868893,0.502124951864025,0
-0.35297953711749996,-0.9425866783480246,-1.043054207982419,-0.33744766573244994,-2.2142243155548877,-0.9196905877219801,0.03352186621530551,1.0152196832239668,0
-0.35297953711749996,2.014138253822823,0.671037038675527,-0.16195794736703006,-1.4331974777707666,-0.8684666569962246,0.510430720504181,1.0660048094033843,0
-0.35297953711749996,-2.1421874929004576,-0.19356196334193,1.3120222852730483,-2.1074800218226173,-0.9229108702807629,0.11414971515435932,0.19890228034140833,0
-0.35297953711749996,1.465580450710756,0.7028188356161994,-0.9196399928433662,-1.4961661489692617,-0.8375747024123387,0.5156539661640063,0.9437390418267099,0
1.090642671085765,-0.14429562909077873,-1.2545622924922373,-2.554925522673873,-2.5112835706529477,-0.9063211260209201,-0.12197424434773652,1.3436504164816312,0
-1.3036430995512363,1.7377895613820877,0.868098585863505,-0.4393757661487171,0.37268621390016143,1.723936118446538,-0.7017172682355168,0.881167500012599,1
-0.35297953711749996,-1.5782481562634225,-0.23140423456704096,1.832869120494304,-1.4321226704200438,-0.26235247059862965,0.07155888645029529,0.5224463196312195,0
-0.35297953711749996,1.8395971346508015,0.6811494286111955,-0.4030385982004097,1.108763805398815,-1.5055979195010205,0.4554471060740414,-0.7208571483564159,1
-0.35297953711749996,-0.7291315865416639,0.8918664028282886,-0.6712909175254084,-1.2805589409366025,-1.406262138611902,0.0428835235644332,-0.7987455200513758,0
-0.35297953711749996,-1.1505125846153328,0.9169914634417042,0.33733601865265905,-1.2121827562570953,-0.9876864642870046,0.49172615379217477,1.1334424333278044,0
-0.35297953711749996,-2.206699799090759,0.9902784693120457,-0.46756592053684104,-0.5380853762985283,-2.117231986469892,-0.4256960064186166,1.0408413565473575,0
-0.35297953711749996,-0.7854819531939855,0.8967659294503156,0.8876192636025613,-1.476389714924217,-1.1554705816706976,0.15224336693133636,1.3358560014167522,0
-0.35297953711749996,-1.6431914439770823,0.47401511099791127,-0.5883905868680827,-0.632889705539339,-1.3387616370710522,0.44137210049354825,0.016682159462785173,0
-0.35297953711749996,-2.0127150468442645,-1.1129200450224832,-1.949905497606212,-2.176691452621467,-0.47108556215816727,0.5732264534779603,0.7159832357126265,0
-0.35297953711749996,1.0530503625487282,-1.3552045404364184,-2.688588943173061,-1.5833683872331588,-0.4495526814669793,0.8859325917156979,1.6624282736636906,0
-0.35297953711749996,1.7149249066707863,0.6883725642795302,-0.5752390630813952,-1.9514134690194624,-0.6142338049826545,0.5534166907592836,0.05978894467916318,0
-0.35297953711749996,1.5653182330947681,0.6970403270815317,-0.7818796209385778,-1.457800461500009,-0.8862578026321173,0.5114438064346754,0.017373228020835185,0
-0.35297953711749996,-1.1779516072697187,0.9178696912342932,-1.291212591096956,-2.2847645004590693,-1.2319702352940451,-0.32372865066953926,-0.06488796302738442,0
-0.35297953711749996,-1.519450541750476,1.795270859963302,0.4922202018712596,-0.029270812318460737,-1.6348925078746361,0.39130196713682125,1.188724159059516,0
-0.35297953711749996,-1.1126490752039666,0.9187414858420115,0.6083762902990293,-2.1221443233356707,-0.8386682471812499,0.20580865410509466,0.08199941907413477,0
-0.35297953711749996,0.9411264259405955,-0.44299375751190406,0.26965450170646,-1.1054759723094651,-0.8474149379128825,0.7089811767010428,1.119560886830947,0
-0.35297953711749996,1.9012995998021105,2.3098493944269634,0.36327794631674426,-1.4331974777707666,-0.8684666569962246,0.510430720504181,1.0660048094033843,0
-0.35297953711749996,-1.8889930404243889,0.9649461246024837,-0.42459146740197584,-0.029270812318460737,-1.6348925078746361,0.39130196713682125,1.188724159059516,0
-0.23678384981960948,-1.6123466693099557,-0.3295421271668726,1.7710938716920088,-0.5953331834395004,-1.0868954839015639,0.6670362931376664,2.471805980121654,0
-0.35297953711749996,-1.1135436259291993,1.774947214801419,-0.31457830711433804,-2.1648270369147227,-0.8947768577308987,0.11890664494154743,0.08755203767287756,0
-0.35297953711749996,-1.2012121430614355,-0.25626904522607086,2.1809922797502304,-1.1734684228392682,-0.41910747490644384,0.0490758103069493,0.023813049291172672,0
-0.35297953711749996,1.5902526786907711,0.6955956999478647,-0.7474395279623807,-1.6466110456660268,-1.149009709744469,0.07592067468644481,1.0937679023970985,0
-0.35297953711749996,1.9144004714388108,0.6768155472101948,-0.2997183192718184,-1.4318734536715154,-0.8989773968857281,0.5092931634476962,0.0677154927182203,0
-0.35297953711749996,-1.3162027938757133,-1.1560445832886608,-2.681320518688483,-2.2551872891786355,-0.569669462723027,0.3994378106335469,1.3103347048891738,0
-0.35297953711749996,-0.542228263106616,0.8788889422622075,-0.49856724156007937,-1.4331974777707666,-0.8684666569962246,0.510430720504181,1.0660048094033843,0
-0.35297953711749996,-1.3709861379560735,0.9359789002755204,-1.161986579350836,-1.7399145281100123,-0.7179935882647077,0.5358728724741465,0.4704547545139052,0
-0.35297953711749996,-1.6426679137263,0.9536952569198405,0.08828769774702533,0.5632505694086976,-1.246475716775628,0.0375497565996859,0.2159795388223389,0
-0.35297953711749996,-2.4818093679008895,-0.16998039515272712,1.0661295037749563,-0.8912957523577405,-0.5276780725611971,0.026697341832641608,1.5725656409453233,0
-0.35297953711749996,1.315973777134738,0.7114865984182009,-1.1262805507005487,-1.4961661489692617,-0.8375747024123387,0.5156539661640063,0.9437390418267099,0
-0.35297953711749996,1.6728938745948443,0.6938392985692569,1.0525753187531475,-1.4318734536715154,-0.8989773968857281,0.5092931634476962,0.0677154927182203,0
-0.35297953711749996,-2.206699799090759,0.9902784693120457,-0.46756592053684104,-1.690527701252291,-0.7422223925779139,0.5317762395910421,0.5663487630582671,0
-1.7479262728367668,1.9393349170348138,0.6753709200765278,-0.2652782262956213,-1.2912359041334875,-0.4479206022739931,1.0422704971853762,1.7462272886999508,0
-1.3785438650763184,-2.3563064726667773,0.9989462321140472,-0.6742064783940236,-2.8333274977050333,-1.309399089327171,-0.7291064080753573,0.6089756969309338,0
-0.35297953711749996,1.4905148963067592,0.7013742084825325,-0.8851998998671691,-1.3397213734198532,-0.925116981811127,0.5023054707108304,0.8858017157094078,0
-0.35297953711749996,0.9248605067147528,0.7371781125792646,0.019372529467234556,-1.9940961825985144,-0.6703424155323033,0.4665146815957364,0.06534156327790608,0
-0.35297953711749996,2.56269605693489,0.6392552417348547,0.5957240981093059,-1.9032168507147373,-1.716556687167186,-0.7167767247041361,1.3913821874041807,0
-0.35297953711749996,-0.9657327573663999,0.4301033279298788,-1.4551808568154683,-1.2121827562570953,-0.9876864642870046,0.49172615379217477,1.1334424333278044,0
-0.35297953711749996,-0.7790004777336699,0.8947556570956223,-0.7401711034778025,0.34752825215550254,-1.6702370282052632,0.58466911890398,0.2543293636506436,1
-0.35297953711749996,-2.805957160648929,-0.15120024241505714,0.618408295084394,-1.8887938942402158,-1.233441149969077,-0.17435763110428493,1.8239639490823512,0
-0.35297953711749996,-2.4164663944564913,-0.1776710648715938,0.9331812625348805,-1.285080662639057,-0.5669011408945319,0.20695020540828377,0.08522318417639096,0
-0.35297953711749996,1.5902526786907711,0.6955956999478647,-0.7474395279623807,-0.46191065046075674,-0.45999863467041596,0.35182230234348455,1.051721896210305,1
-1.5360275259239273,1.6151871242867744,0.6941510728141979,-0.7129994349861837,-1.2197839098755063,-0.5879236042479804,0.9449407663219173,1.0382417164096698,1
-0.35297953711749996,1.2910393315387347,0.7129312255518679,-1.160720643676746,-2.242446562874778,-0.6361754700064248,0.352411776681795,0.6509182071151787,0
-0.35297953711749996,-1.3709861379560735,0.9359789002755204,-1.161986579350836,-0.8302719861168548,-0.8566852431750092,0.9099576253037804,-0.8087199621918277,0
-0.35297953711749996,2.088941590610832,0.6667031572745262,-0.05863766843843882,0.9519792646179177,1.3728609456624903,-0.7520713215341432,-0.23559277385241983,1
-0.35297953711749996,2.014138253822823,0.671037038675527,-0.16195794736703006,-1.1054759723094651,-0.8474149379128825,0.7089811767010428,1.119560886830947,1
-0.35297953711749996,-1.1006436934233268,0.9141022091743705,0.40621620460505325,-1.7972344851999211,-0.882493918952036,0.31452121668217403,0.5802303095551242,0
-0.35297953711749996,2.014138253822823,0.671037038675527,-0.16195794736703006,-0.627088793690619,-0.3598939551775043,0.36618012869348,1.3701520728563756,0
-0.35297953711749996,-1.8774615034154591,-0.21406870896303787,1.4195880047799387,-1.5328189119864741,-0.6217018575949137,0.001954100359254196,0.370984978033902,0
-0.35297953711749996,-1.5494637141513814,0.9401054975803751,-0.21370546896649442,-1.3386465660691305,-0.3190027954135321,0.06343363665694474,0.3422432259372432,0
0.17205023911212614,2.064007145014829,0.6681477844081932,-0.09307776141463578,-0.501857079088587,-1.143545808716466,0.6589110433443159,2.291602886427678,1
-0.35297953711749996,-1.7673401417063153,0.960918392588175,-0.08391276713396018,-1.8579373646685489,-0.6708841297975568,0.5452914409659331,-0.12041414901481318,0
-0.35297953711749996,-1.1784663594732774,0.9216314942293973,0.4713741610634923,-2.234038467713572,-0.4429515496083031,0.5779833832651484,0.6046329930440957,0
-0.35297953711749996,-1.0283449336937005,0.9092019284322916,-1.0845720332397735,0.08081397059772621,-1.3036571334999838,0.8343831264528184,0.9603283868655861,0
-0.35297953711749996,-1.6895174756563645,0.9533891075331483,-0.1490707235923991,-1.6478449876732388,-0.6861137820282651,0.6186782487545894,0.5607961444595242,0
-0.35297953711749996,-1.1006436934233268,0.9141022091743705,0.40621620460505325,-2.426110678819306,-0.6954402970817228,0.1869243420291858,0.6296197767384386,0
0.41723187582851706,1.5731560922108319,0.6996178071039245,0.9148149468483591,-1.5118879920496797,-0.2945379159194036,0.1297593826030223,0.4317135501843606,0
-0.35297953711749996,1.2240738538667895,0.7198425869752615,0.43265364518159977,-2.1173548370428117,-1.3033084980744023,-0.3372438520444302,0.6218749490456958,1
-0.35297953711749996,1.5653182330947681,0.6970403270815317,-0.7818796209385778,-1.082569692775458,-0.47341044810487476,1.15929378509726,0.7218913086421621,0
-0.35297953711749996,1.6650560154787803,0.691261818546864,-0.6441192490337894,-1.1304041237928169,0.12560074867347104,-0.7147435122634944,0.3026155952243678,0
-0.35297953711749996,-1.6396485844643585,0.9504998532658144,-0.08019053764000489,-1.174543230189991,-1.0252216613040388,0.48794764436083504,0.5673715390633374,0
-0.35297953711749996,-2.3064375814747713,0.9960569778467133,-0.6053262924416294,-1.5323031080999856,-1.408501043409371,-0.16003891493442957,1.1750870728183758,0
-0.35297953711749996,1.340908222730741,0.7100419712845341,-1.0918404577243517,-0.9128942376293327,-0.3640308763146386,1.3713255623463028,0.8302755297219792,0
-0.35297953711749996,-1.4152385741003313,0.9374982090628121,0.22977029914576896,-1.690527701252291,-0.7422223925779139,0.5317762395910421,0.5663487630582671,0
-0.35297953711749996,-2.4438947870156893,-1.269056359383693,-2.1044383706753402,-1.3056588606080088,-0.9310361394721022,0.4998514035855254,1.3136455270217806,0
-0.35297953711749996,-1.827592612223453,-0.21695796323037164,1.488468190732333,-0.08760813436054715,-1.3848733170171879,-0.4948543183234009,0.9719521294259672,0
-0.35297953711749996,-2.756088269456923,-0.15408949668239103,0.6872884810367881,-1.706239117783932,-0.3312857341923948,-0.1321809350836819,-0.15043504594500356,0
-0.2445418776632581,2.039072699418826,0.6695924115418601,-0.12751785439083296,-1.8940664539273575,-0.6423678175325187,0.5486597609720955,0.17113918734769396,1
-0.35297953711749996,-1.4746603773633722,0.9357716161793743,-0.1103851900379032,-1.5970515969013774,-0.7988727173928163,0.5236509897976915,0.3861456693642908,0
-0.35297953711749996,0.13402109724740757,0.8366886059991745,0.26283703341021214,-0.365805725101504,-1.0684870222453777,0.12895505530380538,0.17432295436117917,0
-0.35297953711749996,-2.3064375814747713,0.9960569778467133,-0.6053262924416294,-1.732485996398529,-1.4921222449685907,-0.36916868804994707,1.3691717130092094,0
-0.35297953711749996,2.1637449273988416,0.6623692758735255,0.0446826104901526,-1.6229786047298713,-0.7861531231392055,0.5258016327846707,0.3358034046669057,0
-0.35297953711749996,-0.5860063884259612,0.8852089123809802,1.163140007412138,-1.3402308969942514,-1.1560122959359511,0.23102012630153307,1.1501002891240328,0
-0.35297953711749996,-2.0665534888583514,0.9782539181921781,-0.49719388284832533,-1.412365644555639,-1.0713076658462244,0.28259638067665727,1.3275270735186377,0
-0.35297953711749996,1.1037132348058103,-1.5492928574112046,-2.7287129078628505,-1.3397213734198532,-0.925116981811127,0.5023054707108304,0.8858017157094078,0
-0.35297953711749996,2.014138253822823,0.671037038675527,-0.16195794736703006,-1.716454709080785,-0.7295027983243031,0.5339268825780212,0.5160064983608821,0
-0.35297953711749996,-1.09670723640004,0.9200880018051842,-0.7831455566126677,-0.8912957523577405,-0.5276780725611971,0.026697341832641608,1.5725656409453233,0
-0.35297953711749996,1.5653182330947681,0.6970403270815317,-0.7818796209385778,0.7126400669353798,-1.050095579851857,0.3417067886721013,0.19654537372673886,0
-0.35297953711749996,1.6953948090216167,1.4811095477318583,-0.405333840942927,-1.6229786047298713,-0.7861531231392055,0.5258016327846707,0.3358034046669057,0
-0.35297953711749996,0.6505816051587194,0.7530690110496008,-0.35946849327093355,-0.7118926480152903,-1.2331250134641802,0.4502271339337087,2.1048517537243194,1
-0.35297953711749996,2.064007145014829,0.6681477844081932,-0.09307776141463578,0.5232497647253933,0.2105576057974663,0.2763160043645661,0.1665669101891668,1
-0.35297953711749996,2.512827165742884,0.6421444960021885,0.5268439121569117,-0.4872441109235146,-1.0006331891194062,-0.18171249234454445,2.280624775091847,0
-1.620530953695815,-1.26979629211223,-0.3520263600178879,0.5574084718505681,-1.1160382446817936,-1.0348542356333548,0.4837509751320012,1.320125466053444,0
-0.35297953711749996,1.6650560154787803,0.691261818546864,-0.6441192490337894,0.3441502531869456,-1.8612008762057934,0.3588429824968511,0.4688435893477163,1
-0.35297953711749996,-1.94530905391824,-0.20694443858524925,-0.04157227075340378,-1.690527701252291,-0.7422223925779139,0.5317762395910421,0.5663487630582671,0
-0.35297953711749996,-1.0034104880976973,0.9077573012986246,-1.0501319402635763,-1.0711512908573082,-1.073157273960745,0.4794672359323362,0.8615621859671505,0
-0.35297953711749996,-2.156830907898753,0.9873892150447118,-0.3986857345844468,-1.5970515969013774,-0.7988727173928163,0.5236509897976915,0.3861456693642908,0
-0.35297953711749996,2.014138253822823,0.671037038675527,-0.16195794736703006,-1.4331974777707666,-0.8684666569962246,0.510430720504181,1.0660048094033843,0
-1.8990081588531722,2.31335160097486,0.6537015130715239,0.25132316834733515,0.5177235971159142,1.5859034968698849,-0.7160498526455221,-1.0787835463602953,1
-0.35297953711749996,-0.9334651026517191,-0.27441939667608517,0.8639866009801977,-1.6229786047298713,-0.7861531231392055,0.5258016327846707,0.3358034046669057,0
-0.35297953711749996,-1.1917314531965775,0.9237124923676663,-1.021908276913419,-1.2889953406743557,-0.13609829612538482,1.404017504645518,1.5553226717808881,0
-0.35297953711749996,1.5653182330947681,0.6970403270815317,-0.7818796209385778,-1.3493133475539603,-0.7440720006924346,0.7286470948467211,0.10038387550677974,1
-0.35297953711749996,-0.5795249129656456,0.883198640026287,-0.46465035966822577,0.5440834447377301,-0.5701475154342267,-0.6298375120154964,1.0913125384227358,1
-0.35297953711749996,-1.225315921403342,0.9213253448427051,0.23401573972406775,-1.4261121280388442,-0.4814303312207916,0.21920912326812234,0.3571034315370448,0
-0.25411710121803166,1.4520014920847766,-1.3783185745750894,-2.137547455553908,-2.1074800218226173,-0.9229108702807629,0.11414971515435932,0.19890228034140833,0
-1.634614858324463,1.98920380822682,0.672481665809194,-0.1963980403432271,-1.1747924469385196,-0.38859673501694036,0.050213367363434125,1.0221023659763366,0
-0.35297953711749996,-0.4764109788373053,0.8759989338748219,-0.36156511232454225,0.06742890624662179,-1.3241394742985642,0.09153454071187184,-0.42941809072566994,0
-0.35297953711749996,1.3650120010726472,-0.4675524187842419,0.8551360823018106,0.82444064745516,1.4354304281383676,-0.7414920046154878,-0.4832334914708163,0
-0.35297953711749996,-0.8787382601176822,0.9005341656302901,-0.877931475382591,-1.3264906938231364,-0.7281951306221025,0.7276857434130491,1.052123262906527,0
-0.35297953711749996,-2.5919524156947857,-0.16670915458640523,0.7587229362812618,-1.6390098920476157,-1.5487725697834929,-0.3772939378432977,1.188968619315233,0
-0.35297953711749996,1.6401215698827774,0.692706445680531,-0.6785593420099865,-1.7095797168645217,-1.1181177551605828,0.08114392034627016,0.9715021348204242,0
-0.09794310827539326,1.9393349170348138,0.6753709200765278,-0.2652782262956213,-1.4884281730204523,-0.30604712597899897,0.12781339270689712,0.4772652940313374,1
-1.570597110012427,1.8146626890547986,0.6825940557448624,-0.43747869117660687,1.1512379044315422,-1.5424972529248009,1.1943990184213469,-0.7195780035228843,1
-0.35297953711749996,2.1388104818028384,0.6638139030071923,0.010242517513955385,1.6750867870473773,-1.0282811471628168,2.055396225015567,-0.5623128116218583,1
-0.35297953711749996,-1.4707239203400857,0.9417574088101882,-1.2997469512556241,-1.4331974777707666,-0.8684666569962246,0.510430720504181,1.0660048094033843,0
-0.35297953711749996,2.088941590610832,0.6667031572745262,-0.05863766843843882,-1.9346817631870061,0.01209999089684577,0.11420637623710439,0.4817839745227432,0
-0.35297953711749996,2.113876036206835,0.6652585301408593,-0.024197575462241577,0.06579654165398785,1.5000433905131962,-1.1281020642599024,1.0891336867002896,1
-0.35297953711749996,-1.146576127592046,0.9229772560725181,-0.8520257425650618,-1.7332104148313432,-0.7983310031275628,0.4448742304274949,0.57190138165701,0
-0.35297953711749996,2.064007145014829,0.6681477844081932,-0.09307776141463578,-1.553551050657855,-0.4388186371248266,-0.09193075365724362,1.5070426248413242,0
-0.35297953711749996,1.7897282434587956,0.6840386828785293,-0.47191878415280386,-0.4433857198063549,-1.3839220145835,0.4272981940854524,1.9870542562784643,0
-0.35297953711749996,-0.9036727057136853,0.901978792763957,-0.9123715683587881,0.01341190126059133,-1.5787838973249873,0.47820397630036854,1.183171540460773,0
-0.35297953711749996,2.1886793729948444,0.6609246487398586,0.0791227034663497,-1.7248324303285458,-0.6989936264981205,0.535530389858193,1.3845615558860216,1
-0.35297953711749996,0.774423165884638,-0.43030388755384275,1.7252684186600171,-1.4263207425851694,-0.574438275194221,0.8712590264518805,0.36393519496931925,1
-0.35297953711749996,2.263482709782854,0.6565907673388578,0.182442982394941,0.07743597162916949,-1.494620981500514,0.6085569900456893,1.1748426125626588,1
-0.35297953711749996,1.5146186746486654,-0.47622018158624346,1.0617766401589932,-0.9037598763008401,0.6030656526107399,-0.05485319374353942,0.4411740494277726,1
-0.35297953711749996,-1.250250366999345,0.922769971976372,0.19957564674787065,-0.546714504785428,-1.333229692957092,0.4358693075837133,1.7864215770782488,0
3.141592653589793,1.6899904610747833,0.6898171914131971,-0.6096791560575923,1.1658508725966144,-1.399584633327741,0.35377548273248643,-0.7305561148587147,1
-0.35297953711749996,-1.1285974682812712,0.9187422399620634,0.5402543470158864,-0.608563863036217,-1.2838173350905882,0.4416560204354478,2.305484432924535,0
-0.21641029021218988,1.5232872010188256,0.7025070613712584,0.8459347608959649,-2.4901347491878845,-0.779603212906196,0.05657132828386502,0.637948704636553,0
-0.35297953711749996,-1.6716296434102371,0.9534468304149072,-0.04789057996395407,-1.690527701252291,-0.7422223925779139,0.5317762395910421,0.5663487630582671,0
-0.1997060680983879,2.1886793729948444,0.6609246487398586,0.0791227034663497,-0.37746090957533074,-1.9689030779495915,-1.1879886464421907,1.224943305813,1
-0.35297953711749996,-2.027445114331263,0.9780120614041916,-0.32748761809942417,-1.0362255286100355,-1.2471761362255642,0.2955891304549113,1.0128005266048592,0
-0.35297953711749996,1.7897282434587956,0.6840386828785293,-0.47191878415280386,0.7126400669353798,-1.050095579851857,0.3417067886721013,0.19654537372673886,0
-0.35297953711749996,-1.0661563357562887,0.9172734291914751,0.7119316008125283,-0.5953331834395004,-1.0868954839015639,0.6670362931376664,2.471805980121654,0
-0.35297953711749996,1.5268048288727858,-1.38265245597609,-2.0342271766253166,-2.060816291888613,-0.5235140549340578,0.5637667070314745,1.0890886931691832,0
-0.35297953711749996,2.113876036206835,0.6652585301408593,-0.024197575462241577,-0.029270812318460737,-1.6348925078746361,0.39130196713682125,1.188724159059516,0
-0.35297953711749996,-1.0258403566353176,0.9097683277733697,0.5095364835336444,-1.6265036308837129,-0.6580594767534407,0.662129253336363,0.5580198351601529,0
-0.35297953711749996,-2.055198001888328,-1.1043281191327774,-1.6806612525826699,-2.2723152327980625,-0.4197542716520045,0.5813105253166115,0.6784228833344411,0
-1.618610421246454,1.7897282434587956,0.6840386828785293,-0.47191878415280386,-0.025892813349903898,-1.4439286598741057,0.6171281035439502,0.9742099333624432,1
-1.570597110012427,1.5653182330947681,0.6970403270815317,-0.7818796209385778,-0.632889705539339,-1.3387616370710522,0.44137210049354825,0.016682159462785173,1
-0.35297953711749996,1.41571155951875,0.7057080898835333,-0.9885201787957604,-1.0922452927127486,-0.650493086723858,0.9343614494032616,1.2858824340280663,0
-0.35297953711749996,-0.7540660321376669,0.8933110299619554,-0.7057310105016055,-1.3891907400924632,-0.8428687863360792,0.5961951726112433,0.06216287411947741,1
-0.35297953711749996,-1.6783628759872204,0.9577872815328545,0.15467368356733519,-1.690527701252291,-0.7422223925779139,0.5317762395910421,0.5663487630582671,0
-0.35297953711749996,0.8001882787347376,0.7444012482475992,-0.15282793541375095,-1.7733351623039315,-1.3478462812829188,-0.18592290986068172,0.11213644150816326,0
0.17205023911212614,1.8146626890547986,0.6825940557448624,-0.43747869117660687,-0.3501588322039699,-0.803947413111304,-0.018561332705299027,2.2615819894974876,1
-0.35297953711749996,1.8645315802468045,0.6797048014775285,-0.3685985052242126,-1.2121827562570953,-0.9876864642870046,0.49172615379217477,1.1334424333278044,1
-0.35297953711749996,1.9393349170348138,0.6753709200765278,-0.2652782262956213,-1.4331974777707666,-0.8684666569962246,0.510430720504181,1.0660048094033843,1
-0.35297953711749996,1.6401215698827774,0.692706445680531,-0.6785593420099865,-1.233014589472223,-0.7848454554370049,0.7195604936196984,0.8719201692125507,0
-0.35297953711749996,-1.1110255510856817,-0.2611116030863907,0.7913841855338484,0.7092620679668229,-1.241059427852387,0.11588065226497227,0.41105959942381154,1
-0.35297953711749996,-0.9316264805716299,0.9066188235516499,-0.778333425947955,-1.7787911476633713,-0.6662924470379873,0.5402206586698711,1.4885830901916424,0
-1.3708617352788743,-1.0782138248857065,0.9120911826996254,-1.1534522191921677,-1.1349280062918006,-0.7066016972735069,0.8474594402397143,1.291435052626809,0
-0.35297953711749996,-2.007224234322735,0.9787214522427102,-0.19204517672726412,-1.4321226704200438,-0.26235247059862965,0.07155888645029529,0.5224463196312195,0
-0.35297953711749996,-1.0283449336937005,0.9092019284322916,-1.0845720332397735,-0.685194590967273,0.22848889803098937,2.166792140271404,0.8382392884505954,0
-0.35297953711749996,-1.4126930896100998,-0.24007275148909424,2.1076316216346296,-1.9514134690194624,-0.6142338049826545,0.5534166907592836,0.05978894467916318,0
-0.35297953711749996,-2.2917941664764756,-0.18489420053992844,1.1053817274158662,-1.5970515969013774,-0.7988727173928163,0.5236509897976915,0.3861456693642908,0
-0.35297953711749996,-2.0166845976663454,0.9753646639248443,-0.42831369689593113,-1.5970515969013774,-0.7988727173928163,0.5236509897976915,0.3861456693642908,0
-0.35297953711749996,-0.5142744882486716,0.8742489114745146,-0.6326053839709125,-1.465545788036744,0.1431370889206589,1.6447686896282265,0.9914428142415287,0
-0.35297953711749996,1.8146626890547986,0.6825940557448624,-0.43747869117660687,0.9175045102431365,-0.796455883765384,-0.6622964966554667,0.3714319687109362,1
-1.570597110012427,2.2136138185908476,0.6594800216061916,0.11356279644254674,-1.0562246788390741,-1.064198319355384,0.4787894451800379,1.4362649906783944,1
-0.35297953711749996,1.7647937978627926,0.6854833100121963,-0.506358877129001,-0.31907229899029455,1.6888571374073846,-1.096177228254386,0.34183692273677624,1
-1.4233562888947437,1.8395971346508015,0.6811494286111955,-0.4030385982004097,-1.772571937510445,-0.5586669086982592,0.7190954592930277,-0.13151938621229886,0
-0.35297953711749996,-2.1318964623027497,0.9859445879110449,-0.3642456416082497,-1.0177585461836212,-1.1499478901768643,0.47329693649906507,-0.7306146045007282,1
-0.35297953711749996,-2.6812849326689134,-0.15842337808339169,0.7906087599653795,-1.8391927803461594,-1.6323937713427128,-0.5864237109588152,1.3830532595060665,0
-0.23678384981960948,-1.059760854750019,0.9126568279206517,0.5087782408643933,-0.7118926480152903,-1.2331250134641802,0.4502271339337087,2.1048517537243194,0
-0.35297953711749996,1.585219099711524,-1.3183713503047396,-1.9145697772399732,-1.524586333228942,-0.053147699486165934,1.4224367823947561,0.004262758691734536,0
-0.35297953711749996,-1.0537941314932622,0.9144083585610626,0.6435746259444776,0.06579654165398785,1.5000433905131962,-1.1281020642599024,1.0891336867002896,1
-0.35297953711749996,-1.668547261388576,0.9559894044030275,0.1204699293505892,-1.9514134690194624,-0.6142338049826545,0.5534166907592836,0.05978894467916318,0
-0.35297953711749996,-2.2565686902827653,0.9931677235793794,-0.5364461064892352,-1.9303194671640218,-1.0368979922195414,0.09852247728835825,-0.36453130338175255,0
-0.35297953711749996,1.7647937978627926,0.6854833100121963,-0.506358877129001,-1.7387048614485845,-1.146368616521531,-0.9819578839112837,1.0966713375581252,0
-0.35297953711749996,1.3736805274428074,0.71117482417326,0.6392942030387823,-0.6443374806782147,-1.3762562585080214,0.4408379518590949,-1.4504951742125276,1
-0.35297953711749996,-1.146576127592046,0.9229772560725181,-0.8520257425650618,-0.132599597297534,-1.584200186248228,0.39987308063508215,0.9880914798593003,0
-0.35297953711749996,2.31335160097486,0.6537015130715239,0.25132316834733515,-0.8053687523662038,-1.1764746886492778,0.4583523837270593,2.2850548474182957,1
-0.35297953711749996,-1.9708429905622742,0.9707823560189103,-0.46117169567831934,-2.234038467713572,-0.4429515496083031,0.5779833832651484,0.6046329930440957,0
-0.35297953711749996,1.5154493419027621,0.6999295813488655,-0.850759806890972,-1.6229786047298713,-0.7861531231392055,0.5258016327846707,0.3358034046669057,0
-0.23678384981960948,-0.8787382601176822,0.9005341656302901,-0.877931475382591,-0.10991805817351707,-0.8248433029209141,1.302417013468847,0.14783900620099633,0
-0.35297953711749996,-1.0034104880976973,0.9077573012986246,-1.0501319402635763,-2.2928751776518785,-1.0631026893798452,-0.1417993825490943,0.10420989346910614,0
-1.4675285352300487,-1.4651074652923373,0.9403874633301459,0.16089011319337493,-0.132599597297534,-1.584200186248228,0.39987308063508215,0.9880914798593003,0
-0.35297953711749996,-1.046838345208034,0.9171987475378505,-0.7142653706602734,0.2908495395244295,-1.2140779287522698,1.0430670358634255,1.1470795195689443,0
-0.35297953711749996,1.5853410270172905,0.8134795754151215,-0.945558684363676,-0.4977970338011174,-0.008412281520335574,-0.5416722432199815,0.7641505653303704,0
-0.35297953711749996,-1.5524830434133228,0.9433009012344011,-0.045227233579464315,0.18238126871823712,0.6019603495362442,1.980078674461578,2.869632761481556,0
-0.35297953711749996,-2.3064375814747713,0.9960569778467133,-0.6053262924416294,-1.6390098920476157,-1.5487725697834929,-0.3772939378432977,1.188968619315233,0
-0.35297953711749996,-1.7424982448377364,0.9582147066216025,-0.08447945722037409,-1.412365644555639,-1.0713076658462244,0.28259638067665727,1.3275270735186377,0
-0.35297953711749996,1.265274218688635,-0.46177391024957415,0.7173757103970223,-0.04989587778447224,-0.7611794426695139,0.6454055803331256,0.2571467673936726,0
-0.35297953711749996,-0.5434358677004982,0.8861521868923262,-0.1264658595322945,-1.7972344851999211,-0.882493918952036,0.31452121668217403,0.5802303095551242,0
-0.35297953711749996,2.1388104818028384,0.6638139030071923,0.010242517513955385,-1.3397213734198532,-0.925116981811127,0.5023054707108304,0.8858017157094078,1
-0.35297953711749996,-1.5026141522213168,0.9404116469670672,0.023652952372929914,-1.0470046130272332,-1.0877911437799164,0.4773683274421794,0.8150122566817338,0
-0.35297953711749996,1.6151871242867744,0.6941510728141979,-0.7129994349861837,-0.132599597297534,-1.584200186248228,0.39987308063508215,0.9880914798593003,1
-0.35297953711749996,-1.9139274860203919,0.9663907517361506,-0.45903156037817305,-0.6051858640676602,-1.0928534870900581,0.6674821568425768,2.0909702072274623,0
-0.35297953711749996,-1.0782138248857065,0.9120911826996254,-1.1534522191921677,-0.23201449531001317,-0.11172969620886841,-0.5627870954252585,2.187643226781516,0
-0.35297953711749996,1.3986149730388107,0.7097301970395931,0.6737342960149794,-1.7997152221348456,-0.2746354093774923,-0.12405568529033129,0.029768047748972903,0
-0.35297953711749996,-2.3064375814747713,0.9960569778467133,-0.6053262924416294,-2.014055250819685,-0.7524059523990924,-0.6429401313771163,-0.10918178595567207,0
-0.35297953711749996,-0.8293841211292345,0.9014067143580602,0.9535354627302517,-0.608563863036217,-1.2838173350905882,0.4416560204354478,2.305484432924535,0
-0.35297953711749996,-0.134732176325525,0.8555022979816821,0.05353312916853964,-1.4913346666557854,-0.27158411710048513,0.12919152083933155,1.5789296045955714,0
-0.35297953711749996,1.165536436304623,-0.4559954017149064,0.5796153384922339,-1.8940664539273575,-0.6423678175325187,0.5486597609720955,0.17113918734769396,0
-0.35297953711749996,-0.38960226026865635,0.8670257758061799,-0.460404919089927,0.8966708302307997,-0.01575076253369112,0.24385701972459586,-0.5533136595226329,1
-0.35297953711749996,-2.236545896360243,1.1096069719129693,-0.7001251699143334,-1.2246467837973474,-1.1454145028725882,-0.8504479995961813,1.4478887332387758,0
-0.17202877957510088,1.7149249066707863,0.6883725642795302,-0.5752390630813952,-0.8043449782883609,-0.86940483742862,0.9078069823168012,-0.7583776974944427,1
-0.3003507536376133,-1.4278108154333078,0.9360777655660665,0.12697323130152127,0.515089722049479,-1.5437584900337686,0.05440111596728181,0.4398013515204704,0
-0.17202877957510088,1.4398153378606564,-0.4718863001852427,0.9584563612304018,-1.9766914261976423,-0.5687955250274785,0.5566505297973169,1.1180147625799992,1
-0.2330446201832563,2.413089383358872,0.6479230045368563,0.38908354025212344,-0.8704620723454037,-1.30838319379289,-0.879456174547421,2.4973112691788923,0
-1.7479262728367668,0.8999260611187498,0.7386227397129316,-0.015067563508962545,-2.109445982156408,-1.0800584636144874,-1.0868687456866393,0.5094502105667608,0
-0.35297953711749996,1.5403837874987651,0.6984849542151986,-0.8163197139147749,-1.4331974777707666,-0.8684666569962246,0.510430720504181,1.0660048094033843,0
-0.35297953711749996,-0.20550822902559995,0.861529233021283,0.05195103497473069,-2.193086794019253,-0.4677699310824385,0.5744237293778512,0.5256864179497908,0
-0.35297953711749996,1.390777113922747,0.7071527170172002,-1.0229602717719575,-1.2174751605175715,-0.4447053455665892,-0.03668864180011311,1.0276549845750793,0
-0.35297953711749996,2.088941590610832,0.6667031572745262,-0.05863766843843882,-1.1771011962964544,-0.5318149936983316,1.0318427754854644,1.0326890978109269,1
-0.35297953711749996,-0.47978713058163336,0.8774201314916192,-0.32688998776343736,0.18414275557679938,-1.3543494551263917,0.8258120129545575,1.1609610660658016,0
-0.35297953711749996,1.6151871242867744,0.6941510728141979,-0.7129994349861837,-1.716454709080785,-0.7295027983243031,0.5339268825780212,0.5160064983608821,0
-0.35297953711749996,-1.7643208124443737,0.9577229889341491,-0.2523910025209903,-1.716454709080785,-0.7295027983243031,0.5339268825780212,0.5160064983608821,0
-0.35297953711749996,2.039072699418826,0.6695924115418601,-0.12751785439083296,-2.122915772097734,0.12617746363760807,0.13056829410503162,0.8446612144298986,0
-0.35297953711749996,1.315973777134738,0.7114865984182009,-1.1262805507005487,-1.964644148616179,-0.811155656171679,0.32803641805706496,-0.10653260251795593,0
-0.35297953711749996,-0.4893400426526685,0.8728042843408477,-0.5981652909947153,-0.6512465766152691,-1.3399259456402373,0.35475401127190054,2.311037051523278,0
-0.35297953711749996,1.5403837874987651,0.6984849542151986,-0.8163197139147749,-1.716454709080785,-0.7295027983243031,0.5339268825780212,0.5160064983608821,0
0.6194997369052659,-1.4291555275271732,-0.33582274244391286,0.721810412911705,-1.2624666234545585,-0.6440322147976293,0.85803875715837,1.0437943350084127,1
-0.35297953711749996,2.064007145014829,0.6681477844081932,-0.09307776141463578,0.20312941288250297,-0.2102569733249,-0.3754490643620383,0.20821154967973832,1
-0.35297953711749996,-1.5275485978173198,0.9418562741007341,-0.010787140603267131,-0.7020399673871305,-1.2271670102756858,0.4497812702287984,2.485687526618511,0
-0.35297953711749996,-1.2059053821276633,0.922509722021986,-1.157174448686123,-1.3858375493695831,0.29706243753046047,1.8642773001336297,0.9388314750544944,0
-0.35297953711749996,-2.6812849326689134,-0.15842337808339169,0.7906087599653795,-1.3056588606080088,-0.9310361394721022,0.4998514035855254,1.3136455270217806,0
-0.35297953711749996,1.5403837874987651,0.6984849542151986,-0.8163197139147749,-1.3397213734198532,-0.925116981811127,0.5023054707108304,0.8858017157094078,0
-0.35297953711749996,-0.1596666219215281,0.856946925115349,0.019093036192342594,-0.15504555795275554,1.993628994468835,-0.6575705495535451,0.21817982119870005,1
-0.17202877957510088,1.9144004714388108,0.6768155472101948,-0.2997183192718184,-0.7545753615943422,-1.2892336240138291,0.36332512477016143,2.110404372323062,1
0.17205023911212614,1.1492705170787803,0.7241764683762623,0.32933336625300846,0.6507016611501286,-2.3748878003543887,-0.030251994909566815,-0.42904996525202943,1
-0.35297953711749996,-2.3064375814747713,0.9960569778467133,-0.6053262924416294,-2.0106480530951814,-1.1630369717002802,-0.11998882913556219,0.6079934025488386,0
-0.35297953711749996,1.7647937978627926,0.6854833100121963,-0.506358877129001,-0.546714504785428,-1.333229692957092,0.4358693075837133,1.7864215770782488,0
-0.35297953711749996,-0.6293938041576517,0.8860878942936208,-0.53353054562062,-1.8940664539273575,-0.6423678175325187,0.5486597609720955,0.17113918734769396,0
-0.35297953711749996,-1.7643208124443737,0.9577229889341491,-0.2523910025209903,-1.690527701252291,-0.7422223925779139,0.5317762395910421,0.5663487630582671,0
-0.35297953711749996,-1.5743981597473844,0.9415501247140421,-0.2481455619426915,-2.271533820862353,-1.0350483841050209,-0.09834837796732065,0.1014335841697348,0
-0.35297953711749996,1.2362351010070494,-0.7050540783439798,-2.0549812158455767,-1.4913346666557854,-0.27158411710048513,0.12919152083933155,1.5789296045955714,0
-0.35297953711749996,0.5500131555206106,-0.41730224335084043,1.4153075818742435,-1.5195882323897576,-0.42478000640588914,0.2273343730614729,0.5373065252310212,0
-0.35297953711749996,-1.4707239203400857,0.9417574088101882,-1.2997469512556241,-1.6257792124508992,-1.3518507185944686,-0.15191366514107896,1.355290166512352,0
-1.5360275259239273,1.2490082994627925,0.7183979598415946,0.46709373815779687,-0.95110931820046,-0.4983339888391681,0.031658871784604914,1.4564261163203727,1
-0.35297953711749996,0.9248605067147528,0.7371781125792646,0.019372529467234556,-1.823612683216392,-0.8966264658454193,0.31577750019722634,-0.3784128498786097,1
-0.08431414044195645,2.1388104818028384,0.6638139030071923,0.010242517513955385,-1.1058920816522069,-0.08057354047833787,0.549254998150705,1.7130387029691492,1
-0.35297953711749996,1.5403837874987651,0.6984849542151986,-0.8163197139147749,-1.3397213734198532,-0.925116981811127,0.5023054707108304,0.8858017157094078,1
-0.35297953711749996,1.4647497834566594,-0.47333092731890947,0.9928964542065992,-1.4580496782485377,-0.24963287634501885,0.07370952943727443,0.4721040549338345,0
-0.35297953711749996,1.6151871242867744,0.6941510728141979,-0.7129994349861837,-1.7158224764648762,-0.6971844016218732,0.5349974130100458,1.6108488577683167,0
-0.35297953711749996,1.4905148963067592,0.7013742084825325,-0.8851998998671691,-1.9514134690194624,-0.6142338049826545,0.5534166907592836,0.05978894467916318,0
-0.35297953711749996,-1.8825520063427195,0.9714983165743756,-0.019844711846278645,0.19834736917514562,-1.7736092211556047,-0.37153781635219363,0.2669317653139692,0
-0.35297953711749996,-1.3460516923600705,0.9345342731418536,-1.1275464863746385,-0.632889705539339,-1.3387616370710522,0.44137210049354825,0.016682159462785173,0
-0.35297953711749996,-1.6694409814023925,-0.22589833617422783,1.6961676316989809,-1.1976151006693432,-0.4044736050872725,0.05117471879710611,0.07036297857658935,0
-0.35297953711749996,-2.1770517879072813,0.986679824206193,-0.5341281759566068,-0.7020399673871305,-1.2271670102756858,0.4497812702287984,2.485687526618511,0
-2.0193615256798,0.21856645518012244,-1.2806298734969477,-2.3420685351906507,-1.9298833342160613,-0.8953590976974661,0.19115576247026148,1.7165908477626237,0
-0.35297953711749996,-0.9784760425016943,0.9063126741649578,-1.0156918472873793,-1.838414206492439,-0.4506501960359628,0.7710583291810761,0.9429474659233368,0
-0.35297953711749996,-1.4281267304838456,-0.24383380036414648,0.2769229261910382,-1.800590349576444,-0.6990181423474211,0.540534511178745,-0.009063906346282402,0
-0.35297953711749996,-0.2649300322886412,0.8598026401378454,-0.2882044542089415,-1.3207121968711666,0.4223771749078906,-0.4724797181802224,0.07372756671091385,0
0.17205023911212614,1.9393349170348138,0.6753709200765278,-0.2652782262956213,1.102456767245057,-1.5017755976091167,0.45599533453104996,-0.7086984496681767,1
-0.35297953711749996,1.8894660258428078,0.6782601743438617,-0.3341584122480155,-0.4062543857670543,-0.015266671410359534,2.0521838093046854,0.4674244042859657,0
-0.35297953711749996,-1.4457894747440827,0.9403127816765213,-1.265306858279427,-1.8940664539273575,-0.6423678175325187,0.5486597609720955,0.17113918734769396,0
-0.35297953711749996,-0.7304067131783892,-1.3812265615184396,-1.964930398103812,-1.036810561795852,-1.525843252759533,0.02266461725429303,-0.3254612327385711,0
-0.2445418776632581,0.8001882787347376,0.7444012482475992,-0.15282793541375095,-0.31276935369644887,-0.917947057948686,1.0931371692201526,-0.024962480027786227,1
-0.35297953711749996,1.8894660258428078,0.6782601743438617,-0.3341584122480155,1.1512379044315422,-1.5424972529248009,1.1943990184213469,-0.7195780035228843,1
-0.35297953711749996,1.6401215698827774,0.692706445680531,-0.6785593420099865,-1.8940664539273575,-0.6423678175325187,0.5486597609720955,0.17113918734769396,0
-0.35297953711749996,1.0408642083246078,-0.44877226604657183,0.4074148736112484,-1.4331974777707666,-0.8684666569962246,0.510430720504181,1.0660048094033843,0
-0.35297953711749996,2.4122587161047746,-0.5282267583982527,2.3016199873020886,-1.7111277793506328,-1.8571889332524503,-0.8220980295924376,2.880209951607914,0
-0.35297953711749996,2.064007145014829,0.6681477844081932,-0.09307776141463578,-0.2783401631317902,-0.9060594864381183,-0.026820431307372106,0.15946274876137723,0
-0.35297953711749996,-1.7152825885064644,-0.22131602826829377,1.7290256304813691,-0.608563863036217,-1.2838173350905882,0.4416560204354478,2.305484432924535,0
-0.35297953711749996,1.7398593522667893,0.6869279371458632,-0.5407989701051981,-0.3501588322039699,-0.803947413111304,-0.018561332705299027,2.2615819894974876,0
-0.35297953711749996,-1.6895174756563645,0.9533891075331483,-0.1490707235923991,-2.0794616097566188,-0.782559636631601,0.2927106632686419,0.07644680047539187,0
-1.4668883577469283,2.338286046570863,0.652256885937857,0.28576326132353225,-1.4261121280388442,-0.4814303312207916,0.21920912326812234,0.3571034315370448,0
0.17205023911212614,2.014138253822823,0.671037038675527,-0.16195794736703006,1.555598157838796,1.0767300748589066,-0.8021414548908703,0.9364492257443107,1
-0.35297953711749996,0.8749916155227468,0.7400673668465985,-0.04950765648515967,-1.4331974777707666,-0.8684666569962246,0.510430720504181,1.0660048094033843,1
-0.08431414044195645,1.7149249066707863,0.6883725642795302,-0.5752390630813952,-0.025892813349903898,-1.4439286598741057,0.6171281035439502,0.9742099333624432,1
-0.35297953711749996,-0.9239340271008594,0.9098318662520234,0.9847231129051128,-2.015110995092639,-1.3208399895942393,-0.34460199554408233,1.9140157613741418,0
-0.35297953711749996,1.9393349170348138,0.6753709200765278,-0.2652782262956213,-1.716454709080785,-0.7295027983243031,0.5339268825780212,0.5160064983608821,0
-0.35297953711749996,2.039072699418826,0.6695924115418601,-0.12751785439083296,-1.609747925133155,-0.589231271950181,0.7511819054868893,0.502124951864025,1
-0.35297953711749996,1.4905148963067592,0.7013742084825325,-0.8851998998671691,0.9315172983825237,-1.8192179837811413,0.7604372010606193,-0.6796562118409308,1
-0.35297953711749996,1.8894660258428078,0.6782601743438617,-0.3341584122480155,-0.6479430418024967,0.014651677308940458,-0.5309590212721994,-1.2232358008480815,0
-1.618610421246454,1.6650560154787803,0.691261818546864,-0.6441192490337894,-0.8053687523662038,-1.1764746886492778,0.4583523837270593,2.2850548474182957,1
-0.08431414044195645,1.8572827948483839,1.609926707184273,0.15693892481411237,-0.7718627722295455,-0.44950168598837886,1.359066644486464,0.5583952823613254,1
-0.35297953711749996,-1.7175637992417334,0.9567700794879355,-0.050039364244177015,-1.3813292796481824,-0.37511140596318093,-0.023468372506602497,0.34779584453598605,0
-0.08431414044195645,1.9393349170348138,0.6753709200765278,-0.2652782262956213,-1.0196010215769629,-0.5043024026887608,1.1540705394374347,0.8441570762188363,1
-0.35297953711749996,2.1886793729948444,0.6609246487398586,0.0791227034663497,0.5609418200507625,-1.389693975457019,1.019179164721716,0.22656627065692925,1
-0.35297953711749996,-1.0782138248857065,0.9120911826996254,-1.1534522191921677,-0.9453073903655855,-0.8104197934347593,0.8313590117861901,1.2979149916584727,0
-0.35297953711749996,-1.225315921403342,0.9213253448427051,0.23401573972406775,-1.5970515969013774,-0.7988727173928163,0.5236509897976915,0.3861456693642908,0
-0.35297953711749996,-1.2503411940639926,0.9270627109685856,-1.0915242992046323,-1.311877725658064,-0.5852825110250426,-0.11293779227581124,1.0411451515706966,0
-0.35297953711749996,2.537761611338887,0.6406998688685216,0.5612840051331088,-1.1497007831899877,-1.0075479945404815,0.48691469497338846,1.6164680843723709,1
-0.35297953711749996,2.014138253822823,0.671037038675527,-0.16195794736703006,0.6390453414829176,-2.215800579520587,0.15157490845877994,-0.6529465803379697,1
-0.35297953711749996,1.2774603729127554,-1.368206184639421,-2.3786281063872874,-1.233014589472223,-0.7848454554370049,0.7195604936196984,0.8719201692125507,0
-0.35297953711749996,-0.42991823938962737,0.8745308772242854,-0.25800980181104316,-1.8072113319230518,0.11813455588818544,1.4470034749006206,0.549106807056667,0
-0.35297953711749996,-0.7167693822786372,0.889001332197876,-0.7396478923934591,-1.6229786047298713,-0.7861531231392055,0.5258016327846707,0.3358034046669057,0
-0.35297953711749996,-1.7270241625853442,0.9534132911700697,-0.28630788441284394,-1.9794318810854614,-0.7545850386318164,0.37485574264500104,0.18224442454517975,0
-0.35297953711749996,1.5902526786907711,0.6955956999478647,-0.7474395279623807,-1.3126591375937742,0.030011601427973655,0.566721111008121,1.618134450735403,1
-0.35297953711749996,1.5154493419027621,0.6999295813488655,-0.850759806890972,-1.7193612027161178,-0.6950397894457893,0.5353050107104558,1.6176708089251162,0
-0.35297953711749996,-0.803934923329673,0.8962002842292893,-0.7746111964539997,-1.5970515969013774,-0.7988727173928163,0.5236509897976915,0.3861456693642908,0
-0.35297953711749996,-2.2316342446867616,0.9917230964457125,-0.502006013513038,-1.2734963131674204,-1.8476786362873798,-1.5635735254630394,2.1688339934715177,0
-0.35297953711749996,-2.2565686902827653,0.9931677235793794,-0.5364461064892352,-1.2121827562570953,-0.9876864642870046,0.49172615379217477,1.1334424333278044,0
-0.1997060680983879,1.8645315802468045,0.6797048014775285,-0.3685985052242126,-0.36082561368879973,-1.2290166183902065,0.6466521254844773,2.019722639067024,1
-0.35297953711749996,2.388154937762869,0.6493676316705231,0.35464344727592645,-1.2095143490327072,-0.9782039108184524,0.49187622492535177,1.5003285597474203,1
-0.9765124056767318,-1.653073179136184,0.9511879889514946,-0.08135849784188076,-1.4318734536715154,-0.8989773968857281,0.5092931634476962,0.0677154927182203,0
-1.618610421246454,2.113876036206835,0.6652585301408593,-0.024197575462241577,1.0348460833615971,-1.8699103054075494,0.7518660875623584,-0.4790235326407153,1
-0.35297953711749996,-1.5205928115320917,0.9446466630775221,-1.3686271372080183,-2.774249442728195,-1.256606109853251,-0.6434016748117012,0.7937198960950267,0
-0.35297953711749996,1.8645315802468045,0.6797048014775285,-0.3685985052242126,-1.3894593650216316,-0.6973031760382166,0.7329089890728744,0.9298574953298527,0
-0.35297953711749996,1.6401215698827774,0.692706445680531,-0.6785593420099865,-1.5995323338363017,-0.19101420781827272,0.08507408782518616,-0.1643165924418608,0
-0.09794310827539326,1.7398593522667893,0.6869279371458632,-0.5407989701051981,-1.3254352946530537,-0.6131402602137433,0.8632620028181953,0.9215285674317384,1
-0.35297953711749996,-0.7790004777336699,0.8947556570956223,-0.7401711034778025,-0.132599597297534,-1.584200186248228,0.39987308063508215,0.9880914798593003,0
-1.8042618913513586,2.487892720146881,0.6435891231358555,0.49240381918071485,-2.0373564728593854,-0.5350232649936532,0.5618207171353493,1.13464043701616,0
-0.35297953711749996,-1.0258403566353176,0.9097683277733697,0.5095364835336444,-1.9514134690194624,-0.6142338049826545,0.5534166907592836,0.05978894467916318,0
-0.35297953711749996,1.8395971346508015,0.6811494286111955,-0.4030385982004097,0.07743597162916949,-1.494620981500514,0.6085569900456893,1.1748426125626588,1
-0.35297953711749996,1.465580450710756,0.7028188356161994,-0.9196399928433662,-1.1881308860093163,-1.735461415188082,-1.3897695071359453,2.157728756274032,0
-0.35297953711749996,-1.6841131277095314,1.7446814638518096,0.055274591522266214,-1.6927592214386866,-0.7709888092904686,0.5309336146159376,-0.4388443256608836,0
-0.35297953711749996,1.4905148963067592,0.7013742084825325,-0.8851998998671691,-0.8053687523662038,-1.1764746886492778,0.4583523837270593,2.2850548474182957,1
-0.35297953711749996,-1.0782138248857065,0.9120911826996254,-1.1534522191921677,-1.4735843279107554,-0.07289869087728784,0.6753596202540999,-0.17721947983577346,0
-0.35297953711749996,1.6445715171933541,-1.6415961993038737,-2.016781925922941,-1.7158224764648762,-0.6971844016218732,0.5349974130100458,1.6108488577683167,0
-0.35297953711749996,-1.18097093653166,0.9210650948883192,-1.1227343557099259,-1.7158224764648762,-0.6971844016218732,0.5349974130100458,1.6108488577683167,0
-0.35297953711749996,-2.106962016706747,0.9844999607773779,-0.3298055486320525,-2.071350932563809,-0.9514271825458012,0.11078139514819685,-0.0926510560210988,0
-0.35297953711749996,1.8645315802468045,0.6797048014775285,-0.3685985052242126,-1.9461712093307457,-0.2009098511427143,1.0062495309235433,0.6552419195624548,0
-0.35297953711749996,-1.9139274860203919,0.9663907517361506,-0.45903156037817305,-1.690527701252291,-0.7422223925779139,0.5317762395910421,0.5663487630582671,0
-0.35297953711749996,-1.2003814758073388,0.9198807177090382,0.26845583270026485,-1.7233355996111492,-0.41793337533392333,0.8962677976262845,0.14892871295272248,0
-0.35297953711749996,-1.0787285770892652,0.9158529856947295,0.6091345329682806,-1.5970515969013774,-0.7988727173928163,0.5236509897976915,0.3861456693642908,0
-0.35297953711749996,1.41571155951875,0.7057080898835333,-0.9885201787957604,-1.4331974777707666,-0.8684666569962246,0.510430720504181,1.0660048094033843,0
-0.35297953711749996,-1.3837617389452774,-2.674439204013262,-0.4581599230814167,-1.2786443139507926,-1.0219593025816047,0.49493738766730655,-1.237174422879832,0
-0.35297953711749996,-1.963796377212398,0.9692800060034845,-0.5279117463305671,-1.3386465660691305,-0.3190027954135321,0.06343363665694474,0.3422432259372432,0
0.1205397299160087,-0.3184079057684819,2.3817044226303574,0.3552848713040432,-0.132599597297534,-1.584200186248228,0.39987308063508215,0.9880914798593003,1
-0.35297953711749996,-2.182196335018114,0.5104127550893554,-1.074797329113141,-1.1387197838058105,-1.7942111189606686,-0.4187929577017637,2.160377939711748,0
-0.35297953711749996,1.8387664673967055,-0.49500033432391355,1.5094978488495554,-2.3209449230658583,-0.9762986803324343,-1.069324927401502,0.09878440073201866,0
-0.21095870307881517,0.9210933461010384,-2.8667580117916724,-0.3991024309056801,-2.2723152327980625,-0.4197542716520045,0.5813105253166115,0.6784228833344411,0
-1.618610421246454,0.9248605067147528,0.7371781125792646,0.019372529467234556,-0.24268438021372096,-1.9154355606228803,-0.04320807868091492,1.2164872520532302,1
-0.35297953711749996,-1.867908591344424,-0.2094528618122662,1.6908633080112168,-1.061465033840516,-1.5131263519471707,-0.06305967125422407,2.318370559010753,0
-0.35297953711749996,1.4905148963067592,0.7013742084825325,-0.8851998998671691,-0.608563863036217,-1.2838173350905882,0.4416560204354478,2.305484432924535,0
-0.35297953711749996,1.7149249066707863,0.6883725642795302,-0.5752390630813952,-0.07929888363501791,-2.2313231337017516,-0.28435097273149235,0.3098555496380724,0
-0.35297953711749996,1.8395971346508015,0.6811494286111955,-0.4030385982004097,-0.6334055094258277,-0.5519624512565952,0.603365115787232,-0.7874199353216886,1
-0.35297953711749996,1.8894660258428078,0.6782601743438617,-0.3341584122480155,0.18414275557679938,-1.3543494551263917,0.8258120129545575,1.1609610660658016,1
-0.35297953711749996,-1.642760462453724,0.9524361980869347,0.05328091468441437,-1.690527701252291,-0.7422223925779139,0.5317762395910421,0.5663487630582671,0
-0.35297953711749996,1.3151431098806412,-0.4646631645169079,0.7862558963494164,-1.7352333204714134,-0.734089475866688,-0.20801829773136782,-0.44012347049441525,0
-0.35297953711749996,-1.1779516072697187,0.9178696912342932,-1.291212591096956,-2.0581202529670923,-0.7545053313567766,0.3361616678504155,0.07367049117602043,0
-0.35297953711749996,-1.1280827160777127,0.9149804369669593,-1.222332405144562,-2.028668218984757,-0.8953185719961523,0.19768340431174408,-0.09820367461984159,0
-0.35297953711749996,-0.6293938041576517,0.8860878942936208,-0.53353054562062,0.41176093707040584,-1.4930661684073605,0.06297222946554265,0.23916867232025496,0
-0.35297953711749996,-1.5527989584638608,-0.23661066469581193,0.10472246131005253,-1.0977591974384218,0.5079384060103223,2.2914568740302284,-0.05126342729569411,0
-0.35297953711749996,1.390777113922747,0.7071527170172002,-1.0229602717719575,-0.9437132923869213,-1.0807031363754698,0.470788308847366,2.951584999889139,0
-0.1997060680983879,1.8146626890547986,0.6825940557448624,-0.43747869117660687,-0.1558310937471129,0.5512981766181282,1.825097583420481,0.29531219518226093,1
-0.35297953711749996,1.5403837874987651,0.6984849542151986,-0.8163197139147749,-1.2121827562570953,-0.9876864642870046,0.49172615379217477,1.1334424333278044,1
-0.35297953711749996,-0.8787382601176822,0.9005341656302901,-0.877931475382591,0.016789900229148058,-1.387820049324457,0.7040301127074975,0.9686573147637003,0
-0.35297953711749996,-2.3064375814747713,0.9960569778467133,-0.6053262924416294,-1.908404211145009,-1.180568463220117,-0.12734697263521416,1.9001342148772844,0
-0.35297953711749996,1.7897282434587956,0.6840386828785293,-0.47191878415280386,-0.132599597297534,-1.584200186248228,0.39987308063508215,0.9880914798593003,1
-0.35297953711749996,2.338286046570863,0.652256885937857,0.28576326132353225,-0.7198280926161249,-1.1080758518136797,0.71842750073079,-1.8623626057193294,0
-0.35297953711749996,-0.9085843573871661,1.0198626682312137,-1.1104907247600835,-0.9961007811374469,-0.6976608580702081,0.926386270743088,1.472565466753706,0
-0.35297953711749996,-1.1505125846153328,0.9169914634417042,0.33733601865265905,-1.5190724285032688,-1.2115791922203463,0.06534135776778915,1.3414086200154949,0
-0.35297953711749996,0.5250787099246076,-0.41585761621717365,1.3808674888980463,-1.2611425993553071,-0.6745429546871328,0.8569012001018851,0.045505018323248825,1
-0.35297953711749996,-0.7321509158036053,0.8950618064823145,-0.5028126821383782,-1.8298896062251861,-0.23193131875932949,-0.12059246495690079,0.9063313308543424,0
-0.35297953711749996,2.000559295196844,-1.4101003715157616,-1.3798654100775716,-1.7540992415493668,-0.6739871236655747,0.538324555061509,1.684638748058662,0
-0.35297953711749996,-2.756088269456923,-0.15408949668239103,0.6872884810367881,-1.4318734536715154,-0.8989773968857281,0.5092931634476962,0.0677154927182203,0
-0.35297953711749996,1.6899904610747833,0.6898171914131971,-0.6096791560575923,0.18414275557679938,-1.3543494551263917,0.8258120129545575,1.1609610660658016,1
-0.35297953711749996,2.039072699418826,0.6695924115418601,-0.12751785439083296,-1.0470046130272332,-1.0877911437799164,0.4773683274421794,0.8150122566817338,1
-0.35297953711749996,1.365842668326744,0.7085973441508671,-1.0574003647481547,-1.800590349576444,-0.6990181423474211,0.540534511178745,-0.009063906346282402,0
-0.35297953711749996,-0.9784760425016943,0.9063126741649578,-1.0156918472873793,-0.526182921591709,-1.1984901106969303,0.6586271234024164,0.00280061296592804,0
-0.35297953711749996,-1.5034448194754135,-0.23573811596804162,1.936189399422895,-1.3056588606080088,-0.9310361394721022,0.4998514035855254,1.3136455270217806,0
-0.35297953711749996,-1.0507748022313206,0.9112129549070366,0.47509639055744757,-0.31245615178325603,-0.8387259011586363,-0.0222491370668767,1.789069062936618,0
-0.35297953711749996,2.014138253822823,0.671037038675527,-0.16195794736703006,-1.723126985064824,-0.3249254313604939,0.24421789444252623,0.14209694952044805,0
-0.35297953711749996,-2.1817653534947556,0.9888338421783787,-0.4331258275606439,-1.3188895402047254,-1.1279579906611268,0.27447113088330666,1.1473239798246615,0
-0.35297953711749996,-1.1530171616737157,0.9164250641006262,-1.256772498120759,-1.8579373646685489,-0.6708841297975568,0.5452914409659331,-0.12041414901481318,0
-0.35297953711749996,-0.41453670586465935,0.8684704029398469,-0.494845012066124,-1.4961661489692617,-0.8375747024123387,0.5156539661640063,0.9437390418267099,0
-1.2364244638235984,-1.4527452610293108,0.9375223926997334,0.09253313832532417,-0.570861182615503,-1.3185958231379207,0.4379682160738701,1.8329715063636656,0
-0.35297953711749996,-1.8516963905653594,0.9606364268384042,-0.45850834929382955,-1.0977591974384218,0.5079384060103223,2.2914568740302284,-0.05126342729569411,0
-0.35297953711749996,-0.9286071513096883,0.9034234198976239,-0.9468116613349852,-0.9508601014519314,-1.1349589151262665,0.4693931487820058,1.0016952894073734,0
0.528919519919963,-1.3031385874532926,0.9288546298977318,0.2991736961825068,0.9412559079118556,0.6415750823844932,-1.566648388646039,-0.9054997761755335,1
-0.35297953711749996,-0.7915727190666465,0.8933352135988768,-0.8429681713220503,-1.5162718207822414,-0.6458815967650834,0.7430566556935387,0.32192185817004854,0
-0.35297953711749996,1.6151871242867744,0.6941510728141979,-0.7129994349861837,-1.6464384237590988,-0.7746439130796101,0.5277476226807959,0.2902516608199289,1
-0.35297953711749996,1.6401215698827774,0.692706445680531,-0.6785593420099865,-0.7020399673871305,-1.2271670102756858,0.4497812702287984,2.485687526618511,0
-0.35297953711749996,-1.4956583659360887,0.9432020359438551,-1.3341870442318213,-2.3021044628158314,-1.571514739326739,-0.7732229932548409,1.590116602443839,0
-0.35297953711749996,-1.8391241492323827,0.9620568703351499,-0.3557112814495817,-1.0922452927127486,-0.650493086723858,0.9343614494032616,1.2858824340280663,0
-0.35297953711749996,1.41571155951875,0.7057080898835333,-0.9885201787957604,0.8828290027701264,1.4844555724578568,-0.7436621517988933,2.233412593303306,0
-0.35297953711749996,1.41571155951875,0.7057080898835333,-0.9885201787957604,-1.006370341980246,-0.3073805514997361,1.3794508121396534,1.0104786234159555,0
-0.35297953711749996,2.363220492166866,0.65081225880419,0.32020335429972935,-0.2751556434040303,1.2820698202408298,-1.5520327931589832,0.8692560620756076,1
0.014653133671615304,-1.1762993835501847,0.920544669757797,0.40452503331883394,1.1309180781383965,-0.5159128310171398,-0.22778645083773041,0.3436688757172218,1
-0.35297953711749996,2.064007145014829,0.6681477844081932,-0.09307776141463578,-1.6229786047298713,-0.7861531231392055,0.5258016327846707,0.3358034046669057,0
-0.35297953711749996,1.5403837874987651,0.6984849542151986,-0.8163197139147749,-1.7158224764648762,-0.6971844016218732,0.5349974130100458,1.6108488577683167,0
-0.35297953711749996,2.2136138185908476,0.6594800216061916,0.11356279644254674,-1.4794344431368054,-0.21124090653283845,0.07644365164182709,1.36573407167029,0
-0.35297953711749996,1.8645315802468045,0.6797048014775285,-0.3685985052242126,0.7181037304872635,-2.0997610365293857,0.325927155242883,-0.6518931188472163,1
-0.35297953711749996,-1.7589164644975406,1.74901534525281,-0.048045687406325144,-0.9987691883618351,-0.7071434115387604,0.926236199609911,1.1056793403340899,0
-0.35297953711749996,1.7897282434587956,0.6840386828785293,-0.47191878415280386,-0.47401343132679785,-0.8037113379303817,0.04366778035767421,2.4469463222889667,1
-1.9175733058636624,-0.2594044043055404,0.8627254336500167,-0.11866733571244589,-1.233014589472223,-0.7848454554370049,0.7195604936196984,0.8719201692125507,1
-0.35297953711749996,-2.4663352856484972,-0.1747818106042599,0.8643010765824863,-0.8233969939005918,-1.245300200011289,0.45717466307202925,-0.35322432573228557,0
-0.35297953711749996,-1.4956583659360887,0.9432020359438551,-1.3341870442318213,-2.6888840155700913,-1.1443888887539533,-0.4695976564846066,0.7826146588975409,0
-0.35297953711749996,1.8645315802468045,0.6797048014775285,-0.3685985052242126,0.3441502531869456,-1.8612008762057934,0.3588429824968511,0.4688435893477163,1
-0.35297953711749996,-1.8141897036363797,0.960612243201483,-0.32127118847338454,-1.0177585461836212,-1.1499478901768643,0.47329693649906507,-0.7306146045007282,0
-0.35297953711749996,1.465580450710756,0.7028188356161994,-0.9196399928433662,-1.3056588606080088,-0.9310361394721022,0.4998514035855254,1.3136455270217806,1
-0.35297953711749996,-0.5392089338446746,0.8756935386081814,-0.6670454769471095,-1.2827525810740015,-0.5570316496640945,0.9501640119817426,0.9159759488329956,0
-0.35297953711749996,1.7647937978627926,0.6854833100121963,-0.506358877129001,1.5782736547683873,-0.888403203454883,1.411369206873061,-0.7819359529425873,0
-0.35297953711749996,1.9393349170348138,0.6753709200765278,-0.2652782262956213,-0.31276935369644887,-0.917947057948686,1.0931371692201526,-0.024962480027786227,1
-0.35297953711749996,1.5902526786907711,0.6955956999478647,-0.7474395279623807,-1.4331974777707666,-0.8684666569962246,0.510430720504181,1.0660048094033843,0
-0.35297953711749996,-1.4278108154333078,0.9360777655660665,0.12697323130152127,-1.5970515969013774,-0.7988727173928163,0.5236509897976915,0.3861456693642908,0
-0.35297953711749996,-2.2316342446867616,0.9917230964457125,-0.502006013513038,-1.4255963241523555,-1.2682295170352487,0.057216107974438546,1.1612055263215186,0
-0.35297953711749996,-0.9211802863863408,-0.5203162088959703,-1.8405490224194723,-0.8912957523577405,-0.5276780725611971,0.026697341832641608,1.5725656409453233,0
-0.35297953711749996,-1.8421434784943242,0.9652522739891758,-0.1872330460625514,-2.634336886284295,-1.511971573777036,-0.8370154558574723,0.1486308422590492,0
-0.35297953711749996,1.9144004714388108,0.6768155472101948,-0.2997183192718184,0.08081397059772621,-1.3036571334999838,0.8343831264528184,0.9603283868655861,1
-0.35297953711749996,-1.546957415430222,0.9462236947465725,0.12430988491703154,0.14534965345675777,-1.9988313093569778,-0.9162905990097456,0.4856285710056005,0
-1.5609944477656215,1.9144004714388108,0.6768155472101948,-0.2997183192718184,-0.13490811327295626,-0.2801501979318164,-0.5749989633980518,-1.6720292441826867,1
-0.35297953711749996,2.0444770473656595,1.4608847678605212,0.07682746072383234,-0.16332412845863087,-1.61223777674856,0.4009379371934045,-0.5165153775233744,1
-0.35297953711749996,0.6505816051587194,0.7530690110496008,-0.35946849327093355,-1.716454709080785,-0.7295027983243031,0.5339268825780212,0.5160064983608821,0
-0.35297953711749996,-1.341338126772596,0.9323802551696678,-1.2285488347706017,-2.3701299276171737,-1.344187456393343,-0.49753266899663395,-0.053782725829898737,0
-0.35297953711749996,-2.331372027070774,0.9975016049803802,-0.6397663854178265,-1.5882838593021185,-0.7597538840977508,0.5244180960913901,1.858489575386713,0
-0.35297953711749996,0.8663230891525865,-0.4386598761109033,0.1663342227778687,-1.3056588606080088,-0.9310361394721022,0.4998514035855254,1.3136455270217806,0
-0.35297953711749996,-2.1817653534947556,0.9888338421783787,-0.4331258275606439,-1.5970515969013774,-0.7988727173928163,0.5236509897976915,0.3861456693642908,0
-0.35297953711749996,1.7647937978627926,0.6854833100121963,-0.506358877129001,-0.31898821874650407,-0.5721934295016265,0.48034797335881596,-0.2974628554788703,0
-0.08431414044195645,2.1886793729948444,0.6609246487398586,0.0791227034663497,1.555598157838796,1.0767300748589066,-0.8021414548908703,0.9364492257443107,1
-0.35297953711749996,-0.7790004777336699,0.8947556570956223,-0.7401711034778025,-1.4815770753544883,-0.6194823577236287,0.7416731190002582,1.8446080288898559,0
-0.35297953711749996,1.9393349170348138,0.6753709200765278,-0.2652782262956213,-1.3397213734198532,-0.925116981811127,0.5023054707108304,0.8858017157094078,0
-0.35297953711749996,-1.533377789092995,-1.327689809821219,-2.6955387505607433,-0.8982812694642603,-0.22111825671757868,0.5307020266574425,0.8192974183861488,0
-0.35297953711749996,-2.1421874929004576,-0.19356196334193,1.3120222852730483,-1.2951961844474595,-1.5146538587495817,-0.09156612306399203,-0.6945225836088997,0
-0.35297953711749996,-0.3591421866895525,0.8685039421846844,-0.2564277076172341,-0.6866648507050959,1.676574198628522,-1.2917917999950124,-0.15084134914547054,0
-0.35297953711749996,-1.0782138248857065,0.9120911826996254,-1.1534522191921677,0.6595627542467066,1.197954516521118,-1.1777263339117192,1.8803399134028285,0
-0.35297953711749996,-1.7368135281114014,-0.565929715194597,0.5812705759621049,-1.5970515969013774,-0.7988727173928163,0.5236509897976915,0.3861456693642908,0
-0.35297953711749996,0.9497949523107558,0.7357334854455977,0.05381262244343171,-0.30333045161374217,-1.8086346284468235,0.05226504398089321,1.010301954254272,1
-0.35297953711749996,1.9144004714388108,0.6768155472101948,-0.2997183192718184,-1.716454709080785,-0.7295027983243031,0.5339268825780212,0.5160064983608821,0
-0.35297953711749996,-2.281503135878768,0.9946123507130464,-0.5708861994654322,-1.908404211145009,-1.180568463220117,-0.12734697263521416,1.9001342148772844,0
-0.35297953711749996,1.049532734694768,0.7299549769109299,0.19157299434822,0.6905094367303066,0.7812483324727257,-1.6330664110875548,1.8368554382361046,1
-0.35297953711749996,2.014138253822823,0.671037038675527,-0.16195794736703006,0.23251221748234308,-0.9640587378948217,0.1569107504032034,0.9303074899353957,1
-0.35297953711749996,1.98920380822682,0.672481665809194,-0.1963980403432271,-1.2400698674949495,-0.5009230391144457,1.0370660211452898,0.9104233302342527,1
-0.35297953711749996,2.2136138185908476,0.6594800216061916,0.11356279644254674,-1.8097407463638238,-1.7732070119820884,-0.7249019744974867,1.2111790937102045,0
-0.35297953711749996,-0.42991823938962737,0.8745308772242854,-0.25800980181104316,-0.029270812318460737,-1.6348925078746361,0.39130196713682125,1.188724159059516,1
-0.35297953711749996,-2.5815471502849014,-0.16420188661805946,0.9283691318701677,-1.9680040799038896,-1.4646389096889134,-1.1834819412084718,0.17406508175627688,0
-0.35297953711749996,1.8395971346508015,0.6811494286111955,-0.4030385982004097,-1.4185845096056942,-0.7255540373991647,-0.33019281518467936,1.0550266980675538,0
-0.35297953711749996,-1.0034104880976973,0.9077573012986246,-1.0501319402635763,-0.132599597297534,-1.584200186248228,0.39987308063508215,0.9880914798593003,0
-0.35297953711749996,-1.0388706978648645,0.4315847033991158,-1.3745609007831825,-1.5399042617183967,-1.0087381833703468,0.2931756975953129,1.0798863559002414,0
-1.7479262728367668,2.2385482641868504,0.6580353944725247,0.1480028894187439,-0.4376243941736837,-0.9663749489185635,0.13721415390587852,2.276442195097289,0
-0.2686197208356631,1.5731560922108319,0.6996178071039245,0.9148149468483591,-2.437475188885702,-1.7241230771967686,-0.9890089207710346,0.6635195885362672,0
-0.35297953711749996,-0.47818544298352417,0.8772024583405539,-0.2944208838349811,-1.4331974777707666,-0.8684666569962246,0.510430720504181,1.0660048094033843,0
-0.35297953711749996,1.6151871242867744,0.6941510728141979,-0.7129994349861837,-1.168990519103645,-0.7006825396125317,0.8499135073650194,0.8635912413144363,1
-0.35297953711749996,1.6650560154787803,0.691261818546864,-0.6441192490337894,-1.1435516422125709,0.30839005296911215,-0.48810695604622323,-0.4897060170122469,0
-0.35297953711749996,-1.5205928115320917,0.9446466630775221,-1.3686271372080183,-1.8724653791849366,0.17933451092118724,0.3353286507336796,0.5536709542769906,0
-0.35297953711749996,-0.5641433794406777,0.8771381657418484,-0.7014855699233067,-0.025892813349903898,-1.4439286598741057,0.6171281035439502,0.9742099333624432,0
-0.35297953711749996,-1.7780167201446395,0.7131650771858268,0.7250458101183009,-1.800590349576444,-0.6990181423474211,0.540534511178745,-0.009063906346282402,0
-0.35297953711749996,1.8637009129927085,-0.4964449614575803,1.5439379418257526,-1.6748708027705574,-0.7220027830960086,0.5314377591227486,1.5319022826740116,0
-0.35297953711749996,-0.7790004777336699,0.8947556570956223,-0.7401711034778025,-1.6257792124508992,-1.3518507185944686,-0.15191366514107896,1.355290166512352,0
-0.35297953711749996,-1.1031482704817095,0.9135358098332924,-1.1878923121683649,-1.5265009602147521,-0.43745053551646346,0.9703829182918827,0.4426916615201909,0
-0.35297953711749996,-1.0283449336937005,0.9092019284322916,-1.0845720332397735,-1.8579373646685489,-0.6708841297975568,0.5452914409659331,-0.12041414901481318,0
-0.35297953711749996,1.6899904610747833,0.6898171914131971,-0.6096791560575923,-0.6326415047769649,-0.6844330768690113,0.004214265689295671,1.0739323706052766,1
-0.22084844127589878,1.2661048859427317,0.7143758526855348,-1.1951607366529429,-1.4771141333570308,-0.4616793398296697,0.9662862854087784,0.5385856700645528,0
-0.35297953711749996,1.4905148963067592,0.7013742084825325,-0.8851998998671691,-1.313087392319492,-0.1569074827682192,1.4048929641096188,0.4149285685264765,0
-0.35297953711749996,-0.10979773072952204,0.8540576708480152,0.08797322214473674,-0.7978196480068271,-0.5843283973760997,0.018572092039291,1.3923625472513468,1
-0.35297953711749996,1.8645315802468045,0.6797048014775285,-0.3685985052242126,-1.4118561209812406,-0.8404123517214003,0.5538817250859546,1.0632285001040127,0
-0.35297953711749996,-2.206699799090759,0.9902784693120457,-0.46756592053684104,-1.8529392638293647,-1.0425164367172801,-0.6498109683673501,0.4126296175244735,0
-0.35297953711749996,1.6899904610747833,0.6898171914131971,-0.6096791560575923,-0.979661483643537,-1.0530653800987801,0.605800593231365,-0.7892857970962275,1
-0.35297953711749996,1.6401215698827774,0.692706445680531,-0.6785593420099865,-1.0841346155199392,-0.819360632638058,0.7524321812828165,1.1167845775315757,0
-0.35297953711749996,-1.2059979308550872,0.9212506631890803,-1.1921812317487341,-1.3056588606080088,-0.9310361394721022,0.4998514035855254,1.3136455270217806,0
-0.35297953711749996,1.9393349170348138,0.6753709200765278,-0.2652782262956213,-0.8826658744453996,0.1804014653738527,-0.5097474072144647,0.01685380136685677,1
-0.35297953711749996,-1.1787822745238155,-0.2582800717008158,0.6213238559530092,-1.716454709080785,-0.7295027983243031,0.5339268825780212,0.5160064983608821,0
3.141592653589793,1.7897282434587956,0.6840386828785293,-0.47191878415280386,2.51638626853978,0.8924045989524014,-0.43300622096707253,-0.9319311451561358,1
-0.35297953711749996,-0.5151051555027684,-0.3019008514605944,1.2799310630790526,-0.627088793690619,-0.3598939551775043,0.36618012869348,1.3701520728563756,0
-0.35297953711749996,-1.6710301523622066,-0.22283533705558534,0.33726875198476436,-0.4499759283951855,-1.4716085683424462,0.42471567843205904,-1.073104895444085,0
-0.35297953711749996,2.3222033156599973,1.9079203707129166,0.9862528781206432,-1.7379999011242022,-0.33369075223441025,0.9879267365770199,0.032025851685448914,0
0.6194997369052659,-0.21808047035857653,0.8601087895245374,-0.05084603286951722,-0.8850505898675437,-0.024196405528554177,0.7560822993596612,0.9856189655832679,1
-0.35297953711749996,1.9144004714388108,0.6768155472101948,-0.2997183192718184,-1.9514134690194624,-0.6142338049826545,0.5534166907592836,0.05978894467916318,0
-0.35297953711749996,-1.7643208124443737,0.9577229889341491,-0.2523910025209903,-0.5919551844709435,-0.8959316359010335,0.8928624295447956,2.257291754424581,0
-0.35297953711749996,2.438023828954875,0.6464783774031893,0.42352363322832054,-0.5144352701510674,-1.9459594225136765,-1.3638744099588733,1.0274783154133957,0
0.17205023911212614,1.5154493419027621,0.6999295813488655,-0.850759806890972,-0.7978196480068271,-0.5843283973760997,0.018572092039291,1.3923625472513468,1
-0.35297953711749996,-1.5205928115320917,0.9446466630775221,-1.3686271372080183,-2.4772014875595643,-0.9447728280294934,-0.12554927371771474,0.6814576094082645,0
-0.35297953711749996,-1.4776797066253138,0.9389670198334004,0.05809304534912707,-1.6299108286082165,-0.24742845745225284,0.13917795109480885,-0.15915535334435793,0
-0.35297953711749996,-1.8391241492323827,0.9620568703351499,-0.3557112814495817,0.46516700735551963,-0.7056716945797148,0.9644513057409854,0.9035230560446259,0
-0.09794310827539326,1.6650560154787803,0.691261818546864,-0.6441192490337894,0.014128192584105692,-0.6770165268450405,0.7757585940784464,0.24881783949555825,1
-0.35297953711749996,-0.7838584290757009,-0.2830871594780867,1.0706271588373806,-1.4331974777707666,-0.8684666569962246,0.510430720504181,1.0660048094033843,0
-0.35297953711749996,-1.3211172467640675,0.9330896460081867,-1.0931063933984415,-2.073265559549619,-1.3357300185760983,-0.34127246895467644,0.34577784680735757,0
-0.35297953711749996,-1.5278645128678578,-0.23805529182947882,0.13916255428624963,-2.1780577165114394,-1.0916987089199233,-0.10647362776067126,-0.07876950952424167,0
-0.35297953711749996,1.465580450710756,0.7028188356161994,-0.9196399928433662,-1.716454709080785,-0.7295027983243031,0.5339268825780212,0.5160064983608821,0
-0.35297953711749996,1.465580450710756,0.7028188356161994,-0.9196399928433662,-0.5953331834395004,-1.0868954839015639,0.6670362931376664,2.471805980121654,1
-0.35297953711749996,2.113876036206835,0.6652585301408593,-0.024197575462241577,-0.823931198012697,1.581948592554311,-1.5054569069514312,0.8311235762415807,1
-0.35297953711749996,1.465580450710756,0.7028188356161994,-0.9196399928433662,-0.21228143479887396,-0.43192190312750445,0.697602996267684,-0.31134440197572744,0
-0.35297953711749996,2.1388104818028384,0.6638139030071923,0.010242517513955385,0.18414275557679938,-1.3543494551263917,0.8258120129545575,1.1609610660658016,1
-0.35297953711749996,-1.4432848976856998,0.9408791810175993,0.3288016584939911,-2.11382981088897,-1.4314021444601672,-0.47357147259612264,0.39965851855244877,0
-0.35297953711749996,1.7897282434587956,0.6840386828785293,-0.47191878415280386,-1.4961661489692617,-0.8375747024123387,0.5156539661640063,0.9437390418267099,0
-1.4233562888947437,1.7647937978627926,0.6854833100121963,-0.506358877129001,-1.205170941710434,-0.4450109846509205,0.10431723063305681,1.0272636050738395,0
-0.35297953711749996,2.014138253822823,0.671037038675527,-0.16195794736703006,0.09204893979424167,-1.3517083619034542,-0.23206654564317097,1.1638645012268283,0
-0.35297953711749996,1.98920380822682,0.672481665809194,-0.1963980403432271,-1.7540992415493668,-0.6739871236655747,0.538324555061509,1.684638748058662,0
-0.35297953711749996,-1.963796377212398,0.9692800060034845,-0.5279117463305671,-1.903941269147551,-1.022765445326158,0.09726619377330598,0.5941118560519815,0
0.17205023911212614,1.98920380822682,0.672481665809194,-0.1963980403432271,0.557563821082206,-1.5806578234575492,0.7933530283145873,0.441080496354002,1
-0.35297953711749996,-1.8640585948283859,0.9635014974688167,-0.3901513744257788,0.18414275557679938,-1.3543494551263917,0.8258120129545575,1.1609610660658016,0
-0.35297953711749996,-0.4394711514606623,0.8699150300735138,-0.5292851050423212,-0.7858127315894011,0.5353958055941541,2.4473745914562324,1.2624039467136785,1
-0.35297953711749996,-2.1318964623027497,0.9859445879110449,-0.3642456416082497,-1.8940664539273575,-0.6423678175325187,0.5486597609720955,0.17113918734769396,0
-0.35297953711749996,-0.6293938041576517,0.8860878942936208,-0.53353054562062,-0.5409531791527569,-0.9156826272921554,0.1457852674041394,2.0758095158970735,0
-0.35297953711749996,0.9497949523107558,0.7357334854455977,0.05381262244343171,-1.1171734441961003,0.32252259986249543,-0.4893632395612756,0.468937142421487,0
-0.35297953711749996,-2.189173430604987,0.29733435815589004,-1.1009670651800394,-1.0177585461836212,-1.1499478901768643,0.47329693649906507,-0.7306146045007282,0
-0.35297953711749996,-1.0605915220041158,-0.26349293501445714,2.4213146879143586,-1.8589498062105645,-0.8234385760951181,-0.797461205185177,0.5779725056186482,0
-0.35297953711749996,-1.9139274860203919,0.9663907517361506,-0.45903156037817305,-1.690527701252291,-0.7422223925779139,0.5317762395910421,0.5663487630582671,0
-0.08431414044195645,1.049532734694768,0.7299549769109299,0.19157299434822,-0.608563863036217,-1.2838173350905882,0.4416560204354478,2.305484432924535,1
-0.35297953711749996,-2.281503135878768,0.9946123507130464,-0.5708861994654322,-2.023878732691898,-1.3599588228893047,-0.3453691018377808,0.44167185535171943,0
-0.35297953711749996,-1.3460516923600705,0.9345342731418536,-1.1275464863746385,-1.716454709080785,-0.7295027983243031,0.5339268825780212,0.5160064983608821,0
-0.35297953711749996,-2.1817653534947556,0.9888338421783787,-0.4331258275606439,-0.5628047320566112,-2.336250139745246,-0.6949731474075194,1.2581318915438018,0
-0.35297953711749996,-0.7605475075979825,0.8953213023166486,0.9220593565787585,-2.6644043297553335,-1.0018930429287076,-0.290729110669914,0.6669811301883241,0
-1.618610421246454,1.4484838642308167,0.7068409427722592,0.7426144819673735,-0.16712375908062438,-0.5798186099970399,0.4700525763820599,2.2389801356012757,1
-0.35297953711749996,-1.4278108154333078,0.9360777655660665,0.12697323130152127,-1.2095143490327072,-0.9782039108184524,0.49187622492535177,1.5003285597474203,0
-0.09794310827539326,2.039072699418826,0.6695924115418601,-0.12751785439083296,0.9923719843288699,-1.8330109719837688,0.012914175215052892,-0.4803026774742467,1
-0.35297953711749996,1.2910393315387347,0.7129312255518679,-1.160720643676746,-1.5030411411855247,-0.44895974557605883,0.9684369283957576,0.48824340536716776,0
-0.7530904640677256,-1.8559618497710924,-0.5613355838392105,1.8347003924675072,-1.690527701252291,-0.7422223925779139,0.5317762395910421,0.5663487630582671,0
-0.35297953711749996,1.9144004714388108,0.6768155472101948,-0.2997183192718184,-1.4331974777707666,-0.8684666569962246,0.510430720504181,1.0660048094033843,1
-0.35297953711749996,-1.1715105731880493,0.924421883206185,-0.8864658355412589,-0.608563863036217,-1.2838173350905882,0.4416560204354478,2.305484432924535,0
-0.11363389431952942,-1.4253601641335791,1.9156127856096425,0.5237260680220779,-0.7118926480152903,-1.2331250134641802,0.4502271339337087,2.1048517537243194,0
-0.35297953711749996,1.5902526786907711,0.6955956999478647,-0.7474395279623807,0.18414275557679938,-1.3543494551263917,0.8258120129545575,1.1609610660658016,1
-0.35297953711749996,-2.2419252752844696,-0.18778345480726233,1.1742619133682601,-1.6927592214386866,-0.7709888092904686,0.5309336146159376,-0.4388443256608836,0
-1.570597110012427,1.963700684668604,1.6566567166404629,0.3343929387881627,-0.029270812318460737,-1.6348925078746361,0.39130196713682125,1.188724159059516,1
-0.35297953711749996,-1.4208550291480797,0.9388681545428543,-1.23086676530323,-2.2934635896028497,-0.7282211838168959,0.22092814801209323,0.6341721758019773,0
-1.4079920292998551,2.4164334983509344,0.871649282313698,0.5226765325123284,-0.26906234538281737,-2.3405936224937802,-1.6570394220894853,0.3242556014978249,0
-0.35297953711749996,1.8146626890547986,0.6825940557448624,-0.43747869117660687,-0.48862639949187037,-0.9466239575274416,0.8842913160465347,2.4579244336247967,1
-0.35297953711749996,1.365842668326744,0.7085973441508671,-1.0574003647481547,-1.6806528860320973,-0.36182476478427444,0.9831698067898317,0.1433760943539797,0
-0.35297953711749996,1.7897282434587956,0.6840386828785293,-0.47191878415280386,-1.9514134690194624,-0.6142338049826545,0.5534166907592836,0.05978894467916318,0
-0.35297953711749996,-0.4644055970566655,0.8713596572071807,-0.5637251980185183,-1.0240983334932259,-0.7137866539719085,0.9276809358383966,0.41734267849294876,1
-0.35297953711749996,-1.0010430185392976,-0.3708400520003954,0.7667123760922405,-1.2197839098755063,-0.5879236042479804,0.9449407663219173,1.0382417164096698,0
-0.35297953711749996,-1.8391241492323827,0.9620568703351499,-0.3557112814495817,-1.4771141333570308,-0.4616793398296697,0.9662862854087784,0.5385856700645528,0
-1.081501512908471,-1.7674326904337394,0.9596593337552692,-0.11891955019657116,-1.4321226704200438,-0.26235247059862965,0.07155888645029529,0.5224463196312195,0
-0.35297953711749996,2.014138253822823,0.671037038675527,-0.16195794736703006,-0.3951502951409569,-1.003274282342344,0.876166066253184,2.2777213399308205,1
-0.35297953711749996,-2.4818093679008895,-0.16998039515272712,1.0661295037749563,-0.846819077321088,-0.8325055040048394,0.16885506996949579,-0.7596568423279741,0
-0.35297953711749996,1.8645315802468045,0.6797048014775285,-0.3685985052242126,0.20246488315835154,1.7303969903727667,-0.7780399604804085,0.6390794009929455,1
-0.35297953711749996,2.288417155378857,0.6551461402051908,0.21688307537113805,-1.4961661489692617,-0.8375747024123387,0.5156539661640063,0.9437390418267099,1
-0.35297953711749996,1.440646005114753,0.7042634627498663,-0.9540800858195633,-1.2827525810740015,-0.5570316496640945,0.9501640119817426,0.9159759488329956,0
-0.35297953711749996,-0.6792626953496577,0.8889771485609547,-0.6024107315730141,0.557563821082206,-1.5806578234575492,0.7933530283145873,0.441080496354002,1
0.1205397299160087,-1.7643208124443737,0.9577229889341491,-0.2523910025209903,-0.7395964894869691,-1.4790331634451745,0.22411707758468014,0.030563705959642418,1
-0.35297953711749996,-1.1535319138772744,0.9201868670957303,0.5058142540396892,1.019634189005938,0.7093715387956165,2.5868928830291287,1.8310607325714217,0
-0.35297953711749996,1.6151871242867744,0.6941510728141979,-0.7129994349861837,-1.4051812081020496,-0.1542663895452815,0.34701440551189044,0.41783200368750334,0
-0.35297953711749996,-1.3686186683976738,-0.3426184530234997,0.6548577370049812,-1.7387048614485845,-1.146368616521531,-0.9819578839112837,1.0966713375581252,0
-0.35297953711749996,-1.0412218901602857,0.9158288020578083,0.7463716937887255,-0.9857991893106312,-1.8251251429052122,-0.25437812144928307,-1.4060742254225849,1
-0.35297953711749996,0.8999260611187498,0.7386227397129316,-0.015067563508962545,-1.716454709080785,-0.7295027983243031,0.5339268825780212,0.5160064983608821,0
-0.35297953711749996,-1.121641681996043,0.9215326289388512,-0.8175856495888648,-0.029270812318460737,-1.6348925078746361,0.39130196713682125,1.188724159059516,0
-0.35297953711749996,1.7897282434587956,0.6840386828785293,-0.47191878415280386,-1.4331974777707666,-0.8684666569962246,0.510430720504181,1.0660048094033843,1
-0.35297953711749996,-1.5524830434133228,0.9433009012344011,-0.045227233579464315,0.5188760755847619,-0.7906222564069657,0.6369535459923015,1.1083383152393997,0
-0.35297953711749996,-1.5205928115320917,0.9446466630775221,-1.3686271372080183,-2.7052793569678775,-1.1410732576782245,-0.46840038058471567,0.5923178411347052,0
-0.35297953711749996,-2.0665534888583514,0.9782539181921781,-0.49719388284832533,-1.9514134690194624,-0.6142338049826545,0.5534166907592836,0.05978894467916318,0
-0.35297953711749996,-1.5524830434133228,0.9433009012344011,-0.045227233579464315,-1.9514134690194624,-0.6142338049826545,0.5534166907592836,0.05978894467916318,0
-0.1997060680983879,2.039072699418826,0.6695924115418601,-0.12751785439083296,-1.1747924469385196,-0.38859673501694036,0.050213367363434125,1.0221023659763366,1
-1.5609944477656215,1.6899904610747833,0.6898171914131971,-0.6096791560575923,0.12011868520822144,-1.4385123709508651,0.6954589992092366,1.1692899939639159,1
-0.35297953711749996,1.7647937978627926,0.6854833100121963,-0.506358877129001,-0.13592040807351113,0.1729866907712686,-2.696787210795301,-0.35829957299910165,0
-0.35297953711749996,-0.2649300322886412,0.8598026401378454,-0.2882044542089415,-0.8788317248174884,-0.36995003397561366,1.3688714952209977,1.2581193410343519,0
-0.35297953711749996,2.1637449273988416,0.6623692758735255,0.0446826104901526,-1.716454709080785,-0.7295027983243031,0.5339268825780212,0.5160064983608821,0
-0.35297953711749996,-1.8657921515427562,-0.21343233795843564,-0.03925434022077551,-2.447452035608832,-0.7234946023565473,0.14347333744741222,0.6323960860378101,0
-0.35297953711749996,1.265274218688635,-0.46177391024957415,0.7173757103970223,-1.3397213734198532,-0.925116981811127,0.5023054707108304,0.8858017157094078,0
-0.35297953711749996,2.064007145014829,0.6681477844081932,-0.09307776141463578,-0.38191961554424025,-0.8063524311533194,1.1015463389554028,2.4440428871279396,1
-0.35297953711749996,-0.7291315865416639,0.8918664028282886,-0.6712909175254084,-1.3397213734198532,-0.925116981811127,0.5023054707108304,0.8858017157094078,0
-0.35297953711749996,2.1637449273988416,0.6623692758735255,0.0446826104901526,0.24082146820787242,-1.8105085545793853,0.36741409599511193,0.26821091014750087,1
-0.35297953711749996,-0.7266270094832812,0.8924328021693666,0.9228175992480099,-1.8579373646685489,-0.6708841297975568,0.5452914409659331,-0.12041414901481318,0
-0.27602828796563383,-1.004241155351794,-0.26839246163648434,0.8624045067863888,0.6561847552781497,1.006990668520588,-1.4035524703188482,2.094854139099901,0
-0.35297953711749996,-1.2696591846122471,0.9271373926222104,0.3346726722681693,-2.387662646634319,-0.6777533335396897,0.22888837823880637,0.59386524428261,0
-0.35297953711749996,-0.8383701736479331,0.9028505873716755,0.9872173130371973,-2.442264675178561,-1.2594828263036162,-0.4459564146215097,0.12364405856470617,0
-0.35297953711749996,-1.1358462536796918,1.8489641456688077,1.0657917770542114,-0.608563863036217,-1.2838173350905882,0.4416560204354478,2.305484432924535,0
-0.35297953711749996,0.9660608715365985,-0.44443838464557106,0.3040945946826571,-1.3397213734198532,-0.925116981811127,0.5023054707108304,0.8858017157094078,0
-0.35297953711749996,1.7398593522667893,0.6869279371458632,-0.5407989701051981,-0.7604283227020968,-1.2761921545951749,0.4519514174122039,-0.23095855815561128,0
-0.21522212378568514,1.41571155951875,0.7057080898835333,-0.9885201787957604,-0.5953331834395004,-1.0868954839015639,0.6670362931376664,2.471805980121654,0
-0.24838594551371462,-0.1444847381644495,0.8630381527536555,0.4245756280868591,-1.7193612027161178,-0.6950397894457893,0.5353050107104558,1.6176708089251162,0
-0.35297953711749996,1.8645315802468045,0.6797048014775285,-0.3685985052242126,-0.025892813349903898,-1.4439286598741057,0.6171281035439502,0.9742099333624432,0
-0.35297953711749996,2.1637449273988416,0.6623692758735255,0.0446826104901526,-1.7037583808490075,-0.9391442437669384,0.3063959668888235,0.4000272158611479,0
-0.35297953711749996,-2.2316342446867616,0.9917230964457125,-0.502006013513038,-1.5970515969013774,-0.7988727173928163,0.5236509897976915,0.3861456693642908,0
-0.35297953711749996,-2.281503135878768,0.9946123507130464,-0.5708861994654322,-2.028668218984757,-0.8953185719961523,0.19768340431174408,-0.09820367461984159,0
-0.35297953711749996,1.239771095130419,0.5224011405816948,1.248166689528412,-0.029270812318460737,-1.6348925078746361,0.39130196713682125,1.188724159059516,1
-0.35297953711749996,1.0994016258867743,0.7270657226435961,0.26045318030061415,0.34752825215550254,-1.6702370282052632,0.58466911890398,0.2543293636506436,1
-0.35297953711749996,-0.41453670586465935,0.8684704029398469,-0.494845012066124,-0.6107510940479507,0.2870025266226537,1.1335864777742493,0.6502257722214001,1
-0.35297953711749996,1.5902526786907711,0.6955956999478647,-0.7474395279623807,-1.3264906938231364,-0.7281951306221025,0.7276857434130491,1.052123262906527,0
-0.35297953711749996,2.288417155378857,0.6551461402051908,0.21688307537113805,0.16848814711376514,-1.048221653719295,0.026557736657882525,0.9386364178335099,0
-0.35297953711749996,-2.2316342446867616,0.9917230964457125,-0.502006013513038,-1.4255963241523555,-1.2682295170352487,0.057216107974438546,1.1612055263215186,0
-0.35297953711749996,-1.0736882275323711,0.15790394296191956,-1.5814489745987292,0.515089722049479,-1.5437584900337686,0.05440111596728181,0.4398013515204704,0
-0.35297953711749996,-2.013665268404404,0.9721692602708184,-0.5967919322829613,-1.8104651647966377,-1.0794157701410605,0.08914094397995542,0.41390876235800506,0
-0.35297953711749996,-1.034826409154016,0.911212200786985,0.5432183338405904,-1.690527701252291,-0.7422223925779139,0.5317762395910421,0.5663487630582671,0
-0.23678384981960948,-2.2389059460225282,-0.19097885846128826,1.0057836779812301,-0.49847908012003017,-0.952581960715936,0.884737179751445,2.077088660730605,0
-0.35297953711749996,-2.419189427825352,-0.2707013926332006,1.31059286226448,-0.029270812318460737,-1.6348925078746361,0.39130196713682125,1.188724159059516,0
-0.35297953711749996,0.05921776045939836,0.8410224874001753,0.15951675448162073,-2.237577193964814,-0.4408069374322191,0.5782909809655583,0.6114549442008954,0
-0.35297953711749996,-0.9535415969056913,0.9048680470312909,-0.9812517543111822,0.29422753849298644,-1.0231140807517396,1.2688931722705545,0.9325652938718717,1
-0.35297953711749996,-2.2316342446867616,0.9917230964457125,-0.502006013513038,-1.0177585461836212,-1.1499478901768643,0.47329693649906507,-0.7306146045007282,0
-0.35297953711749996,-2.1817653534947556,0.9888338421783787,-0.4331258275606439,-2.271533820862353,-1.0350483841050209,-0.09834837796732065,0.1014335841697348,0
-0.35297953711749996,-0.7666382734706435,0.8918905864652098,-0.8085280783458532,-1.1747924469385196,-0.38859673501694036,0.050213367363434125,1.0221023659763366,0
-0.35297953711749996,-0.9261025742513054,0.9039898192387019,0.6472968554384327,-1.4321226704200438,-0.26235247059862965,0.07155888645029529,0.5224463196312195,1
-0.35297953711749996,-1.5743981597473844,0.9415501247140421,-0.2481455619426915,-1.2197839098755063,-0.5879236042479804,0.9449407663219173,1.0382417164096698,0
-0.35297953711749996,-2.3563064726667773,0.9989462321140472,-0.6742064783940236,-2.121817779040269,-1.4611115159683612,-0.5618570184529504,1.927897307870999,0
-0.35297953711749996,-0.8104163987899887,0.8982105565839825,0.8531791706263641,-1.412365644555639,-1.0713076658462244,0.28259638067665727,1.3275270735186377,0
-0.35297953711749996,0.9026741687059199,-1.9298856126828006,-0.6411635979224988,-1.6229786047298713,-0.7861531231392055,0.5258016327846707,0.3358034046669057,0
-0.35297953711749996,-0.8762336830592994,0.9011005649713681,0.7161770413908272,-1.9443152333686684,-0.9356557971944158,-0.9712652235122716,0.5890777428161339,0
-0.35297953711749996,-2.102248451119272,0.9823459428051924,-0.4308078970280155,-0.632889705539339,-1.3387616370710522,0.44137210049354825,0.016682159462785173,0
-0.35297953711749996,-0.6027509202789754,1.911669848511637,0.23163383345690403,-1.6229786047298713,-0.7861531231392055,0.5258016327846707,0.3358034046669057,0
-0.35297953711749996,-0.8762336830592994,0.9011005649713681,0.7161770413908272,-1.6044378556613732,-1.323796413319644,-0.10846266055930531,1.3525138572129807,0
-0.35297953711749996,1.5653182330947681,0.6970403270815317,-0.7818796209385778,-1.716454709080785,-0.7295027983243031,0.5339268825780212,0.5160064983608821,0
-0.35297953711749996,-1.4652445727923202,-0.3387762893099523,0.3836259127757736,-1.3679093936857805,-0.5762409267899626,0.12431009047088981,0.920249422598207,1
-0.35297953711749996,1.9393349170348138,0.6753709200765278,-0.2652782262956213,-1.2827525810740015,-0.5570316496640945,0.9501640119817426,0.9159759488329956,0
3.141592653589793,2.1388104818028384,0.6638139030071923,0.010242517513955385,-1.6748708027705574,-0.7220027830960086,0.5314377591227486,1.5319022826740116,1
-0.35297953711749996,-2.2080634173770766,-0.5379154003138475,1.521017326187778,-2.2075097504937746,-0.9508854682805475,0.03200463577800022,0.09310465627162046,0
-0.35297953711749996,-1.4208550291480797,0.9388681545428543,-1.23086676530323,-1.4961661489692617,-0.8375747024123387,0.5156539661640063,0.9437390418267099,0
-0.35297953711749996,1.165536436304623,-0.4559954017149064,0.5796153384922339,-0.7935280661993686,0.6152435325990968,0.02607420861363624,0.20507607243766846,0
-0.35297953711749996,1.5653182330947681,0.6970403270815317,-0.7818796209385778,0.5440834447377301,-0.5701475154342267,-0.6298375120154964,1.0913125384227358,0
-0.35297953711749996,-1.5752288270014811,-0.2345996382210669,1.6643908851072735,-2.5062887455471388,-1.3436457421280894,-0.5763094283668305,0.13197298646282052,0
-0.35297953711749996,0.7503193875427316,0.7472905025149331,-0.22170812136614512,-2.002618434026136,-0.5560759307738677,0.5588011727842961,1.0676724978826142,0
-0.35297953711749996,2.6873682849149056,0.63203210606652,0.7679245629902915,0.5494779713305196,0.866719142146466,-1.6208074932277163,2.1087356855967583,0
-0.35297953711749996,1.7398593522667893,0.6869279371458632,-0.5407989701051981,-1.9990797077748947,-0.5582205429499517,0.5584935750838861,1.0608505467258147,0
-0.35297953711749996,0.9957152591292897,-1.790862905283365,-0.42947337556671616,-0.35246758156190483,-0.9471656717926953,0.9630680754167312,2.2721687213320774,0
-0.35297953711749996,-0.6574401277430203,0.889468866248408,-0.4344991862723979,0.05256586205727132,1.3031215393241715,-1.3534823369621212,0.9228121395031705,1
-0.35297953711749996,-1.653073179136184,0.9511879889514946,-0.08135849784188076,-1.4178795492813119,0.08712382688795606,1.639691805303624,-0.009618787805122708,0
-0.35297953711749996,-1.8159232603507502,-0.21632159222576952,0.029625845731618805,-2.271533820862353,-1.0350483841050209,-0.09834837796732065,0.1014335841697348,0
-0.35297953711749996,-1.4278108154333078,0.9360777655660665,0.12697323130152127,-1.4771141333570308,-0.4616793398296697,0.9662862854087784,0.5385856700645528,0
-0.35297953711749996,1.9393349170348138,0.6753709200765278,-0.2652782262956213,0.9260536348306398,-0.7695525271036127,0.7762168344898375,0.16878228073302448,1
-0.35297953711749996,-1.226291116053536,1.0451950129407757,-1.1534651778949483,-1.3056588606080088,-0.9310361394721022,0.4998514035855254,1.3136455270217806,0
-0.35297953711749996,-0.6109408340219642,0.8866535395146471,1.128699914435941,-2.5769898711921897,-1.5401055863269002,-0.8417723856446602,0.2599810849275799,0
-0.35297953711749996,-1.4956583659360887,0.9432020359438551,-1.3341870442318213,-2.7102253723596172,-1.1724431940287778,-0.5130486610663803,0.7853909681969123,0
-0.35297953711749996,-2.3064375814747713,0.9960569778467133,-0.6053262924416294,-2.3701299276171737,-1.344187456393343,-0.49753266899663395,-0.053782725829898737,0
-0.35297953711749996,-1.4457894747440827,0.9403127816765213,-1.265306858279427,-1.8940664539273575,-0.6423678175325187,0.5486597609720955,0.17113918734769396,0
-0.2445418776632581,2.0694114929616623,1.4594401407268545,0.11126755370002944,-1.6229786047298713,-0.7861531231392055,0.5258016327846707,0.3358034046669057,1
-0.35297953711749996,0.36325867586778654,0.7998365929978983,-0.5472138520434262,-1.2212972988586874,-1.0500933151314689,0.49018045788011844,-1.1258241802113014,1
-0.35297953711749996,-1.6530514930514317,-0.22707035316604007,1.7295488415657128,-1.1171734441961003,0.32252259986249543,-0.4893632395612756,0.468937142421487,0
-0.35297953711749996,1.7149249066707863,0.6883725642795302,-0.5752390630813952,-1.2202934334499047,-0.8188189183728045,0.6736554219126198,1.3025402898242948,0
-0.35297953711749996,-1.7087128893300927,-1.1263783571780983,-2.8276152507519394,-2.3335125319831214,-0.39374178505336205,0.5862488086978352,0.42517806210565356,0
-0.27700677796393186,-1.046838345208034,0.9171987475378505,-0.7142653706602734,-0.9128942376293327,-0.3640308763146386,1.3713255623463028,0.8302755297219792,0
-0.35297953711749996,1.9393349170348138,0.6753709200765278,-0.2652782262956213,-1.3056588606080088,-0.9310361394721022,0.4998514035855254,1.3136455270217806,1
-0.35297953711749996,1.7897282434587956,0.6840386828785293,-0.47191878415280386,-0.2724462509438216,-1.0664796284114753,0.12285632755588308,1.9580120184512184,0
-0.35297953711749996,1.5154493419027621,0.6999295813488655,-0.850759806890972,-1.0177585461836212,-1.1499478901768643,0.47329693649906507,-0.7306146045007282,1
-0.35297953711749996,-1.081325702875072,0.9140275275207457,-1.0199807668677483,-1.7158224764648762,-0.6971844016218732,0.5349974130100458,1.6108488577683167,0
-0.35297953711749996,1.2321719099336332,1.5732571728378293,0.9356609876561262,-1.4771141333570308,-0.4616793398296697,0.9662862854087784,0.5385856700645528,1
-0.35297953711749996,-0.4674249263186069,0.8745550608612067,-0.39524696263148806,-0.46753239763642984,-1.3692881447643286,0.4293971025756092,2.033604185563881,0
-0.35297953711749996,1.6650560154787803,0.691261818546864,-0.6441192490337894,-0.627088793690619,-0.3598939551775043,0.36618012869348,1.3701520728563756,0
-0.35297953711749996,-0.5641433794406777,0.8771381657418484,-0.7014855699233067,-1.716454709080785,-0.7295027983243031,0.5339268825780212,0.5160064983608821,0
-0.35297953711749996,-2.331372027070774,0.9975016049803802,-0.6397663854178265,-2.3508106046949546,-0.7000871712670318,0.22568507779928138,0.5228219331334465,0
-0.35297953711749996,-1.6396485844643585,0.9504998532658144,-0.08019053764000489,-1.7758931284103951,-0.8544396136772117,0.3579722212639477,0.5774540002557529,0
-0.35297953711749996,-0.6982737594753821,2.826357424692131,0.6193845586690728,0.02196396631151387,-0.35421985922925986,0.9042787022578965,-0.07758523085418811,0
-0.35297953711749996,-1.7393863668483707,0.9562783618004822,-0.2179509095447932,-0.029270812318460737,-1.6348925078746361,0.39130196713682125,1.188724159059516,0
-0.35297953711749996,1.7149249066707863,0.6883725642795302,-0.5752390630813952,-0.38191961554424025,-0.8063524311533194,1.1015463389554028,2.4440428871279396,1
-0.35297953711749996,1.365842668326744,0.7085973441508671,-1.0574003647481547,-0.04723417013942999,-1.4719829651489302,0.5736770989621767,0.9769862426618147,0
-0.35297953711749996,1.8395971346508015,0.6811494286111955,-0.4030385982004097,-0.31276935369644887,-0.917947057948686,1.0931371692201526,-0.024962480027786227,0
-0.35297953711749996,1.5403837874987651,0.6984849542151986,-0.8163197139147749,0.07743597162916949,-1.494620981500514,0.6085569900456893,1.1748426125626588,1
-1.210817364498784,-0.7041971409456607,0.8904217756946216,-0.6368508245492113,-0.029270812318460737,-1.6348925078746361,0.39130196713682125,1.188724159059516,0
-0.35297953711749996,-2.1327271295568466,-0.1902051750240642,1.5482908054417157,-0.8598432207145759,0.19627833544418483,-0.5107087586481368,0.968593188766604,0
-0.35297953711749996,-1.8391241492323827,0.9620568703351499,-0.3557112814495817,-0.46215885122313094,-1.1143271948724571,0.7889801371477372,-0.005528314932186196,0
-0.35297953711749996,-1.0532793792897035,0.9106465555659585,-1.1190121262159707,-0.632889705539339,-1.3387616370710522,0.44137210049354825,0.016682159462785173,0
-0.35297953711749996,2.014138253822823,0.671037038675527,-0.16195794736703006,-1.3397213734198532,-0.925116981811127,0.5023054707108304,0.8858017157094078,1
-0.35297953711749996,1.9642693626308168,0.6739262929428609,-0.2308381333194242,-0.9612499406627555,-0.19022630213369274,0.5359252723172678,0.6970316508094745,1
-0.35297953711749996,1.8894660258428078,0.6782601743438617,-0.3341584122480155,-1.7233355996111492,-0.41793337533392333,0.8962677976262845,0.14892871295272248,1
-0.35297953711749996,-1.4659967727537422,-0.583005744964266,2.4194237303936066,-2.430345360213371,-0.7338619440893386,0.14198636907525916,0.5994178628813528,0
-0.35297953711749996,1.7647937978627926,0.6854833100121963,-0.506358877129001,-0.7020399673871305,-1.2271670102756858,0.4497812702287984,2.485687526618511,0
-0.35297953711749996,1.390777113922747,0.7071527170172002,-1.0229602717719575,-1.3397213734198532,-0.925116981811127,0.5023054707108304,0.8858017157094078,0
-0.35297953711749996,1.41571155951875,0.7057080898835333,-0.9885201787957604,-1.4331974777707666,-0.8684666569962246,0.510430720504181,1.0660048094033843,1
-0.35297953711749996,1.6899904610747833,0.6898171914131971,-0.6096791560575923,-1.7158224764648762,-0.6971844016218732,0.5349974130100458,1.6108488577683167,1
-0.35297953711749996,-1.224223890690241,-0.5775334760810242,-0.582194080961308,-2.557697545807704,-0.8616215165545855,-0.07347408776104591,0.6530995836914669,0
-0.35297953711749996,2.2385482641868504,0.6580353944725247,0.1480028894187439,-0.608563863036217,-1.2838173350905882,0.4416560204354478,2.305484432924535,1
-0.35297953711749996,-1.2976129594701917,0.9317774234099032,0.46871081467900244,1.2964254589639301,1.8486198267653209,-0.10002233286563939,2.011564860118758,0
-0.35297953711749996,1.365842668326744,0.7085973441508671,-1.0574003647481547,-1.1349280062918006,-0.7066016972735069,0.8474594402397143,1.291435052626809,0
-0.35297953711749996,-1.3283889480998337,-0.24961230889881425,0.4146832980958265,-0.40486316947900647,-0.9153059647257483,0.035258610622424025,-0.02205904486675947,1
-0.35297953711749996,1.1492705170787803,0.7241764683762623,0.32933336625300846,-1.903941269147551,-1.022765445326158,0.09726619377330598,0.5941118560519815,0
-0.35297953711749996,-1.2283352506652834,0.924520748496731,0.40249397511109797,-0.8480514659452558,-1.2325832991989267,0.37145037456351204,2.290607466017039,0
-0.35297953711749996,-1.3211172467640675,0.9330896460081867,-1.0931063933984415,-1.1747924469385196,-0.38859673501694036,0.050213367363434125,1.0221023659763366,0
-0.2622245897753581,-1.1280827160777127,0.9149804369669593,-1.222332405144562,-1.4903448129537473,-0.6586011910186942,0.7409060127065596,0.37226412286743354,0
-0.35297953711749996,-2.096345885796386,-0.19814427124786405,1.2791642864906605,-2.2075097504937746,-0.9508854682805475,0.03200463577800022,0.09310465627162046,0
-0.35297953711749996,-0.904187457917244,0.905740595759061,0.8502151838016603,-1.5473321856077997,-0.7845722655718862,0.5208584422040929,1.7795430002924082,0
-0.35297953711749996,1.190470881900626,-0.4574400288485734,0.614055431468431,-0.9787613143274543,-0.6901056083684566,0.18247282844381918,1.587425846545125,0
-0.35297953711749996,-1.6396485844643585,0.9504998532658144,-0.08019053764000489,-2.2075097504937746,-0.9508854682805475,0.03200463577800022,0.09310465627162046,0
-0.35297953711749996,-0.853803814521679,0.8990895384966231,-0.8434913824063939,-1.609747925133155,-0.589231271950181,0.7511819054868893,0.502124951864025,0
-0.35297953711749996,-1.5245292685553782,0.9386608704467082,-0.17926537599029735,-0.8896413521239024,-1.0081078242077974,0.6452960755992571,1.0371399814953044,0
-0.35297953711749996,-1.8206368259382248,-0.2141675742535838,0.13062819412758164,-1.8579373646685489,-0.6708841297975568,0.5452914409659331,-0.12041414901481318,0
-0.35297953711749996,-2.193356539475699,-0.7210033002087,-1.5407884036425017,-2.2723152327980625,-0.4197542716520045,0.5813105253166115,0.6784228833344411,0
-0.35297953711749996,-1.8391241492323827,0.9620568703351499,-0.3557112814495817,-1.2121827562570953,-0.9876864642870046,0.49172615379217477,1.1334424333278044,0
-1.570597110012427,1.9393349170348138,0.6753709200765278,-0.2652782262956213,1.235477805995906,0.6559154957365403,-1.4539065236174746,0.9780938652348823,1
-0.35297953711749996,1.8146626890547986,0.6825940557448624,-0.43747869117660687,-1.1110286833958112,-1.1719540596043896,0.34701531369685845,0.8233411845798482,0
-1.3036430995512363,1.8645315802468045,0.6797048014775285,-0.3685985052242126,-0.3501588322039699,-0.803947413111304,-0.018561332705299027,2.2615819894974876,1
-0.35297953711749996,0.7004504963507256,0.7501797567822669,-0.29058830731853935,0.07743597162916949,-1.494620981500514,0.6085569900456893,1.1748426125626588,1
-0.35297953711749996,1.440646005114753,0.7042634627498663,-0.9540800858195633,-1.4331974777707666,-0.8684666569962246,0.510430720504181,1.0660048094033843,0
-0.35297953711749996,-1.731288310781527,1.8096929476630499,0.28505643292973337,0.4992264990401196,-1.3306386326001012,-0.09280325714563492,0.22430846672045324,0
-0.35297953711749996,1.1243360714827773,0.7256210955099291,0.29489327327681136,-0.9120755363138339,-1.3167462150234,0.24109736081819116,2.2989363939151524,0
-0.35297953711749996,1.8395971346508015,0.6811494286111955,-0.4030385982004097,-1.069978758477693,0.2855481513436722,0.9984369916225413,1.2902941655690483,0
-0.35297953711749996,2.039072699418826,0.6695924115418601,-0.12751785439083296,-1.5059476348208578,-0.41449673669754505,0.969815056528192,1.589907715931402,1
-0.35297953711749996,-1.0258403566353176,0.9097683277733697,0.5095364835336444,-1.0177585461836212,-1.1499478901768643,0.47329693649906507,-0.7306146045007282,0
-0.35297953711749996,-1.2409095620292252,1.720048120925847,-0.785440799355185,-2.6644043297553335,-1.0018930429287076,-0.290729110669914,0.6669811301883241,0
-0.35297953711749996,2.263482709782854,0.6565907673388578,0.182442982394941,-1.800590349576444,-0.6990181423474211,0.540534511178745,-0.009063906346282402,0
-0.35297953711749996,-1.3959205835520765,0.9374235274091874,-1.196426672327033,-1.5703787780030913,-0.25269605252737626,-1.357127047681696,-0.4341798310248184,0
-1.570597110012427,2.088941590610832,0.6667031572745262,-0.05863766843843882,0.557563821082206,-1.5806578234575492,0.7933530283145873,0.441080496354002,1
-0.25139130765134426,0.009348869267392312,0.8439117416675092,0.09063656852922652,-1.3397213734198532,-0.925116981811127,0.5023054707108304,0.8858017157094078,0
-0.35297953711749996,-2.013665268404404,0.9721692602708184,-0.5967919322829613,-1.3188895402047254,-1.1279579906611268,0.27447113088330666,1.1473239798246615,0
-0.08431414044195645,1.8146626890547986,0.6825940557448624,-0.43747869117660687,-0.029270812318460737,-1.6348925078746361,0.39130196713682125,1.188724159059516,1
-0.35297953711749996,1.4905148963067592,0.7013742084825325,-0.8851998998671691,-1.8513837403483053,-0.5862592069828698,0.6355617701356427,0.16558656874895106,0
-0.35297953711749996,2.1886793729948444,0.6609246487398586,0.0791227034663497,-0.9917573738151738,-0.16446793190267628,0.538827276450793,0.9995005120801251,1
-0.35297953711749996,-1.62760229525187,-0.23227678329481105,0.001402182381461281,-2.284555885912744,-1.1389622913206159,-0.9757785538532975,-0.07171972645965896,0
-0.35297953711749996,1.7149249066707863,0.6883725642795302,-0.5752390630813952,-1.457800461500009,-0.8862578026321173,0.5114438064346754,0.017373228020835185,0
-0.35297953711749996,-1.3822851233797737,-0.24841610827008054,0.24406492740864993,-1.6927592214386866,-0.7709888092904686,0.5309336146159376,-0.4388443256608836,0
-0.35297953711749996,-1.8640585948283859,0.9635014974688167,-0.3901513744257788,-0.632889705539339,-1.3387616370710522,0.44137210049354825,0.016682159462785173,0
-0.35297953711749996,-2.3563064726667773,0.9989462321140472,-0.6742064783940236,-2.4985428443490902,-0.9728271333043178,-0.16900027829948838,0.684233918707636,0
-0.35297953711749996,1.5653182330947681,0.6970403270815317,-0.7818796209385778,-1.1442850137861011,-0.4143551052479569,0.04731136322990892,0.719633504705686,0
3.141592653589793,1.98920380822682,0.672481665809194,-0.1963980403432271,0.845730520753724,-1.8203992124501074,-0.29798958599411784,-0.6889114753681431,1
-0.35297953711749996,1.7647937978627926,0.6854833100121963,-0.506358877129001,-0.04723417013942999,-1.4719829651489302,0.5736770989621767,0.9769862426618147,1
-0.35297953711749996,-0.23044267462160306,0.8629738601549499,0.01751094199853359,-0.632889705539339,-1.3387616370710522,0.44137210049354825,0.016682159462785173,0
-0.35297953711749996,-1.0627801840119606,0.9158522315746778,0.6772564762514234,-1.9514134690194624,-0.6142338049826545,0.5534166907592836,0.05978894467916318,0
0.17205023911212614,2.039072699418826,0.6695924115418601,-0.12751785439083296,1.8761455648539997,0.050775440707668595,-1.7365363584202815,-0.8486418661749928,1
-1.570597110012427,1.6899904610747833,0.6898171914131971,-0.6096791560575923,-1.2197839098755063,-0.5879236042479804,0.9449407663219173,1.0382417164096698,0
-0.35297953711749996,-2.5660730680325097,-0.16900330206959224,0.7265407046776979,-2.271533820862353,-1.0350483841050209,-0.09834837796732065,0.1014335841697348,0
-1.6166898887970926,-1.6396485844643585,0.9504998532658144,-0.08019053764000489,-0.9508601014519314,-1.1349589151262665,0.4693931487820058,1.0016952894073734,0
-0.35297953711749996,1.8645315802468045,0.6797048014775285,-0.3685985052242126,0.7628915392257798,1.14726219489471,-1.18629744740998,2.080972592603044,0
-1.790818164205831,-0.018921398951369392,0.8259788556562332,0.6661261319461532,-0.5469637215339567,-0.6966047666699935,-0.0018649694136875783,2.241152403991248,1
-0.35297953711749996,-1.9887308228084009,0.9707246331371514,-0.5623518393067641,-0.8219774309314772,-1.5643603878388324,0.0071459746177116035,2.3332475259182495,0
-0.2642864079860575,0.09708126987076474,0.8427725098004826,0.43055702612799107,-1.716454709080785,-0.7295027983243031,0.5339268825780212,0.5160064983608821,0
-0.35297953711749996,-0.9286071513096883,0.9034234198976239,-0.9468116613349852,-1.9072971335240738,-0.8392896687215432,0.32327948826987685,0.004817640150574842,0
-1.3708617352788743,-1.6500321637894901,-0.23026575682006611,1.5610706061786823,-1.4261121280388442,-0.4814303312207916,0.21920912326812234,0.3571034315370448,0
-0.35297953711749996,-1.4247914861713662,0.9328823619120405,-0.041505004085509,-1.0693390131787412,-0.27648859691585015,1.3846740577994787,0.8882128558392812,1
-0.35297953711749996,1.41571155951875,0.7057080898835333,-0.9885201787957604,-1.6806528860320973,-0.36182476478427444,0.9831698067898317,0.1433760943539797,0
-0.35297953711749996,-0.8663760558546555,0.8976690949998776,-0.9462884502506416,-1.716454709080785,-0.7295027983243031,0.5339268825780212,0.5160064983608821,0
-0.35297953711749996,1.4021326008927706,-1.3754293203077554,-2.206427641506302,-1.0346300990847768,0.1196263751487241,1.8349678965759573,1.4486130036928686,0
-0.35297953711749996,1.7149249066707863,0.6883725642795302,-0.5752390630813952,-1.4331974777707666,-0.8684666569962246,0.510430720504181,1.0660048094033843,0
-0.35297953711749996,-1.3530074786452986,0.9317438841650657,0.23029351023011246,-1.3386465660691305,-0.3190027954135321,0.06343363665694474,0.3422432259372432,0
-0.35297953711749996,1.98920380822682,0.672481665809194,-0.1963980403432271,0.2517534394602594,-0.986214747327959,0.5299412599232491,0.9312861490383403,1
-0.35297953711749996,1.9393349170348138,0.6753709200765278,-0.2652782262956213,0.1450466555126293,-1.126486273702081,0.312686237014381,0.9451676955351974,1
-0.35297953711749996,1.0408642083246078,-0.44877226604657183,0.4074148736112484,-1.4331974777707666,-0.8684666569962246,0.510430720504181,1.0660048094033843,0
-0.35297953711749996,-0.293200300507403,0.8418697541265694,0.28728510920798533,-1.4321226704200438,-0.26235247059862965,0.07155888645029529,0.5224463196312195,0
-0.35297953711749996,1.7149249066707863,0.6883725642795302,-0.5752390630813952,-1.0177585461836212,-1.1499478901768643,0.47329693649906507,-0.7306146045007282,0
-0.35297953711749996,-1.1530171616737157,0.9164250641006262,-1.256772498120759,-1.4331974777707666,-0.8684666569962246,0.510430720504181,1.0660048094033843,0
-0.35297953711749996,2.088941590610832,0.6667031572745262,-0.05863766843843882,1.502192087553682,0.2893356010312609,-1.703620531166313,0.2720948420199399,1
-0.35297953711749996,-1.4006877078294597,-0.24471202815673543,1.9054715359406535,-2.605300961644701,-0.885943416981867,-1.1352198979464816,0.5702344926013891,0
-0.08431414044195645,1.6650560154787803,0.691261818546864,-0.6441192490337894,-0.029270812318460737,-1.6348925078746361,0.39130196713682125,1.188724159059516,1
-0.35297953711749996,-1.5718918610262251,0.9476683218802395,0.08986979194083439,-1.1109898770351383,0.311016554821298,2.06607660132801,-0.21758497449281333,0
-0.35297953711749996,-1.3211172467640675,0.9330896460081867,-1.0931063933984415,-0.029270812318460737,-1.6348925078746361,0.39130196713682125,1.188724159059516,0
-0.35297953711749996,2.014138253822823,0.671037038675527,-0.16195794736703006,-1.4185845096056942,-0.7255540373991647,-0.33019281518467936,1.0550266980675538,0
-0.35297953711749996,-2.024048847729536,-0.20859634981506225,1.044469211535726,-1.5970515969013774,-0.7988727173928163,0.5236509897976915,0.3861456693642908,0
-0.35297953711749996,-2.1817653534947556,0.9888338421783787,-0.4331258275606439,-1.2786443139507926,-1.0219593025816047,0.49493738766730655,-1.237174422879832,0
-0.2445418776632581,1.5902526786907711,0.6955956999478647,-0.7474395279623807,0.016789900229148058,-1.387820049324457,0.7040301127074975,0.9686573147637003,1
-0.35297953711749996,1.7647937978627926,0.6854833100121963,-0.506358877129001,0.6676486039983927,-1.2494224490828967,1.2364341876305844,0.21268472416007211,0
-0.35297953711749996,1.9144004714388108,0.6768155472101948,-0.2997183192718184,-0.5367451939640373,-1.3859294084174025,0.4333969218333747,0.20336519218842497,0
-0.35297953711749996,1.9144004714388108,0.6768155472101948,-0.2997183192718184,-0.7721249408698584,-0.22967850760149167,1.5861265181298658,1.2442377945374947,1
-0.35297953711749996,-1.395162079846359,-0.24178923464456403,2.075008654437149,-2.5024356999328212,-0.7012478314518256,0.1478715112923919,0.36717262884826324,0
-0.35297953711749996,1.98920380822682,0.672481665809194,-0.1963980403432271,0.625582859532392,-0.6503507300328435,0.8542085689011696,1.0944567687425424,1
-0.35297953711749996,2.2136138185908476,0.6594800216061916,0.11356279644254674,-1.4961661489692617,-0.8375747024123387,0.5156539661640063,0.9437390418267099,1
-0.35297953711749996,1.8395971346508015,0.6811494286111955,-0.4030385982004097,-0.47939218895962143,0.8832011913579685,2.033478334407711,0.1293528473180411,0
-0.35297953711749996,-1.4153756816003142,-0.34166554357728607,0.4525060987281678,-1.4331974777707666,-0.8684666569962246,0.510430720504181,1.0660048094033843,0
-0.35297953711749996,-1.5365346503360182,0.9433001471143494,0.02289470970367863,-2.1432818448713054,-1.2905889038207916,-0.3350932090574511,0.5715326843483108,0
-0.35297953711749996,-1.3283660321624882,1.8633115517149312,-0.5675689633601166,-1.0562246788390741,-1.064198319355384,0.4787894451800379,1.4362649906783944,0
-0.35297953711749996,2.039072699418826,0.6695924115418601,-0.12751785439083296,-1.9990797077748947,-0.5582205429499517,0.5584935750838861,1.0608505467258147,0
-0.35297953711749996,1.7398593522667893,0.6869279371458632,-0.5407989701051981,-1.2984744241544195,-0.013994863171159277,0.5642694284207586,0.4039504571906462,0
-0.35297953711749996,1.4905148963067592,0.7013742084825325,-0.8851998998671691,-1.7248324303285458,-0.6989936264981205,0.535530389858193,1.3845615558860216,1
-0.35297953711749996,0.09473901357897793,-0.7339257990333157,1.3445364384010974,-0.608563863036217,-1.2838173350905882,0.4416560204354478,2.305484432924535,0
-0.09794310827539326,1.5403837874987651,0.6984849542151986,-0.8163197139147749,-1.4331974777707666,-0.8684666569962246,0.510430720504181,1.0660048094033843,1
-1.3785438650763184,-1.1031482704817095,0.9135358098332924,-1.1878923121683649,-2.4981780683543295,-1.5125132880422893,-0.7582386964872756,-0.03712487003367004,0
-0.35297953711749996,-1.2532696962612864,0.925965375630398,0.36805388213490087,-1.3691734074021884,-0.7843037411717514,0.6407837342495017,1.0576758815052698,0
-0.35297953711749996,-1.8391241492323827,0.9620568703351499,-0.3557112814495817,-1.9171719487442678,-1.2196872965151826,-0.1281140789289127,0.4277903088548623,0
-0.35297953711749996,-1.1443874676461299,-0.7927026874479337,-2.228992632830457,-2.704195606939069,-0.9777779089817891,-0.2872703222559192,0.74369069463086,0
-0.35297953711749996,1.5902526786907711,0.6955956999478647,-0.7474395279623807,-0.7196998247307537,0.2500647116433927,1.1935514210040168,-0.13632745263997226,0
-0.1777948813507857,0.774423165884638,-0.43030388755384275,1.7252684186600171,-1.9514134690194624,-0.6142338049826545,0.5534166907592836,0.05978894467916318,0
0.17205023911212614,1.6899904610747833,0.6898171914131971,-0.6096791560575923,-0.029270812318460737,-1.6348925078746361,0.39130196713682125,1.188724159059516,1
-0.35297953711749996,-1.1096297459420252,0.9155460821879857,0.43989805491199907,-1.8447066850718323,-0.47396227860853235,0.7706717136681518,0.04590739818230605,0
-0.35297953711749996,-1.2712483555720613,0.9302003917408528,-1.0242262074460473,-1.4961661489692617,-0.8375747024123387,0.5156539661640063,0.9437390418267099,0
-0.09794310827539326,1.440646005114753,0.7042634627498663,-0.9540800858195633,-1.716454709080785,-0.7295027983243031,0.5339268825780212,0.5160064983608821,1
-0.35297953711749996,1.9393349170348138,0.6753709200765278,-0.2652782262956213,-1.4331974777707666,-0.8684666569962246,0.510430720504181,1.0660048094033843,0
-0.35297953711749996,1.7149249066707863,0.6883725642795302,-0.5752390630813952,1.2124174929330591,-0.5961160456157566,1.2562596300789357,0.3468131060370287,1
-0.35297953711749996,-2.156830907898753,0.9873892150447118,-0.3986857345844468,-0.7020399673871305,-1.2271670102756858,0.4497812702287984,2.485687526618511,0
-0.35297953711749996,-1.3959205835520765,0.9374235274091874,-1.196426672327033,-1.8940664539273575,-0.6423678175325187,0.5486597609720955,0.17113918734769396,0
-0.35297953711749996,-1.4707239203400857,0.9417574088101882,-1.2997469512556241,-2.2274174853669644,-1.2601042478439095,-0.3284855804567274,0.04646227964114635,0
-1.3036430995512363,1.8894660258428078,0.6782601743438617,-0.3341584122480155,2.095866170903018,0.327496171564009,-1.3025745410595535,-0.8885636578569462,1
0.014653133671615304,-1.0787285770892652,0.9158529856947295,0.6091345329682806,-1.6318254555940266,-0.6317312934825502,-0.3128759130080644,0.27927354948409855,1
-1.4233562888947437,1.6151871242867744,0.6941510728141979,-0.7129994349861837,-1.244386893604749,-0.6057147498838731,0.9459538522524116,-0.010389864972879082,0
-0.09794310827539326,1.6401215698827774,0.692706445680531,-0.6785593420099865,0.7181037304872635,-2.0997610365293857,0.325927155242883,-0.6518931188472163,1
-0.35297953711749996,-0.8768023610215124,1.8838309886689701,1.281408113498414,-1.5195882323897576,-0.42478000640588914,0.2273343730614729,0.5373065252310212,0
-0.35297953711749996,-1.4956583659360887,0.9432020359438551,-1.3341870442318213,-2.2847645004590693,-1.2319702352940451,-0.32372865066953926,-0.06488796302738442,0
-0.35297953711749996,-1.9388619316163953,0.9678353788698175,-0.49347165335437004,-0.7118926480152903,-1.2331250134641802,0.4502271339337087,2.1048517537243194,0
-0.35297953711749996,-2.2565686902827653,0.9931677235793794,-0.5364461064892352,-1.9514134690194624,-0.6142338049826545,0.5534166907592836,0.05978894467916318,0
-0.35297953711749996,1.5154493419027621,0.6999295813488655,-0.850759806890972,0.4407546597586569,-0.5194551938078187,-0.6212663985172355,0.8906798592225202,1
-0.35297953711749996,-2.3064375814747713,0.9960569778467133,-0.6053262924416294,-2.1173548370428117,-1.3033084980744023,-0.3372438520444302,0.6218749490456958,0
-0.35297953711749996,-1.2712483555720613,0.9302003917408528,-1.0242262074460473,-0.7395964894869691,-1.4790331634451745,0.22411707758468014,0.030563705959642418,0
-0.09794310827539326,2.113876036206835,0.6652585301408593,-0.024197575462241577,1.4488913738911662,0.9364585484847845,-1.0193964777997384,0.9503307722411679,1
-0.35297953711749996,-0.90125895571995,0.9068379310972486,-0.6093629975378732,-0.6391085705893944,-0.993008008623993,-0.17141709536778837,-0.2558182159882987,0
-0.35297953711749996,-1.2463139099760583,0.9287557646071858,-0.9897861144698502,-0.8348314434280406,-0.4186097314044929,1.3642898901462897,0.4361295147846511,0
-0.35297953711749996,-1.9388619316163953,0.9678353788698175,-0.49347165335437004,-1.2121827562570953,-0.9876864642870046,0.49172615379217477,1.1334424333278044,0
-0.35297953711749996,-1.70294207032819,0.9540772432188285,-0.15023868379427494,-2.378240604809983,-1.175319910479143,-0.31560340087618877,0.11531513066659194,0
-0.35297953711749996,2.1837677213213635,0.7788085242071152,-0.11899645293494576,-0.31245615178325603,-0.8387259011586363,-0.0222491370668767,1.789069062936618,1
-0.35297953711749996,-1.8141897036363797,0.960612243201483,-0.32127118847338454,-0.5594267330880542,-2.1452862917447164,-0.46914701100039025,1.043617665846729,0
-0.35297953711749996,-1.3530074786452986,0.9317438841650657,0.23029351023011246,-0.7545753615943422,-1.2892336240138291,0.36332512477016143,2.110404372323062,0
-0.35297953711749996,-1.4208550291480797,0.9388681545428543,-1.23086676530323,-1.2121827562570953,-0.9876864642870046,0.49172615379217477,1.1334424333278044,0
-0.35297953711749996,-0.5296560217736395,0.8803093857589531,-0.39577017371583156,-0.132599597297534,-1.584200186248228,0.39987308063508215,0.9880914798593003,1
-0.35297953711749996,-0.8224283348440066,0.9041971033348482,-0.40430453387449955,-0.132599597297534,-1.584200186248228,0.39987308063508215,0.9880914798593003,0
-0.35297953711749996,1.5894220114366748,-0.48055406298724423,1.1650969190875846,-0.4016525222258157,-0.05558005286668577,-0.5496474218801551,0.9508335980560101,0
-0.35297953711749996,2.263482709782854,0.6565907673388578,0.182442982394941,-0.7707426523015026,-0.28368773919345636,0.5201227097387868,1.0669381360045453,0
-0.35297953711749996,-1.9139274860203919,0.9663907517361506,-0.45903156037817305,-0.8727708217033386,-1.4516014524742813,0.10217323357460939,2.5078980010134826,0
-0.35297953711749996,1.9642693626308168,0.6739262929428609,-0.2308381333194242,0.24082146820787242,-1.8105085545793853,0.36741409599511193,0.26821091014750087,1
-0.35297953711749996,-0.9535415969056913,0.9048680470312909,-0.9812517543111822,-1.5114188624332858,-0.41845057374987626,0.9700404356759293,1.3567984628923073,0
-0.35297953711749996,-1.3211172467640675,0.9330896460081867,-1.0931063933984415,-0.25804056577848,0.6205109015271539,1.834232164110651,0.7360081394050058,0
-0.35297953711749996,1.3777630499561786,-0.5653841619973812,1.0307192548389403,-0.004342842014052772,-1.322866410625852,0.008529204941965685,0.9646018606307974,1
-0.35297953711749996,-0.7790004777336699,0.8947556570956223,-0.7401711034778025,-0.17359368930143027,-1.221957470178088,0.8540024785899699,-0.9786022208611251,1
-0.35297953711749996,-0.9317190292990538,0.9053597647187441,-0.8133402090105659,-2.320893589717878,-1.203453923029007,-0.32036033066337677,0.2266653733351227,0
-0.35297953711749996,1.8894660258428078,0.6782601743438617,-0.3341584122480155,-0.14761702624127238,1.219500337764952,-1.562612110077639,1.1168967796940041,0
-0.35297953711749996,2.039072699418826,0.6695924115418601,-0.12751785439083296,-1.6748708027705574,-0.7220027830960086,0.5314377591227486,1.5319022826740116,1
-0.35297953711749996,-1.4671772561770389,1.1215581120477878,0.26231331714985573,0.8277395536200947,-2.1542756800476974,0.31680781328761354,-0.46341913833523973,0
-0.35297953711749996,-1.7497699461735023,-0.22448724828539846,1.423310234273894,-1.5328189119864741,-0.6217018575949137,0.001954100359254196,0.370984978033902,0
-0.35297953711749996,-2.3563064726667773,0.9989462321140472,-0.6742064783940236,-1.732485996398529,-1.4921222449685907,-0.36916868804994707,1.3691717130092094,0
-0.35297953711749996,-0.828869368925676,0.8976449113629562,-0.8090512894301968,-0.9987691883618351,-0.7071434115387604,0.926236199609911,1.1056793403340899,0
-0.35297953711749996,-0.7041971409456607,0.8904217756946216,-0.6368508245492113,-1.5185629049288707,-0.9806838780955224,0.3366267021770865,1.0771100466008698,0
-0.35297953711749996,-1.4527452610293108,0.9375223926997334,0.09253313832532417,0.14146004199774742,-1.4104580656760408,0.7389100037910102,1.1665136846645443,0
-0.35297953711749996,-2.0489880793291873,2.3881958528794858,0.45427896395730405,-1.9596460477769946,-1.1827879630914022,-0.8670659912762182,0.4265111640213307,0
-0.35297953711749996,1.7398593522667893,0.6869279371458632,-0.5407989701051981,0.3975563234720598,-1.0738064023781475,1.2603220587722936,1.1331979730720871,1
-0.35297953711749996,-0.9011681286553024,0.902545192105035,0.6817369484146301,0.39041958028087986,-1.5211204736821848,0.019521224883769006,0.2419449816196263,0
-0.27700677796393186,-1.0283449336937005,0.9092019284322916,-1.0845720332397735,-1.1160382446817936,-1.0348542356333548,0.4837509751320012,1.320125466053444,0
-0.35297953711749996,1.5154493419027621,0.6999295813488655,-0.850759806890972,-0.9120755363138339,-1.3167462150234,0.24109736081819116,2.2989363939151524,1
-0.35297953711749996,0.6256471595627164,0.7545136381832677,-0.3939085862471307,-1.2121827562570953,-0.9876864642870046,0.49172615379217477,1.1334424333278044,0
-0.35297953711749996,-1.9612508927221666,-0.20829095454842184,1.3499495761582934,-1.5970515969013774,-0.7988727173928163,0.5236509897976915,0.3861456693642908,0
-0.35297953711749996,-0.3147989234806473,0.8626918944051791,-0.3570846401613356,-1.6466110456660268,-1.149009709744469,0.07592067468644481,1.0937679023970985,0
-0.35297953711749996,1.9144004714388108,0.6768155472101948,-0.2997183192718184,0.4508570371345759,-1.7209293498316711,0.5760980054057192,0.4549620428508591,1
-0.35297953711749996,1.7398593522667893,0.6869279371458632,-0.5407989701051981,0.456001866979606,0.9233694669613686,-1.6126822434343657,2.288938779290735,1
-0.35297953711749996,1.5182967246007393,-1.4495298154352163,-2.0847828973061047,-2.2149682177059575,-0.4478882842018687,0.5765535955294234,0.7897731260029719,0
-0.35297953711749996,2.2136138185908476,0.6594800216061916,0.11356279644254674,-0.608563863036217,-1.2838173350905882,0.4416560204354478,2.305484432924535,0
-0.35297953711749996,-1.4208550291480797,0.9388681545428543,-1.23086676530323,-1.690527701252291,-0.7422223925779139,0.5317762395910421,0.5663487630582671,0
-0.35297953711749996,2.113876036206835,0.6652585301408593,-0.024197575462241577,0.37063643982150185,0.8111522458620708,-1.7864862617614605,2.3000440164882203,1
-0.35297953711749996,-1.8889930404243889,0.9649461246024837,-0.42459146740197584,-1.0177585461836212,-1.1499478901768643,0.47329693649906507,-0.7306146045007282,0
-0.35297953711749996,-1.8206368259382248,-0.2141675742535838,0.13062819412758164,-2.2655956060308124,-0.581158171081381,0.3997300328512758,0.7339104240669119,0
-0.35297953711749996,-1.4457894747440827,0.9403127816765213,-1.265306858279427,-2.0007732378749874,-0.7826393439066408,0.3314047380632274,0.1850207338445512,0
-0.35297953711749996,-0.9535415969056913,0.9048680470312909,-0.9812517543111822,-1.8513837403483053,-0.5862592069828698,0.6355617701356427,0.16558656874895106,0
-0.35297953711749996,-1.0782138248857065,0.9120911826996254,-1.1534522191921677,-1.3397213734198532,-0.925116981811127,0.5023054707108304,0.8858017157094078,0
-0.35297953711749996,1.220125269493317,-1.8038645494863674,-0.11951253878094237,-1.1160382446817936,-1.0348542356333548,0.4837509751320012,1.320125466053444,1
-0.35297953711749996,1.8395971346508015,0.6811494286111955,-0.4030385982004097,-1.2548654698361474,-1.0437950748366536,0.40482414462862754,1.138995051926547,1
-0.35297953711749996,1.340908222730741,0.7100419712845341,-1.0918404577243517,-1.5970515969013774,-0.7988727173928163,0.5236509897976915,0.3861456693642908,1
-0.35297953711749996,1.365842668326744,0.7085973441508671,-1.0574003647481547,-1.0678364462423608,-0.8849501349299167,0.7052026672697032,0.5534899925664802,0
-0.35297953711749996,-1.0782138248857065,0.9120911826996254,-1.1534522191921677,-2.1074800218226173,-0.9229108702807629,0.11414971515435932,0.19890228034140833,0
0.6194997369052659,-0.20010388107876698,1.6528215893399443,0.2562963500893959,0.9524373047013541,-1.6801276860759853,-0.08073456308524973,-0.702793021865,1
-0.35297953711749996,0.6497509379046228,-0.4230807518855082,1.5530679537790317,-1.0177585461836212,-1.1499478901768643,0.47329693649906507,-0.7306146045007282,0
-0.35297953711749996,1.5902526786907711,0.6955956999478647,-0.7474395279623807,-1.3681180082321056,-0.6692488707633921,0.7763599936546481,0.9270811860304813,0
-0.35297953711749996,-1.2213794643800553,0.9273111374735189,-0.9553460214936531,-0.029270812318460737,-1.6348925078746361,0.39130196713682125,1.188724159059516,0
-0.35297953711749996,1.7897282434587956,0.6840386828785293,-0.47191878415280386,-0.3501588322039699,-0.803947413111304,-0.018561332705299027,2.2615819894974876,0
-0.35297953711749996,-1.6072713853242295,-0.7648332150271535,-2.7349430088778512,-1.6390098920476157,-1.5487725697834929,-0.3772939378432977,1.188968619315233,0
-0.35297953711749996,-0.8512992374632963,0.8996559378377011,0.7506171343670243,-1.005046317880995,-0.3378912913892396,1.3783132550831685,0.01218930673079166,0
-0.35297953711749996,-2.3064375814747713,0.9960569778467133,-0.6053262924416294,-2.2847645004590693,-1.2319702352940451,-0.32372865066953926,-0.06488796302738442,0
-0.2521601212214356,1.390777113922747,0.7071527170172002,-1.0229602717719575,-1.1481586858885173,-0.9035235484625314,0.6220791675374956,1.12511350542969,0
-0.35297953711749996,2.064007145014829,0.6681477844081932,-0.09307776141463578,-1.4331974777707666,-0.8684666569962246,0.510430720504181,1.0660048094033843,0
-0.35297953711749996,-1.80265816662745,-0.21840259036403853,1.52290828370853,-1.7037583808490075,-0.9391442437669384,0.3063959668888235,0.4000272158611479,0
-0.35297953711749996,1.4905148963067592,0.7013742084825325,-0.8851998998671691,-1.161432828961299,-0.27384750369291244,0.3267954992017503,0.8911162910003081,0
-0.35297953711749996,1.6899904610747833,0.6898171914131971,-0.6096791560575923,0.3975563234720598,-1.0738064023781475,1.2603220587722936,1.1331979730720871,1
-0.35297953711749996,-1.963796377212398,0.9692800060034845,-0.5279117463305671,-2.3674691588806605,-0.9879832317261638,-0.09039055023504389,-0.08484329792550716,0
-1.3158064717305231,-0.8602852899819948,0.9010998108513164,0.7842989846739699,-2.141176930767262,-0.7235042937746832,-0.8192717585987093,0.07418899653891575,0
-0.35297953711749996,2.064007145014829,0.6681477844081932,-0.09307776141463578,-1.2121827562570953,-0.9876864642870046,0.49172615379217477,1.1334424333278044,0
-0.22084844127589878,2.263482709782854,0.6565907673388578,0.182442982394941,0.2122182056923969,-2.7768866850170757,-0.7174451831766926,-0.597420394350541,0
-0.35297953711749996,-1.4408750218557285,-1.1488214476203262,-2.8535209835694686,-1.233014589472223,-0.7848454554370049,0.7195604936196984,0.8719201692125507,0
-0.35297953711749996,-1.9388619316163953,0.9678353788698175,-0.49347165335437004,-0.8589733961840375,-1.28628689170656,-0.8355593062607369,2.113699186985329,0
-0.35297953711749996,-2.1318964623027497,0.9859445879110449,-0.3642456416082497,0.01909864958708285,-1.244601790643066,-0.27759929541453277,0.95807058292911,0
-0.35297953711749996,-1.62760229525187,-0.23227678329481105,0.001402182381461281,-2.234038467713572,-0.4429515496083031,0.5779833832651484,0.6046329930440957,0
-0.35297953711749996,2.2385482641868504,0.6580353944725247,0.1480028894187439,-0.3951502951409569,-1.003274282342344,0.876166066253184,2.2777213399308205,1
-0.35297953711749996,-0.8633046192439361,0.9042952145053423,0.9527772200610003,-2.0043319106754414,-1.480224982039887,-0.5263811925313504,2.1118040312972672,0
-0.35297953711749996,-1.9139274860203919,0.9663907517361506,-0.45903156037817305,-1.4330248558638385,-0.4941008603313658,0.9622576684985321,0.26248856782621455,0
-0.35297953711749996,1.7897282434587956,0.6840386828785293,-0.47191878415280386,-1.609747925133155,-0.589231271950181,0.7511819054868893,0.502124951864025,0
-0.35297953711749996,0.8500571699267438,0.7415119939802653,-0.08394774946135672,-0.029270812318460737,-1.6348925078746361,0.39130196713682125,1.188724159059516,1
-0.35297953711749996,1.7149249066707863,0.6883725642795302,-0.5752390630813952,-0.9855385087651185,-0.5102215603497359,1.1516164723121296,1.272000887531209,0
-0.16234871780622398,-0.9170756143007583,-0.27559141366789763,0.8973678108469294,-1.3056588606080088,-0.9310361394721022,0.4998514035855254,1.3136455270217806,0
-0.35297953711749996,-1.5897796932723525,0.9476105989984807,-0.011310351687610687,0.24082146820787242,-1.8105085545793853,0.36741409599511193,0.26821091014750087,0
-0.35297953711749996,-1.341338126772596,0.9323802551696678,-1.2285488347706017,-1.7054714497413128,-1.5830454080780931,-0.3740827039681658,-1.1816482368924033,0
-0.35297953711749996,-0.9969694540160279,0.9143094932705166,-0.6453851847078793,-1.8579373646685489,-0.6708841297975568,0.5452914409659331,-0.12041414901481318,0
-0.35297953711749996,-1.1031482704817095,0.9135358098332924,-1.1878923121683649,-0.132599597297534,-1.584200186248228,0.39987308063508215,0.9880914798593003,0
-0.35297953711749996,1.8894660258428078,0.6782601743438617,-0.3341584122480155,-1.782329873914613,-0.6641478348619032,0.5405282563702811,1.4954050413484419,0
-0.35297953711749996,1.4905148963067592,0.7013742084825325,-0.8851998998671691,-1.3264906938231364,-0.7281951306221025,0.7276857434130491,1.052123262906527,0
-0.35297953711749996,2.31335160097486,0.6537015130715239,0.25132316834733515,-1.780474000156929,-0.29679141881062965,0.24897482422971434,0.03074670685191727,0
0.17205023911212614,1.6401215698827774,0.692706445680531,-0.6785593420099865,-0.4194761376440789,-1.0582185843228082,0.8758821463112845,-0.011080933530929094,1
-0.35297953711749996,-2.156830907898753,0.9873892150447118,-0.3986857345844468,-1.690527701252291,-0.7422223925779139,0.5317762395910421,0.5663487630582671,0
-0.35297953711749996,-0.9784760425016943,0.9063126741649578,-1.0156918472873793,-1.174543230189991,-1.0252216613040388,0.48794764436083504,0.5673715390633374,0
-0.35297953711749996,-2.206699799090759,0.9902784693120457,-0.46756592053684104,-1.2121827562570953,-0.9876864642870046,0.49172615379217477,1.1334424333278044,0
-0.35297953711749996,1.365842668326744,0.7085973441508671,-1.0574003647481547,-0.3233316260687772,-1.1053863556691583,0.8679069676511109,0.1756020991947106,0
-0.35297953711749996,-1.5205928115320917,0.9446466630775221,-1.3686271372080183,-2.6199139298097736,-1.0288560365789268,-0.2945963622576211,0.5812126039372195,0
-0.35297953711749996,1.8395971346508015,0.6811494286111955,-0.4030385982004097,-1.174543230189991,-1.0252216613040388,0.48794764436083504,0.5673715390633374,0
-0.35297953711749996,1.8894660258428078,0.6782601743438617,-0.3341584122480155,-1.7972344851999211,-0.882493918952036,0.31452121668217403,0.5802303095551242,0
-0.35297953711749996,-1.2712483555720613,0.9302003917408528,-1.0242262074460473,-1.8579373646685489,-0.6708841297975568,0.5452914409659331,-0.12041414901481318,0
-0.35297953711749996,1.7897282434587956,0.6840386828785293,-0.47191878415280386,-0.9987691883618351,-0.7071434115387604,0.926236199609911,1.1056793403340899,1
-0.35297953711749996,-1.5275485978173198,0.9418562741007341,-0.010787140603267131,-0.48862639949187037,-0.9466239575274416,0.8842913160465347,2.4579244336247967,0
-0.35297953711749996,1.440646005114753,0.7042634627498663,-0.9540800858195633,-1.4560201315015902,-0.8843435270665567,0.511392071937853,0.11426542200363687,1
-0.35297953711749996,-2.9511138869143703,-2.4768351245974602,-0.9264548466857428,-1.9819730323794333,-0.5685878846827429,0.557006606711733,1.0278723235693574,0
-0.35297953711749996,-1.3709861379560735,0.9359789002755204,-1.161986579350836,-1.268139612908929,-0.4141190300670346,0.10954047629288216,0.9049978374971652,0
-0.35297953711749996,-1.3709861379560735,0.9359789002755204,-1.161986579350836,-1.6869978958060154,-0.35344174362553216,0.2408495744363638,-0.14945638684205909,0
-0.35297953711749996,-0.23044267462160306,0.8629738601549499,0.01751094199853359,-0.8925249072661239,-1.4896578873459996,-0.8301989967643975,-1.5296042010990054,0
-0.17202877957510088,2.039072699418826,0.6695924115418601,-0.12751785439083296,-0.9644445069096781,-0.9328857475866228,0.6967222588412043,0.8476806394702934,1
-0.35297953711749996,-1.3959205835520765,0.9374235274091874,-1.196426672327033,-2.208404722508708,-1.423360414966619,-0.554837355421592,1.6013100151582975,0
-0.35297953711749996,-1.4779956216758519,-0.2409445460968126,0.2080427402386439,-1.8579373646685489,-0.6708841297975568,0.5452914409659331,-0.12041414901481318,0
-0.35297953711749996,-0.6293938041576517,0.8860878942936208,-0.53353054562062,-1.2212972988586874,-1.0500933151314689,0.49018045788011844,-1.1258241802113014,0
-0.35297953711749996,-1.071772790804037,0.9186433746715174,-0.7487054636364705,-1.716454709080785,-0.7295027983243031,0.5339268825780212,0.5160064983608821,0
-0.35297953711749996,-0.2898644778846442,0.8612472672715122,-0.3226445471851385,1.7690117257340559,1.3572731276071508,-0.36763140907313396,0.9086861327505964,1
-0.35297953711749996,1.9393349170348138,0.6753709200765278,-0.2652782262956213,-0.9841562201967627,-0.5642307919417004,0.08561266392105055,1.0947012289982596,0
-0.35297953711749996,-1.5022713465817223,-1.2096141491580927,-2.8044786548156213,-2.002618434026136,-0.5560759307738677,0.5588011727842961,1.0676724978826142,0
-0.35297953711749996,-1.2003814758073388,0.9198807177090382,0.26845583270026485,-1.6464384237590988,-0.7746439130796101,0.5277476226807959,0.2902516608199289,0
-0.35297953711749996,1.8645315802468045,0.6797048014775285,-0.3685985052242126,-1.412365644555639,-1.0713076658462244,0.28259638067665727,1.3275270735186377,1
-0.35297953711749996,-0.9036727057136853,0.901978792763957,-0.9123715683587881,-0.632889705539339,-1.3387616370710522,0.44137210049354825,0.016682159462785173,0
-1.6166898887970926,-1.952641777543254,0.9736781800031908,-0.2241673391708329,-1.690527701252291,-0.7422223925779139,0.5317762395910421,0.5663487630582671,0
-0.35297953711749996,2.1637449273988416,0.6623692758735255,0.0446826104901526,-1.8940664539273575,-0.6423678175325187,0.5486597609720955,0.17113918734769396,1
-0.35297953711749996,1.6650560154787803,0.691261818546864,-0.6441192490337894,-1.3894593650216316,-0.6973031760382166,0.7329089890728744,0.9298574953298527,1
-1.5360275259239273,1.6151871242867744,0.6941510728141979,-0.7129994349861837,-0.4993250196441754,-1.0460942780823859,0.13854672831650472,-1.5298796767371585,1
-0.35297953711749996,1.7398593522667893,0.6869279371458632,-0.5407989701051981,-1.8940664539273575,-0.6423678175325187,0.5486597609720955,0.17113918734769396,0
-0.35297953711749996,1.8146626890547986,0.6825940557448624,-0.43747869117660687,0.24082146820787242,-1.8105085545793853,0.36741409599511193,0.26821091014750087,1
-0.35297953711749996,-1.9273303946074654,-0.21117945469570398,1.3507078188275445,-2.1221443233356707,-0.8386682471812499,0.20580865410509466,0.08199941907413477,0
-0.35297953711749996,2.088941590610832,0.6667031572745262,-0.05863766843843882,1.1553304257352597,-0.7021293317890358,1.3579312534204906,0.3565120725393273,1
-0.05195407835538607,-1.325906057126203,0.9292124325597986,0.19788447546165128,0.23251221748234308,-0.9640587378948217,0.1569107504032034,0.9303074899353957,1
-0.35297953711749996,-1.0918869201280015,1.9451782383357472,-0.18589272283575997,1.1658508725966144,-1.399584633327741,0.35377548273248643,-0.7305561148587147,1
-0.35297953711749996,1.7398593522667893,0.6869279371458632,-0.5407989701051981,-0.8413124771184087,0.14696707542945386,0.9785605679283547,0.8494716515097365,1
-0.35297953711749996,-2.1817653534947556,0.9888338421783787,-0.4331258275606439,-1.799466005386317,-0.9112603356645907,0.3136785917070695,-0.42496277916402647,0
-0.35297953711749996,1.8010837304288192,-1.398543354446426,-1.6553861538871486,-1.7244078216066825,-0.07158270237016295,1.2594220244027938,1.0544093696882304,1
-0.35297953711749996,0.24668794344678285,0.834104746998481,0.6371975839851735,0.26615779307900667,-0.9363100717043286,0.3413676274181469,0.9271398011347842,1
-0.35297953711749996,-1.131102045339654,0.9181758406209852,-1.0538541697575317,-2.271533820862353,-1.0350483841050209,-0.09834837796732065,0.1014335841697348,0
-0.35297953711749996,1.5403837874987651,0.6984849542151986,-0.8163197139147749,0.9461302665475961,-1.6763053641840817,-0.0801863346282411,-0.6906343231767611,1
-0.35297953711749996,1.8395971346508015,0.6811494286111955,-0.4030385982004097,-1.0711512908573082,-1.073157273960745,0.4794672359323362,0.8615621859671505,0
-0.35297953711749996,-0.4923593719146099,0.8759996879948736,-0.42968705560768516,1.2977650256972124,-1.03883836598088,-0.6957605523664432,-0.7614634381722352,1
-0.35297953711749996,-0.41453670586465935,0.8684704029398469,-0.494845012066124,0.41176093707040584,-1.4930661684073605,0.06297222946554265,0.23916867232025496,0
-0.35297953711749996,1.7647937978627926,0.6854833100121963,-0.506358877129001,-1.2197839098755063,-0.5879236042479804,0.9449407663219173,1.0382417164096698,0
-0.35297953711749996,1.5403837874987651,0.6984849542151986,-0.8163197139147749,-1.9990797077748947,-0.5582205429499517,0.5584935750838861,1.0608505467258147,0
-0.35297953711749996,-0.8722972260360126,0.9070863576021819,-0.4731847198268937,-1.0711512908573082,-1.073157273960745,0.4794672359323362,0.8615621859671505,0
-0.35297953711749996,1.9642693626308168,0.6739262929428609,-0.2308381333194242,-0.23930638124516412,-1.7244717126223499,0.18261805772621406,1.0019730263561577,0
-0.35297953711749996,-2.1003438421965415,-0.7373106178338571,-1.9631078039527943,-1.964644148616179,-0.811155656171679,0.32803641805706496,-0.10653260251795593,0
-0.35297953711749996,1.41571155951875,0.7057080898835333,-0.9885201787957604,-1.1349280062918006,-0.7066016972735069,0.8474594402397143,1.291435052626809,0
-0.35297953711749996,-1.2782041418572896,0.9274100027640649,0.33361378915870377,-1.2121827562570953,-0.9876864642870046,0.49172615379217477,1.1334424333278044,0
-0.35297953711749996,-1.3787942775801505,0.9352970904811584,0.29748252489628735,-1.903941269147551,-1.022765445326158,0.09726619377330598,0.5941118560519815,0
-0.35297953711749996,-0.803934923329673,0.8962002842292893,-0.7746111964539997,-0.8559254452834811,0.004054455832394055,1.8191841036172152,0.8604497628455668,0
-0.35297953711749996,1.465580450710756,0.7028188356161994,-0.9196399928433662,-0.029270812318460737,-1.6348925078746361,0.39130196713682125,1.188724159059516,1
-0.35297953711749996,-1.9459085449662705,0.9693377288852434,-0.4267316027021222,-1.7037583808490075,-0.9391442437669384,0.3063959668888235,0.4000272158611479,0
0.17205023911212614,2.171842983465685,1.5157838617360933,0.5476899529646793,-0.9758629088278278,-0.33313892173075255,1.376548808006128,0.7080097621453049,1
-0.35297953711749996,-0.803934923329673,0.8962002842292893,-0.7746111964539997,-0.526182921591709,-1.1984901106969303,0.6586271234024164,0.00280061296592804,0
-0.35297953711749996,-2.5695078599841454,-0.5148255498120979,1.1072129993890696,-1.7037583808490075,-0.9391442437669384,0.3063959668888235,0.4000272158611479,0
-0.35297953711749996,2.487892720146881,0.6435891231358555,0.49240381918071485,-0.20713840982584886,-2.306641021377269,-1.1971069034058923,0.3196816420020265,0
-0.35297953711749996,-0.8787382601176822,0.9005341656302901,-0.877931475382591,-0.8826658744453996,0.1804014653738527,-0.5097474072144647,0.01685380136685677,0
-0.35297953711749996,0.8251227243307406,0.7429566211139323,-0.11838784243755385,-0.546714504785428,-1.333229692957092,0.4358693075837133,1.7864215770782488,0
-0.35297953711749996,2.493705342457248,2.8201713595244593,1.4952293997422896,0.7181037304872635,-2.0997610365293857,0.325927155242883,-0.6518931188472163,1
-0.35297953711749996,-1.0507748022313206,0.9112129549070366,0.47509639055744757,-1.690527701252291,-0.7422223925779139,0.5317762395910421,0.5663487630582671,0
-0.35297953711749996,0.671748890141008,-2.8523117404550034,-0.7435033606676509,-1.7193612027161178,-0.6950397894457893,0.5353050107104558,1.6176708089251162,0
-0.35297953711749996,-1.265631900524313,0.9288304462608106,0.43641085700295157,1.3528807706211605,-0.20846642160712425,1.64523692612531,0.11325609474559584,0
-0.35297953711749996,-0.9784760425016943,0.9063126741649578,-1.0156918472873793,0.28012618281836765,-1.9453637920302667,0.22848996875153021,0.47717251724583065,0
-0.35297953711749996,-2.206699799090759,0.9902784693120457,-0.46756592053684104,0.5526325693252336,-0.5432441587724554,0.8086758191298078,0.8886628504448241,0
-0.35297953711749996,2.443428176901708,1.4377707337218504,0.6278689483429859,-2.060816291888613,-0.5235140549340578,0.5637667070314745,1.0890886931691832,0
-0.35297953711749996,-0.7266270094832812,0.8924328021693666,0.9228175992480099,-1.3056588606080088,-0.9310361394721022,0.4998514035855254,1.3136455270217806,0
-0.35297953711749996,-0.08556134486026812,0.825839881403903,-1.167135525614974,-1.4331974777707666,-0.8684666569962246,0.510430720504181,1.0660048094033843,0
-0.35297953711749996,1.7897282434587956,0.6840386828785293,-0.47191878415280386,-0.5367451939640373,-1.3859294084174025,0.4333969218333747,0.20336519218842497,1
-1.5539524954512973,-1.6164476955827258,-0.22787860929510484,0.30514658954119556,-0.8912957523577405,-0.5276780725611971,0.026697341832641608,1.5725656409453233,0
-0.35297953711749996,1.8645315802468045,0.6797048014775285,-0.3685985052242126,-0.570861182615503,-1.3185958231379207,0.4379682160738701,1.8329715063636656,1
-0.35297953711749996,-2.281503135878768,0.9946123507130464,-0.5708861994654322,-1.5190724285032688,-1.2115791922203463,0.06534135776778915,1.3414086200154949,0
-0.35297953711749996,-0.8852197355779978,0.9025444379849833,0.7498588916977729,-1.9990797077748947,-0.5582205429499517,0.5584935750838861,1.0608505467258147,0
-0.35297953711749996,-2.2978078874471857,-0.7130707737018465,-1.577546427151327,-1.5299511091322455,-1.8232512167726502,-0.5695271734635019,-0.6639831813158139,0
-0.35297953711749996,-1.1535319138772744,0.9201868670957303,0.5058142540396892,-1.4745561672505674,-0.955086007435377,0.4223911542841489,0.07326811131696309,0
-0.35297953711749996,-0.8663760558546555,0.8976690949998776,-0.9462884502506416,-1.3749930004483686,-0.28063391392711234,1.2291429558863993,0.4715855495709391,0
-0.35297953711749996,-1.3998570405753632,0.9314377347783735,-0.007064911109311844,0.07743597162916949,-1.494620981500514,0.6085569900456893,1.1748426125626588,0
-0.35297953711749996,-1.9074864519387225,0.9729429437080426,-0.05428480482247583,-2.2288511072833006,-0.978939773555372,-0.011446368803773477,0.0958809655709919,0
-0.35297953711749996,-1.4956583659360887,0.9432020359438551,-1.3341870442318213,-2.1074800218226173,-0.9229108702807629,0.11414971515435932,0.19890228034140833,0
0.1205397299160087,-1.7144519212523677,0.9548337346668152,-0.18351081656859614,0.18414275557679938,-1.3543494551263917,0.8258120129545575,1.1609610660658016,1
-0.35297953711749996,-0.708224425033595,0.8887287220560214,-0.7385890092839935,0.18435137012312452,-1.2613415111529624,0.17376210977079923,1.1541293026335273,0
-0.35297953711749996,-2.281503135878768,0.9946123507130464,-0.5708861994654322,-1.7037583808490075,-0.9391442437669384,0.3063959668888235,0.4000272158611479,0
-0.35297953711749996,2.263482709782854,0.6565907673388578,0.182442982394941,-1.4331974777707666,-0.8684666569962246,0.510430720504181,1.0660048094033843,1
-0.35297953711749996,1.6650560154787803,0.691261818546864,-0.6441192490337894,-1.6294016501366893,-0.4699123101142163,0.8443776907422864,1.4691489250960423,0
-0.35297953711749996,-1.7828142239587073,0.9657198080397079,0.11791566005850967,-0.608563863036217,-1.2838173350905882,0.4416560204354478,2.305484432924535,0
-0.35297953711749996,1.465580450710756,0.7028188356161994,-0.9196399928433662,-1.9599357204470842,-0.4999673202242189,0.6457031819478433,1.0621198792838713,0
-0.35297953711749996,1.8620013309424333,1.211187714801912,-0.3251231328469364,0.7628915392257798,1.14726219489471,-1.18629744740998,2.080972592603044,0
-0.35297953711749996,1.9144004714388108,0.6768155472101948,-0.2997183192718184,0.557563821082206,-1.5806578234575492,0.7933530283145873,0.441080496354002,1
-0.35297953711749996,1.5902526786907711,0.6955956999478647,-0.7474395279623807,-0.7268713092925586,-0.2501748167573389,0.46433924552798117,0.5422559319279922,0
-0.35297953711749996,-0.3332923349949808,0.870688713510738,0.013222022418164392,-0.2888596205360684,-0.09616135853367735,0.9336949106117143,2.8573176095721653,1
-0.35297953711749996,-0.9286071513096883,0.9034234198976239,-0.9468116613349852,-0.647659963100387,-1.0559541536662775,-0.07146975550472867,2.0896910623939307,0
-0.35297953711749996,-1.3460516923600705,0.9345342731418536,-1.1275464863746385,-1.3056588606080088,-0.9310361394721022,0.4998514035855254,1.3136455270217806,0
-0.35297953711749996,1.6401215698827774,0.692706445680531,-0.6785593420099865,-1.8940664539273575,-0.6423678175325187,0.5486597609720955,0.17113918734769396,0
-0.35297953711749996,-1.1754470302113358,0.9184360905753712,0.30289592567646195,-2.3756826387035193,-1.6687265780848501,-0.8594985320008182,-0.3500024280809977,0
-0.35297953711749996,1.9144004714388108,0.6768155472101948,-0.2997183192718184,-0.9987691883618351,-0.7071434115387604,0.926236199609911,1.1056793403340899,1
-0.35297953711749996,2.338286046570863,0.652256885937857,0.28576326132353225,-1.9908198832435886,-0.41416605502608755,-0.28167093908100216,0.97134246838655,0
-0.35297953711749996,-0.36549848192675,-0.31056861426259597,1.4865716209362354,-1.5189211859355083,-0.8031200894079525,-0.6436444412694616,2.1686525892569986,0
-0.35297953711749996,-1.2630864160340816,-0.24874051429109578,2.314272179491812,-0.7411360674513005,-0.9993038288513751,-0.06334450571137812,2.269894156087907,0
-0.35297953711749996,1.1243360714827773,0.7256210955099291,0.29489327327681136,-0.47401343132679785,-0.8037113379303817,0.04366778035767421,2.4469463222889667,0
-0.35297953711749996,1.8645315802468045,0.6797048014775285,-0.3685985052242126,-0.029270812318460737,-1.6348925078746361,0.39130196713682125,1.188724159059516,1
-0.35297953711749996,1.7149249066707863,0.6883725642795302,-0.5752390630813952,-0.632889705539339,-1.3387616370710522,0.44137210049354825,0.016682159462785173,1
-0.35297953711749996,-1.1779516072697187,0.9178696912342932,-1.291212591096956,-1.2121827562570953,-0.9876864642870046,0.49172615379217477,1.1334424333278044,0
-0.35297953711749996,2.039072699418826,0.6695924115418601,-0.12751785439083296,0.6148595028263304,-1.3816365933108405,0.03963150178927416,0.42454976641942893,1
-0.35297953711749996,1.7398593522667893,0.6869279371458632,-0.5407989701051981,0.08081397059772621,-1.3036571334999838,0.8343831264528184,0.9603283868655861,1
-0.35297953711749996,1.9393349170348138,0.6753709200765278,-0.2652782262956213,-1.023697339845187,0.26587227504759303,-0.4974884893546262,0.2887340487275107,0
-0.35297953711749996,-0.5795249129656456,0.883198640026287,-0.46465035966822577,-1.276931245058487,-0.37805813827045,1.1754160585242959,0.3445010298737192,0
-0.35297953711749996,-0.2898644778846442,0.8612472672715122,-0.3226445471851385,-1.1116948373595206,-0.5016613094658229,0.09619198083970623,0.8470605113798632,0
-0.35297953711749996,-1.4216856964021762,-0.23728160839225465,0.6816696817467354,-1.231750575755815,-0.5767826410552163,0.20308684984108652,0.7344937103054876,0
-0.35297953711749996,1.5902526786907711,0.6955956999478647,-0.7474395279623807,-1.237511901388486,-0.9943297067201529,0.4931708900206604,0.44510577148666314,0
-0.35297953711749996,2.1886793729948444,0.6609246487398586,0.0791227034663497,-1.1130771259278762,-0.4476520778738583,1.1621957892307853,1.0243601699128126,0
-0.35297953711749996,2.4307750435564546,1.5767002831099337,0.9490610632666456,-1.7978499551530884,-0.35497807015189414,0.9033573328225222,0.8890667941782455,0
-0.35297953711749996,0.2746417183047274,0.8294647162107881,0.5031594415743403,-1.3188895402047254,-1.1279579906611268,0.27447113088330666,1.1473239798246615,1
-0.35297953711749996,-1.3280730330492956,0.9302992570313988,0.26473360320630956,-1.4560201315015902,-0.8843435270665567,0.511392071937853,0.11426542200363687,0
-0.35297953711749996,1.6695059627893571,-1.6430408264375411,-1.9823418329467435,-1.8694466553856233,-0.9319861855532598,0.18590240798370375,1.600081109006831,0
-0.35297953711749996,-1.0562987085516449,0.9138419592199845,-0.9505338908289404,-1.8466213120576425,-0.8582651146388298,0.3186178495652784,0.4843363010107624,0
-0.35297953711749996,-1.5743981597473844,0.9415501247140421,-0.2481455619426915,-1.9514134690194624,-0.6142338049826545,0.5534166907592836,0.05978894467916318,0
-0.35297953711749996,-1.4776797066253138,0.9389670198334004,0.05809304534912707,-1.5882838593021185,-0.7597538840977508,0.5244180960913901,1.858489575386713,0
-0.35297953711749996,1.8645315802468045,0.6797048014775285,-0.3685985052242126,-1.6471205692404252,-1.379905023869293,-0.1953646697228526,1.3580664758117236,0
-0.35297953711749996,-0.7671669037743672,2.526344877178724,-0.042734744913042716,-0.18600566758264803,-2.371594660075874,-0.5016059956403605,0.3237370961349295,0
-0.35297953711749996,-2.5444265504647783,-1.072078788141573,-2.1331945919379445,-1.6257792124508992,-1.3518507185944686,-0.15191366514107896,1.355290166512352,0
-0.35297953711749996,-1.995777436158277,0.9722269831525772,-0.4956117886545163,-2.193086794019253,-0.4677699310824385,0.5744237293778512,0.5256864179497908,0
-0.35297953711749996,1.2861039921990554,-0.7079433326113136,-1.9861010298931825,-1.4331974777707666,-0.8684666569962246,0.510430720504181,1.0660048094033843,0
-0.35297953711749996,1.7398593522667893,0.6869279371458632,-0.5407989701051981,-0.8852852099765408,-0.7467559331833591,0.17434757865046863,1.4072227528511485,0
-0.35297953711749996,-0.015585576328610684,0.845356368801176,0.056196475553029424,-1.8579373646685489,-0.6708841297975568,0.5452914409659331,-0.12041414901481318,0
-0.35297953711749996,-1.3258843710414507,-0.2490459095577361,2.008791814869245,-1.8490749909903705,-0.44304094830147867,-0.3460676379863876,0.1549998369143608,0
-0.35297953711749996,-1.9939124916824684,1.1538316266759134,-0.3274571830258642,-1.4321226704200438,-0.26235247059862965,0.07155888645029529,0.5224463196312195,0
-0.35297953711749996,0.9248605067147528,0.7371781125792646,0.019372529467234556,-0.7020399673871305,-1.2271670102756858,0.4497812702287984,2.485687526618511,1
-0.35297953711749996,-0.7636189442087019,0.8886951828111838,-0.9770063137328835,-1.5871767816811837,-0.41847508959917684,0.9750445569964812,-0.03682699933999667,0
3.141592653589793,1.8146626890547986,0.6825940557448624,-0.43747869117660687,0.8222121676074408,-0.019442122063928702,1.7408398092533985,-0.8529919865534161,1
-0.35297953711749996,-1.5205928115320917,0.9446466630775221,-1.3686271372080183,-2.692272313327371,-1.1489560556642224,-0.4695309955090966,0.5672428819233895,0
-0.35297953711749996,1.98920380822682,0.672481665809194,-0.1963980403432271,1.20578555222413,-1.5524679192355246,0.4474242210327891,-0.5080657704679612,1
-0.35297953711749996,1.8146626890547986,0.6825940557448624,-0.43747869117660687,-0.7118926480152903,-1.2331250134641802,0.4502271339337087,2.1048517537243194,1
-0.35297953711749996,1.6151871242867744,0.6941510728141979,-0.7129994349861837,-1.0922452927127486,-0.650493086723858,0.9343614494032616,1.2858824340280663,0
-0.26886434333523757,1.8146626890547986,0.6825940557448624,-0.43747869117660687,-1.457800461500009,-0.8862578026321173,0.5114438064346754,0.017373228020835185,0
-0.35297953711749996,-0.4597106363276614,-0.3018673122157568,1.5183483675279428,-2.0260782530553634,-0.5445667207142724,0.5607471626804212,1.0221207540356374,0
-0.35297953711749996,1.8995441090746072,-0.8220425195934831,-1.1840500832403371,-1.4331974777707666,-0.8684666569962246,0.510430720504181,1.0660048094033843,0
-0.35297953711749996,-1.0064298173596389,0.9109527049526507,-0.8816537048765463,-1.4331974777707666,-0.8684666569962246,0.510430720504181,1.0660048094033843,0
-0.35297953711749996,-1.4956583659360887,0.9432020359438551,-1.3341870442318213,-2.9169618849784045,-1.3406893184026845,-0.8124487633516073,0.6934748906239816,0
-0.35297953711749996,-2.2565686902827653,0.9931677235793794,-0.5364461064892352,-1.6390098920476157,-1.5487725697834929,-0.3772939378432977,1.188968619315233,0
-0.35297953711749996,2.014138253822823,0.671037038675527,-0.16195794736703006,0.45856116463266394,2.0670486536706596,-0.25662790549912484,0.6057636894004883,0
-0.35297953711749996,-0.12430941123132133,0.852578750349459,-0.04788204604481322,1.2725576565442442,-1.259313106953619,0.5710305056413545,-0.7444376613555717,1
-1.618610421246454,1.9393349170348138,0.6753709200765278,-0.2652782262956213,0.6238966408087188,-1.3532766489516848,-0.05792336606212217,0.4221648366212973,1
-0.27159013690192496,0.1435740093184425,0.8413044531499461,0.5341123366414899,0.6676486039983927,-1.2494224490828967,1.2364341876305844,0.21268472416007211,0
-0.35297953711749996,-1.1031482704817095,0.9135358098332924,-1.1878923121683649,-1.5265009602147521,-0.43745053551646346,0.9703829182918827,0.4426916615201909,0
-0.35297953711749996,1.4905148963067592,0.7013742084825325,-0.8851998998671691,-1.2786443139507926,-1.0219593025816047,0.49493738766730655,-1.237174422879832,0
-0.35297953711749996,-0.3237849759993457,0.8641357674187944,-0.3234027898543899,-1.9581280340805756,-0.5830389244240871,0.5549339211965889,0.9819039716315097,0
-0.35297953711749996,1.265274218688635,-0.46177391024957415,0.7173757103970223,-1.3056588606080088,-0.9310361394721022,0.4998514035855254,1.3136455270217806,1
-0.35297953711749996,-2.391531948860488,-0.17911569200526078,0.9676213555110778,-1.5970515969013774,-0.7988727173928163,0.5236509897976915,0.3861456693642908,0
-0.35297953711749996,0.7494887202886348,-0.42885926042017575,1.6908283256838201,-2.340745251661202,-0.5832230759824252,0.3607283603562803,0.6185145395409529,1
-0.35297953711749996,-1.2712483555720613,0.9302003917408528,-1.0242262074460473,-1.4438612635413277,-2.4048252375143804,-1.2097660736138494,0.12218191283889979,0
-0.35297953711749996,1.7398593522667893,0.6869279371458632,-0.5407989701051981,-0.8463032734345992,-1.6193046898192964,0.006862054675812024,0.04444525245649966,1
-0.35297953711749996,-1.106260148471075,0.9154721546544127,-1.0544208598439457,-1.174543230189991,-1.0252216613040388,0.48794764436083504,0.5673715390633374,0
-0.35297953711749996,1.7149249066707863,0.6883725642795302,-0.5752390630813952,-1.5251186716463963,-0.4914597671084281,-0.09562089009919633,0.2653920029872414,0
-0.35297953711749996,-1.8529039951592416,0.9678996714685231,-0.08640696726604458,-1.5970515969013774,-0.7988727173928163,0.5236509897976915,0.3861456693642908,0
-0.35297953711749996,-1.797132538644349,-0.21547979685186713,1.6924454022050257,-1.716454709080785,-0.7295027983243031,0.5339268825780212,0.5160064983608821,0
-0.35297953711749996,-1.1255781390193298,0.9155468363080373,0.37177611162885615,0.14166865654407257,-1.3174501217026113,0.08686010060725197,1.15968192123227,1
-0.35297953711749996,-1.2712483555720613,0.9302003917408528,-1.0242262074460473,-1.3188895402047254,-1.1279579906611268,0.27447113088330666,1.1473239798246615,0
-0.35297953711749996,2.014138253822823,0.671037038675527,-0.16195794736703006,-1.4331974777707666,-0.8684666569962246,0.510430720504181,1.0660048094033843,0
-0.35297953711749996,1.7149249066707863,0.6883725642795302,-0.5752390630813952,-0.025892813349903898,-1.4439286598741057,0.6171281035439502,0.9742099333624432,1
1.090642671085765,2.338286046570863,0.652256885937857,0.28576326132353225,-0.2522842035803434,-0.648028729101267,0.4733311406888112,-1.6128934800801487,0
-0.35297953711749996,1.5653182330947681,0.6970403270815317,-0.7818796209385778,-1.6716670813976893,-0.10630957772854577,0.1366503422003104,0.01311019195274421,0
-0.35297953711749996,-1.3998570405753632,0.9314377347783735,-0.007064911109311844,-0.7020399673871305,-1.2271670102756858,0.4497812702287984,2.485687526618511,0
-0.35297953711749996,-1.3779419242413016,0.9331885112987326,0.19585341725391536,-0.5953331834395004,-1.0868954839015639,0.6670362931376664,2.471805980121654,0
-0.35297953711749996,-1.7393863668483707,0.9562783618004822,-0.2179509095447932,-0.632889705539339,-1.3387616370710522,0.44137210049354825,0.016682159462785173,0
-0.17202877957510088,1.7897282434587956,0.6840386828785293,-0.47191878415280386,-1.1171734441961003,0.32252259986249543,-0.4893632395612756,0.468937142421487,1
-1.6659835549973607,2.113876036206835,0.6652585301408593,-0.024197575462241577,-1.4331974777707666,-0.8684666569962246,0.510430720504181,1.0660048094033843,0
-0.35297953711749996,1.6151871242867744,0.6941510728141979,-0.7129994349861837,0.5494779713305196,0.866719142146466,-1.6208074932277163,2.1087356855967583,1
-0.35297953711749996,-1.4457894747440827,0.9403127816765213,-1.265306858279427,-1.8940664539273575,-0.6423678175325187,0.5486597609720955,0.17113918734769396,0
-0.35297953711749996,2.014138253822823,0.671037038675527,-0.16195794736703006,-1.168990519103645,-0.7006825396125317,0.8499135073650194,0.8635912413144363,1
-0.35297953711749996,-1.7848053107298,-1.375135028916589,-1.6250536794101416,-2.0631037781434727,-0.642383458774425,0.42814056133856526,1.069179474623929,0
-2.0193615256798,2.017482368814885,0.8947633164523687,-0.028364955106825074,-2.2723152327980625,-0.4197542716520045,0.5813105253166115,0.6784228833344411,0
-0.35297953711749996,-2.278814031187279,-1.2825255376372273,-2.099626240010627,-2.1648270369147227,-0.8947768577308987,0.11890664494154743,0.08755203767287756,0
-0.35297953711749996,1.7100132549973057,0.8062564397467868,-0.7733582194826905,-1.5218197525761534,-0.45354642311844384,0.22649174808636835,-0.4678865634881295,0
-0.35297953711749996,1.049532734694768,0.7299549769109299,0.19157299434822,-1.3056588606080088,-0.9310361394721022,0.4998514035855254,1.3136455270217806,1
-0.35297953711749996,1.8894660258428078,0.6782601743438617,-0.3341584122480155,-1.039820176573644,-0.17074986747897347,0.5417863522774125,-0.09468281314940064,1
-0.35297953711749996,2.088941590610832,0.6667031572745262,-0.05863766843843882,-1.1160382446817936,-1.0348542356333548,0.4837509751320012,1.320125466053444,0
-0.35297953711749996,2.1886793729948444,0.6609246487398586,0.0791227034663497,-1.7158224764648762,-0.6971844016218732,0.5349974130100458,1.6108488577683167,0
-0.35297953711749996,-2.2565686902827653,0.9931677235793794,-0.5364461064892352,-1.5323031080999856,-1.408501043409371,-0.16003891493442957,1.1750870728183758,0
-0.35297953711749996,0.5500131555206106,-0.41730224335084043,1.4153075818742435,-1.8579373646685489,-0.6708841297975568,0.5452914409659331,-0.12041414901481318,0
-0.35297953711749996,2.064007145014829,0.6681477844081932,-0.09307776141463578,1.079837546298584,-1.6705834361765095,-0.14286131139612468,-0.4951628830740482,1
-0.35297953711749996,-1.1964450187840523,0.925866510339852,-0.920905928517456,0.9524373047013541,-1.6801276860759853,-0.08073456308524973,-0.702793021865,0
-0.35297953711749996,-1.0782138248857065,0.9120911826996254,-1.1534522191921677,-1.0320129998581806,-1.6539395925865468,-0.2015379347928956,2.146496393214891,0
-0.35297953711749996,-1.602351934605329,0.946190155501735,-0.11410741953185846,-1.4961661489692617,-0.8375747024123387,0.5156539661640063,0.9437390418267099,0
-0.35297953711749996,-1.0283449336937005,0.9092019284322916,-1.0845720332397735,-1.1054759723094651,-0.8474149379128825,0.7089811767010428,1.119560886830947,0
0.17205023911212614,1.5653182330947681,0.6970403270815317,-0.7818796209385778,0.18414275557679938,-1.3543494551263917,0.8258120129545575,1.1609610660658016,1
-1.6659835549973607,1.5403837874987651,0.6984849542151986,-0.8163197139147749,-0.8493796908351531,-0.5107632746149895,1.230393231682326,1.0862451752384898,0
-0.35297953711749996,-0.7854819531939855,0.8967659294503156,0.8876192636025613,-1.7332104148313432,-0.7983310031275628,0.4448742304274949,0.57190138165701,0
-0.35297953711749996,-1.8640585948283859,0.9635014974688167,-0.3901513744257788,0.08081397059772621,-1.3036571334999838,0.8343831264528184,0.9603283868655861,0
-0.35297953711749996,-1.1505125846153328,0.9169914634417042,0.33733601865265905,-1.690527701252291,-0.7422223925779139,0.5317762395910421,0.5663487630582671,0
-1.570597110012427,1.8645315802468045,0.6797048014775285,-0.3685985052242126,-1.3056588606080088,-0.9310361394721022,0.4998514035855254,1.3136455270217806,1
-0.1777948813507857,2.064007145014829,0.6681477844081932,-0.09307776141463578,0.9175045102431365,-0.796455883765384,-0.6622964966554667,0.3714319687109362,0
-0.35297953711749996,1.98920380822682,0.672481665809194,-0.1963980403432271,-1.1747924469385196,-0.38859673501694036,0.050213367363434125,1.0221023659763366,1
-0.35297953711749996,-1.723107413962865,-1.875150912343802,0.795705456816471,-2.0139102019658157,0.060115650327279724,0.12109317217586471,0.6345204399073935,0
-0.35297953711749996,1.3528286043601756,-0.5639395348637144,0.9962791618627431,-1.2121827562570953,-0.9876864642870046,0.49172615379217477,1.1334424333278044,0
-0.35297953711749996,-0.8473627804400096,0.905641730468515,-0.4387446268506967,-0.9915847519082459,0.20989786476218253,0.9906542244451442,0.19598427050295553,0
-0.35297953711749996,1.9642693626308168,0.6739262929428609,-0.2308381333194242,-1.3056588606080088,-0.9310361394721022,0.4998514035855254,1.3136455270217806,0
-0.35297953711749996,-1.7892552580403767,0.959167616067816,-0.28683109549718744,-0.48862639949187037,-0.9466239575274416,0.8842913160465347,2.4579244336247967,0
-0.35297953711749996,0.2757342539645772,-0.4014113448805041,1.0364665591360753,-0.13526130494257638,-0.8733966637688115,0.4716015620060311,0.2682520045911583,0
-0.35297953711749996,-0.5392089338446746,0.8756935386081814,-0.6670454769471095,-0.8788317248174884,-0.36995003397561366,1.3688714952209977,1.2581193410343519,0
-0.35297953711749996,2.288417155378857,0.6551461402051908,0.21688307537113805,-1.023697339845187,0.26587227504759303,-0.4974884893546262,0.2887340487275107,1
-0.35297953711749996,2.263482709782854,0.6565907673388578,0.182442982394941,0.7709773889774663,-1.300114770709305,1.2278630741323235,0.4133174033602876,1
-0.35297953711749996,-1.4956583659360887,0.9432020359438551,-1.3341870442318213,-1.6318254555940266,-0.6317312934825502,-0.3128759130080644,0.27927354948409855,0
-0.35297953711749996,-1.895440162726234,-0.20983369285258313,0.027307915198990396,-1.6953171875451503,-0.27758214168476136,1.074828745740567,0.026473233086706016,0
-0.35297953711749996,-0.5761487612213175,0.8817774424094895,-0.4993254842293307,-1.4961661489692617,-0.8375747024123387,0.5156539661640063,0.9437390418267099,0
-0.17202877957510088,1.6401215698827774,0.692706445680531,-0.6785593420099865,-1.0922452927127486,-0.650493086723858,0.9343614494032616,1.2858824340280663,1
-0.35297953711749996,-0.2649300322886412,0.8598026401378454,-0.2882044542089415,-1.1116948373595206,-0.5016613094658229,0.09619198083970623,0.8470605113798632,0
-0.35297953711749996,-1.522022969834219,0.9447790676129056,0.1587499778932286,-1.690527701252291,-0.7422223925779139,0.5317762395910421,0.5663487630582671,0
-0.35297953711749996,2.1886793729948444,0.6609246487398586,0.0791227034663497,-0.632889705539339,-1.3387616370710522,0.44137210049354825,0.016682159462785173,1
-0.35297953711749996,1.6151871242867744,0.6941510728141979,-0.7129994349861837,-0.7020399673871305,-1.2271670102756858,0.4497812702287984,2.485687526618511,0
-0.35297953711749996,-0.8045036012918859,1.8789307079268913,-0.20938012434641268,-0.8880235351673627,-1.0324773238118188,0.5565597030865324,2.92095742207908,0
-0.25139130765134426,-1.8391241492323827,0.9620568703351499,-0.3557112814495817,-1.932201026252082,-0.5957585186776979,0.5527832782096098,1.0322462363288947,0
-0.35297953711749996,1.9642693626308168,0.6739262929428609,-0.2308381333194242,-0.526182921591709,-1.1984901106969303,0.6586271234024164,0.00280061296592804,0
-1.5539524954512973,-0.3551149026016183,0.8701969958232846,-0.15468952288245186,-1.0922452927127486,-0.650493086723858,0.9343614494032616,1.2858824340280663,0
-0.35297953711749996,-1.4286414826874043,-0.2400719973690425,2.0395096783514868,-1.5970515969013774,-0.7988727173928163,0.5236509897976915,0.3861456693642908,0
-0.35297953711749996,2.113876036206835,0.6652585301408593,-0.024197575462241577,0.3380893500727957,-0.779549457707126,1.6255412441432393,-0.7809350706314144,1
-0.35297953711749996,-0.532675351035581,0.883504789412979,-0.22729193832880135,-1.457417445632629,-0.217314479642589,0.07478005986929892,1.566946414341269,0
-0.35297953711749996,-0.8520012396226903,-1.188108345979104,-2.298234055372016,-0.608563863036217,-1.2838173350905882,0.4416560204354478,2.305484432924535,0
-0.35297953711749996,1.5902526786907711,0.6955956999478647,-0.7474395279623807,-0.2984922026493414,0.24005972537212172,2.4050150916186994,0.32294816231432,1
-0.35297953711749996,-1.341338126772596,0.9323802551696678,-1.2285488347706017,-1.2121827562570953,-0.9876864642870046,0.49172615379217477,1.1334424333278044,0
3.141592653589793,2.088941590610832,0.6667031572745262,-0.05863766843843882,-0.7020399673871305,-1.2271670102756858,0.4497812702287984,2.485687526618511,1
-0.35297953711749996,-1.963796377212398,0.9692800060034845,-0.5279117463305671,-1.7761404833444807,-1.305158106188923,-0.14037299678875131,0.1559100614942085,0
-0.35297953711749996,-1.4208550291480797,0.9388681545428543,-1.23086676530323,-1.1054759723094651,-0.8474149379128825,0.7089811767010428,1.119560886830947,0
-0.35297953711749996,-1.3959205835520765,0.9374235274091874,-1.196426672327033,-1.8940664539273575,-0.6423678175325187,0.5486597609720955,0.17113918734769396,0
-0.35297953711749996,1.8395971346508015,0.6811494286111955,-0.4030385982004097,-0.632889705539339,-1.3387616370710522,0.44137210049354825,0.016682159462785173,1
-0.35297953711749996,1.5653182330947681,0.6970403270815317,-0.7818796209385778,-0.029270812318460737,-1.6348925078746361,0.39130196713682125,1.188724159059516,0
-1.5539524954512973,-1.1036630226852682,0.9172976128283965,0.5746944399920834,0.19813875462882025,-1.8666171651290342,0.2805120868315647,0.2737635287462437,0
-0.35297953711749996,-2.2210181137764007,-0.1909211355795294,1.106963821609675,-1.9514134690194624,-0.6142338049826545,0.5534166907592836,0.05978894467916318,0
-0.35297953711749996,1.5154493419027621,0.6999295813488655,-0.850759806890972,-1.1171734441961003,0.32252259986249543,-0.4893632395612756,0.468937142421487,1
-0.35297953711749996,2.1637449273988416,0.6623692758735255,0.0446826104901526,-0.9508601014519314,-1.1349589151262665,0.4693931487820058,1.0016952894073734,1
-0.35297953711749996,-1.7892552580403767,0.959167616067816,-0.28683109549718744,-1.5970515969013774,-0.7988727173928163,0.5236509897976915,0.3861456693642908,0
-0.35297953711749996,-0.6857441708099734,0.8909874209156479,1.0253796355073497,-1.3056588606080088,-0.9310361394721022,0.4998514035855254,1.3136455270217806,0
-0.35297953711749996,-0.6608097252139704,0.889542793781981,1.0598197284835469,-2.15021406874965,-0.7518642381338388,-0.721716890747313,0.07657392633704718,0
-0.35297953711749996,0.6505816051587194,0.7530690110496008,-0.35946849327093355,-1.5185629049288707,-0.9806838780955224,0.3366267021770865,1.0771100466008698,0
-0.35297953711749996,0.7950437316239046,0.2681341791307614,-0.6934970885702849,1.1897186750163002,1.7083483003911986,-0.31727735577450744,2.0254464066156155,0
0.1392009320264067,-0.10979773072952204,0.8540576708480152,0.08797322214473674,-0.785355620466575,-0.4266003587905161,1.360746245427647,1.0779162473403756,1
-0.35297953711749996,-1.3031385874532926,0.9288546298977318,0.2991736961825068,-1.0385748801701737,-0.6607615246464275,0.1874343583957825,1.4712863219201744,0
-0.35297953711749996,2.014138253822823,0.671037038675527,-0.16195794736703006,-1.2838079802440845,-0.6720865200724537,0.8145877525765963,1.046570644307784,0
-0.35297953711749996,1.8894660258428078,0.6782601743438617,-0.3341584122480155,0.08081397059772621,-1.3036571334999838,0.8343831264528184,0.9603283868655861,1
-0.08431414044195645,2.212390139756806,0.05754109332468926,-0.2348745010622575,-1.6987158010694152,-0.7075517433546644,0.5335104446378927,1.5778706346118594,1
-0.35297953711749996,1.7647937978627926,0.6854833100121963,-0.506358877129001,0.557563821082206,-1.5806578234575492,0.7933530283145873,0.441080496354002,1
-0.35297953711749996,1.8894660258428078,0.6782601743438617,-0.3341584122480155,-0.5376306967305848,-1.2359847321338993,0.6580929747679629,-1.4643767207093852,1
-0.35297953711749996,1.6752377679383994,-0.41334579982286934,-1.2659508328569051,-0.25946864003393266,-1.5650700054022098,0.40891311585357804,-0.7031984102490143,0
-0.35297953711749996,1.8645315802468045,0.6797048014775285,-0.3685985052242126,-1.0214440279065062,-0.7462142189181055,0.09557081928027195,1.5929784651438679,0
-0.35297953711749996,1.5653182330947681,0.6970403270815317,-0.7818796209385778,0.46132040257520823,1.0708756138385414,2.5821813623639347,1.2285602985884323,0
-0.35297953711749996,-0.9510370198473084,0.9054344463723689,0.6128567624622359,-1.7085478671418668,-0.4745039928737859,0.8494484730383484,-0.1398483141104132,0
-0.35297953711749996,-2.281503135878768,0.9946123507130464,-0.5708861994654322,-2.2847645004590693,-1.2319702352940451,-0.32372865066953926,-0.06488796302738442,0
-0.35297953711749996,1.98920380822682,0.672481665809194,-0.1963980403432271,-0.6257052690857499,-0.42172036077010955,0.5057901253287814,-0.8930129103683493,0
-0.35297953711749996,-0.6918349366826342,0.887556705064209,-0.705207799417262,-1.716454709080785,-0.7295027983243031,0.5339268825780212,0.5160064983608821,0
-0.35297953711749996,-0.040520021924613805,0.8468009959348429,0.021756382576832323,-0.7349996516966735,0.11027675180590901,2.034327875286909,-0.03324766817174818,0
-0.35297953711749996,1.5403837874987651,0.6984849542151986,-0.8163197139147749,-1.8579373646685489,-0.6708841297975568,0.5452914409659331,-0.12041414901481318,0
-0.35297953711749996,-0.6608097252139704,0.889542793781981,1.0598197284835469,-0.44440428912743046,-0.08520289773645473,-0.5478425426532526,-0.8280262251375083,0
-0.35297953711749996,-1.870505717130231,-0.2112783199862499,0.061748008175187497,-2.4294455698166564,-1.117162036270356,-0.31021891885117636,1.123198683870043,0
-0.35297953711749996,1.365842668326744,0.7085973441508671,-1.0574003647481547,-1.0922452927127486,-0.650493086723858,0.9343614494032616,1.2858824340280663,0
-0.35297953711749996,1.5902526786907711,0.6955956999478647,-0.7474395279623807,-1.1350878150249153,-0.8646353749434216,-0.35370884071547193,1.6054899730365406,0
-0.35297953711749996,-1.8920123696863302,0.9681415282565098,-0.25611323201494557,-1.6869978958060154,-0.35344174362553216,0.2408495744363638,-0.14945638684205909,0
3.141592653589793,-0.803934923329673,0.8962002842292893,-0.7746111964539997,-0.4194761376440789,-1.0582185843228082,0.8758821463112845,-0.011080933530929094,1
-0.35297953711749996,1.8395971346508015,0.6811494286111955,-0.4030385982004097,-1.8940664539273575,-0.6423678175325187,0.5486597609720955,0.17113918734769396,0
-0.35297953711749996,-0.9036727057136853,0.901978792763957,-0.9123715683587881,-1.0049880534118905,-0.3613897830917008,0.3134470037485743,0.8331789648830059,0
-0.35297953711749996,0.8001882787347376,0.7444012482475992,-0.15282793541375095,-1.5190724285032688,-1.2115791922203463,0.06534135776778915,1.3414086200154949,0
-0.35297953711749996,-1.2961828011680643,0.9316450188745197,-1.0586663004222445,-0.3460131651927941,-1.8647432389964722,-0.03463696518265397,1.0158545728530148,0
-0.35297953711749996,-1.8159232603507502,-0.21632159222576952,0.029625845731618805,-1.4331974777707666,-0.8684666569962246,0.510430720504181,1.0660048094033843,0
-0.35297953711749996,1.7149249066707863,0.6883725642795302,-0.5752390630813952,-0.785355620466575,-0.4266003587905161,1.360746245427647,1.0779162473403756,0
-0.35297953711749996,-0.8384222809967111,0.8930290642121845,-1.080326592661475,-1.2197839098755063,-0.5879236042479804,0.9449407663219173,1.0382417164096698,0
-0.35297953711749996,-0.9036727057136853,0.901978792763957,-0.9123715683587881,-0.6326415047769649,-0.6844330768690113,0.004214265689295671,1.0739323706052766,0
-0.35297953711749996,1.465580450710756,0.7028188356161994,-0.9196399928433662,0.24082146820787242,-1.8105085545793853,0.36741409599511193,0.26821091014750087,1
-0.35297953711749996,-1.6645830300603615,0.9519444803994814,-0.11463063061620199,0.3392190014299732,-0.8237872115206996,0.3741657733120715,0.9164259434385384,1
-0.35297953711749996,-0.7291315865416639,0.8918664028282886,-0.6712909175254084,-1.1116948373595206,-0.5016613094658229,0.09619198083970623,0.8470605113798632,0
-0.35297953711749996,-0.6795898775277421,-0.6138328133447359,-1.6219485981542419,-1.7540992415493668,-0.6739871236655747,0.538324555061509,1.684638748058662,0
-0.35297953711749996,-1.3779419242413016,0.9331885112987326,0.19585341725391536,-0.546714504785428,-1.333229692957092,0.4358693075837133,1.7864215770782488,0
-0.35297953711749996,1.5403837874987651,0.6984849542151986,-0.8163197139147749,-0.029270812318460737,-1.6348925078746361,0.39130196713682125,1.188724159059516,0
-0.35297953711749996,-1.4707239203400857,0.9417574088101882,-1.2997469512556241,-2.0663528317246245,-1.3230594894655243,-1.0843210141850863,0.44039271051818785,0
-0.35297953711749996,1.689159793820687,-0.486332571521912,1.302857290992373,-1.6311326900214222,-0.5508393021380005,0.7539160276914421,1.3957549686004802,0
-0.2521601212214356,1.8146626890547986,0.6825940557448624,-0.43747869117660687,-1.3894593650216316,-0.6973031760382166,0.7329089890728744,0.9298574953298527,0
-0.35297953711749996,1.7149249066707863,0.6883725642795302,-0.5752390630813952,-1.2377611181370145,-0.3577047804330544,0.05543661302325947,0.8998365983996623,0
-0.35297953711749996,1.5902526786907711,0.6955956999478647,-0.7474395279623807,-0.11639772633512713,0.20920007568870247,1.3717646103167478,2.9085010916727563,0
-0.35297953711749996,-1.0782138248857065,0.9120911826996254,-1.1534522191921677,-1.1349280062918006,-0.7066016972735069,0.8474594402397143,1.291435052626809,0
-0.35297953711749996,-0.7636189442087019,0.8886951828111838,-0.9770063137328835,-1.1497007831899877,-1.0075479945404815,0.48691469497338846,1.6164680843723709,0
-0.35297953711749996,1.9144004714388108,0.6768155472101948,-0.2997183192718184,-1.6229786047298713,-0.7861531231392055,0.5258016327846707,0.3358034046669057,0
-0.35297953711749996,1.440646005114753,0.7042634627498663,-0.9540800858195633,-0.3709925122163067,-0.023242291879611132,0.8875921836747636,1.3368363612639182,0
-0.35297953711749996,-0.9286071513096883,0.9034234198976239,-0.9468116613349852,-0.7604283227020968,-1.2761921545951749,0.4519514174122039,-0.23095855815561128,0
-0.35297953711749996,1.6899904610747833,0.6898171914131971,-0.6096791560575923,-0.025892813349903898,-1.4439286598741057,0.6171281035439502,0.9742099333624432,1
-0.35297953711749996,2.363220492166866,0.65081225880419,0.32020335429972935,-0.6567420995090351,0.2836856576882829,-2.8780460067555373,0.45391207071670386,0
-0.35297953711749996,1.5653182330947681,0.6970403270815317,-0.7818796209385778,-0.9323931190255171,-1.0377306690775665,0.6471009548261595,-0.7417198416982138,0
-0.35297953711749996,1.5902526786907711,0.6955956999478647,-0.7474395279623807,-1.1268173290989913,-0.8754692431877069,0.6655301721192692,1.1223371961303186,0
-0.35297953711749996,0.4253409275405954,-0.4100791076825059,1.243107116993258,-0.035209605980026315,-0.21907234265017894,-0.57948345871687,2.208072812287755,1
-0.35297953711749996,2.113876036206835,0.6652585301408593,-0.024197575462241577,0.19875572374187178,-1.211436835529332,-0.014811522734302807,1.1499829547299711,1
-0.35297953711749996,1.41571155951875,0.7057080898835333,-0.9885201787957604,-1.1747924469385196,-0.38859673501694036,0.050213367363434125,1.0221023659763366,0
-0.35297953711749996,-0.6638811618246897,0.8829166742765162,-0.839245941828095,-0.9987691883618351,-0.7071434115387604,0.926236199609911,1.1056793403340899,0
-0.35297953711749996,1.4905148963067592,0.7013742084825325,-0.8851998998671691,-1.174543230189991,-1.0252216613040388,0.48794764436083504,0.5673715390633374,1
-0.35297953711749996,-0.8069542525916145,0.8993956878833153,-0.6061329610669695,-1.7399145281100123,-0.7179935882647077,0.5358728724741465,0.4704547545139052,0
-0.35297953711749996,2.2385482641868504,0.6580353944725247,0.1480028894187439,-1.8940664539273575,-0.6423678175325187,0.5486597609720955,0.17113918734769396,1
-1.570597110012427,1.8395971346508015,0.6811494286111955,-0.4030385982004097,0.3441502531869456,-1.8612008762057934,0.3588429824968511,0.4688435893477163,1
-0.35297953711749996,1.024598289098765,0.7313996040445969,0.15713290137202301,-1.6244422364598634,-0.9655597105837609,-0.8178453728383663,0.125889164564018,1
-0.35297953711749996,1.7647937978627926,0.6854833100121963,-0.506358877129001,0.7181037304872635,-2.0997610365293857,0.325927155242883,-0.6518931188472163,1
-0.35297953711749996,-0.9286071513096883,0.9034234198976239,-0.9468116613349852,-1.166831635453655,-0.9220953002688035,0.578778234088899,1.4947759411486774,0
-0.35297953711749996,-1.2961828011680643,0.9316450188745197,-1.0586663004222445,-1.637970172453045,-0.3057161542346256,1.0700718159533789,0.1378234757552368,0
-0.35297953711749996,-1.407219568975777,-0.24697148113641365,0.2096248344324529,-2.1057864917225246,-0.6984920693240738,0.341238552175018,1.0747320932226718,0
-0.35297953711749996,-1.156036490935657,0.9196204677546522,-1.0882942627337289,-1.2400698674949495,-0.5009230391144457,1.0370660211452898,0.9104233302342527,0
-0.35297953711749996,1.6401215698827774,0.692706445680531,-0.6785593420099865,-0.7324120530333799,-0.5619918871442318,0.2885351024199133,-0.8791313638714922,0
-0.35297953711749996,1.5403837874987651,0.6984849542151986,-0.8163197139147749,-1.0470046130272332,-1.0877911437799164,0.4773683274421794,0.8150122566817338,1
0.17205023911212614,2.1886793729948444,0.6609246487398586,0.0791227034663497,-1.4331974777707666,-0.8684666569962246,0.510430720504181,1.0660048094033843,1
-0.35297953711749996,-2.2917941664764756,-0.18489420053992844,1.1053817274158662,-1.6471205692404252,-1.379905023869293,-0.1953646697228526,1.3580664758117236,0
-0.35297953711749996,1.7398593522667893,0.6869279371458632,-0.5407989701051981,-1.5313008982900551,-0.021952818927598483,1.4239540128320614,0.9263777856440809,0
-0.35297953711749996,-2.167121938496461,-0.192117336208263,1.2775821922968515,-0.17942797788776177,-0.5795129709127087,0.3290467039488899,2.239371515102516,0
-0.35297953711749996,-1.6645830300603615,0.9519444803994814,-0.11463063061620199,-1.4771141333570308,-0.4616793398296697,0.9662862854087784,0.5385856700645528,0
-0.35297953711749996,1.7897282434587956,0.6840386828785293,-0.47191878415280386,0.5609418200507625,-1.389693975457019,1.019179164721716,0.22656627065692925,1
-0.35297953711749996,-1.3782578392918396,-0.24672305463148037,0.3458031121434323,-1.4331974777707666,-0.8684666569962246,0.510430720504181,1.0660048094033843,0
-0.35297953711749996,1.390777113922747,0.7071527170172002,-1.0229602717719575,-0.3951502951409569,-1.003274282342344,0.876166066253184,2.2777213399308205,0
-0.35297953711749996,1.5644875658406718,-0.47910943585357724,1.1306568261113874,0.7092620679668229,-1.241059427852387,0.11588065226497227,0.41105959942381154,1
-0.35297953711749996,1.340908222730741,0.7100419712845341,-1.0918404577243517,-0.9154535352823907,-1.50771006302393,0.015271224411062156,2.5134506196122253,0
-1.6339746808413427,-0.14924385682732433,0.8540233774831258,-0.08232213902101021,-1.311877725658064,-0.5852825110250426,-0.11293779227581124,1.0411451515706966,0
-0.35297953711749996,1.5154493419027621,0.6999295813488655,-0.850759806890972,0.12580543353471296,-1.1043302642689439,-0.06034427250566465,0.9441890364322528,0
-0.35297953711749996,1.365842668326744,0.7085973441508671,-1.0574003647481547,-1.237511901388486,-0.9943297067201529,0.4931708900206604,0.44510577148666314,0
-0.35297953711749996,-0.39382919412448003,0.8774844240903247,0.08017469832488816,-2.387662646634319,-0.6777533335396897,0.22888837823880637,0.59386524428261,0
-0.35297953711749996,1.7149249066707863,0.6883725642795302,-0.5752390630813952,-0.132599597297534,-1.584200186248228,0.39987308063508215,0.9880914798593003,1
-0.35297953711749996,-2.2565686902827653,0.9931677235793794,-0.5364461064892352,-1.800590349576444,-0.6990181423474211,0.540534511178745,-0.009063906346282402,0
-0.35297953711749996,-0.3092732954975464,0.8656146879173505,-0.18754752166484004,-0.132599597297534,-1.584200186248228,0.39987308063508215,0.9880914798593003,0
-0.35297953711749996,-2.2269206790992873,0.9895690784735269,-0.603008361909001,-1.5323031080999856,-1.408501043409371,-0.16003891493442957,1.1750870728183758,0
-0.35297953711749996,1.8645315802468045,0.6797048014775285,-0.3685985052242126,0.3392190014299732,-0.8237872115206996,0.3741657733120715,0.9164259434385384,0
-0.35297953711749996,1.7398593522667893,0.6869279371458632,-0.5407989701051981,-1.6748708027705574,-0.7220027830960086,0.5314377591227486,1.5319022826740116,0
-0.35297953711749996,0.8001882787347376,0.7444012482475992,-0.15282793541375095,-1.660788951779328,-0.12377139468441156,0.09143531014448197,0.9632688336905313,0
-0.23192634589948713,1.0695555286172902,0.8463942252445198,0.027893930923121757,-1.9464153681802783,-0.9858661119023775,-0.6416857185739995,0.5928327112184499,0
-0.35297953711749996,1.8146626890547986,0.6825940557448624,-0.43747869117660687,-1.2095143490327072,-0.9782039108184524,0.49187622492535177,1.5003285597474203,1
-0.35297953711749996,-0.9286071513096883,0.9034234198976239,-0.9468116613349852,-0.5367451939640373,-1.3859294084174025,0.4333969218333747,0.20336519218842497,0
-0.35297953711749996,-1.2286511657158214,-0.2553908174334819,0.5524436700006149,-0.8852852099765408,-0.7467559331833591,0.17434757865046863,1.4072227528511485,0
-0.35297953711749996,-1.4457894747440827,0.9403127816765213,-1.265306858279427,-1.2114646181363717,-0.6637832061887511,0.11096159501771388,0.8623120964809048,0
-0.35297953711749996,1.1278536993367372,-1.3595384218374191,-2.58526866424447,-2.159584777226006,-0.4814529038909585,0.5717394851058072,0.6830050125561692,0
-0.35297953711749996,-1.7144519212523677,0.9548337346668152,-0.18351081656859614,0.1299685372498358,-0.3191770221430906,-0.5938412850668654,1.8896426356416842,0
-0.35297953711749996,-2.038599714000407,0.9736138874044853,-0.6312320252591586,-1.8579373646685489,-0.6708841297975568,0.5452914409659331,-0.12041414901481318,0
-0.35297953711749996,1.5403837874987651,0.6984849542151986,-0.8163197139147749,-0.06174207550877009,1.5626128729890736,-1.117522747341247,0.8414929690818933,0
-0.35297953711749996,1.8395971346508015,0.6811494286111955,-0.4030385982004097,0.7390237368060939,-1.9606707388242295,-0.515244608902986,-0.6750299288712858,1
-0.35297953711749996,-0.07444052003931526,0.8496894960821251,0.020998139907581093,-0.8850505898675437,-0.024196405528554177,0.7560822993596612,0.9856189655832679,1
-0.35297953711749996,2.014138253822823,0.671037038675527,-0.16195794736703006,-2.002618434026136,-0.5560759307738677,0.5588011727842961,1.0676724978826142,0
-0.35297953711749996,1.365842668326744,0.7085973441508671,-1.0574003647481547,-1.3478320506126624,-0.756249435896927,0.6842347388312755,1.0548995722058985,0
-0.35297953711749996,-2.156830907898753,0.9873892150447118,-0.3986857345844468,-0.6661335170356845,-2.2855578181188383,-0.6864020339092585,1.0574992123435862,0
-0.35297953711749996,1.7149249066707863,0.6883725642795302,-0.5752390630813952,-1.3397213734198532,-0.925116981811127,0.5023054707108304,0.8858017157094078,0
-0.35297953711749996,-1.297013468422161,-0.2445047440605893,0.8538701466277208,-1.5995323338363017,-0.19101420781827272,0.08507408782518616,-0.1643165924418608,0
-0.35297953711749996,2.2136138185908476,0.6594800216061916,0.11356279644254674,-0.47401343132679785,-0.8037113379303817,0.04366778035767421,2.4469463222889667,1
-0.35297953711749996,0.8100000767470025,-0.7783974659320492,0.6466045669238761,-1.0922452927127486,-0.650493086723858,0.9343614494032616,1.2858824340280663,0
-0.35297953711749996,1.9642693626308168,0.6739262929428609,-0.2308381333194242,0.557563821082206,-1.5806578234575492,0.7933530283145873,0.441080496354002,1
-0.35297953711749996,-1.1031482704817095,0.9135358098332924,-1.1878923121683649,-1.4026900446183481,-0.8942250272272411,0.5075287163706558,0.7635359481327336,0
-0.35297953711749996,-0.41605687694006144,2.3950934427487307,0.12324250656550595,-1.1989520766603787,-0.7907646130979801,0.7171064264943934,1.2997639805249235,0
-0.35297953711749996,2.1637449273988416,0.6623692758735255,0.0446826104901526,-0.501857079088587,-1.143545808716466,0.6589110433443159,2.291602886427678,0
0.6194997369052659,-0.4295515244154712,2.6843374051440465,0.6898597975180569,0.7709773889774663,-1.300114770709305,1.2278630741323235,0.4133174033602876,1
-0.1904803052572922,-0.6888156074206927,0.884361301410183,-0.8736860348042921,0.07743597162916949,-1.494620981500514,0.6085569900456893,1.1748426125626588,0
-0.35297953711749996,-0.5890778250366807,0.8785827928755153,-0.7359256628995038,0.97630510712104,1.4278052476429544,-0.7517874015922437,2.0532094996093297,0
-0.35297953711749996,1.465580450710756,0.7028188356161994,-0.9196399928433662,-1.716454709080785,-0.7295027983243031,0.5339268825780212,0.5160064983608821,0
-1.764570887397896,-1.0541100465438002,-0.26550320736915045,0.7935243208339946,-2.159584777226006,-0.4814529038909585,0.5717394851058072,0.6830050125561692,0
-0.35297953711749996,-0.7666382734706435,0.8918905864652098,-0.8085280783458532,0.3192354273150211,-0.02400009957567506,-0.15723233075897225,1.9084294719333865,1
-0.08431414044195645,2.2136138185908476,0.6594800216061916,0.11356279644254674,0.18414275557679938,-1.3543494551263917,0.8258120129545575,1.1609610660658016,1
-0.35297953711749996,-1.7996605234502607,0.9566603480994702,-0.45647729108609364,-1.6445237967732886,-0.39034107704931265,0.9798014867836693,-0.14817724200852744,0
-0.35297953711749996,-0.39044470364511086,1.7330530279250782,0.6841843891953777,-1.4961661489692617,-0.8375747024123387,0.5156539661640063,0.9437390418267099,0
-0.35297953711749996,1.5653182330947681,0.6970403270815317,-0.7818796209385778,-1.5689163060193527,-0.38360478211365906,0.9750383021880173,1.4676419483547276,0
-0.35297953711749996,-1.1031482704817095,0.9135358098332924,-1.1878923121683649,-1.6445237967732886,-0.39034107704931265,0.9798014867836693,-0.14817724200852744,0
-0.35297953711749996,-1.7892552580403767,0.959167616067816,-0.28683109549718744,-0.6434519779116674,-1.5262009347915246,0.21614189892450658,0.2172467386852821,0
-0.21095870307881517,2.288417155378857,0.6551461402051908,0.21688307537113805,1.079837546298584,-1.6705834361765095,-0.14286131139612468,-0.4951628830740482,0
-0.35297953711749996,2.2385482641868504,0.6580353944725247,0.1480028894187439,-1.4911624918224038,-1.4564168789376724,-0.2083013783349894,1.6608890331623138,1
-0.35297953711749996,2.462958274550878,0.6450337502695224,0.45796372620451753,-1.5970515969013774,-0.7988727173928163,0.5236509897976915,0.3861456693642908,0
-0.35297953711749996,1.41571155951875,0.7057080898835333,-0.9885201787957604,-1.146593763144036,-0.5575733639293481,1.0289407713519392,0.7302202365402763,1
-0.35297953711749996,-0.828869368925676,0.8976449113629562,-0.8090512894301968,-0.132599597297534,-1.584200186248228,0.39987308063508215,0.9880914798593003,1
-0.35297953711749996,-1.6895174756563645,0.9533891075331483,-0.1490707235923991,0.4992264990401196,-1.3306386326001012,-0.09280325714563492,0.22430846672045324,0
-0.35297953711749996,-1.4776797066253138,0.9389670198334004,0.05809304534912707,-1.8104651647966377,-1.0794157701410605,0.08914094397995542,0.41390876235800506,0
-0.35297953711749996,2.363220492166866,0.65081225880419,0.32020335429972935,-0.846819077321088,-0.8325055040048394,0.16885506996949579,-0.7596568423279741,0
-0.35297953711749996,1.7149249066707863,0.6883725642795302,-0.5752390630813952,-0.608563863036217,-1.2838173350905882,0.4416560204354478,2.305484432924535,1
-0.35297953711749996,-1.4208550291480797,0.9388681545428543,-1.23086676530323,-1.0711512908573082,-1.073157273960745,0.4794672359323362,0.8615621859671505,0
-0.35297953711749996,2.014138253822823,0.671037038675527,-0.16195794736703006,-1.6987158010694152,-0.7075517433546644,0.5335104446378927,1.5778706346118594,0
-0.35297953711749996,-1.4956583659360887,0.9432020359438551,-1.3341870442318213,-2.592242584656214,-1.120981457664438,-0.38738591613273754,0.6730405059931773,0
-0.35297953711749996,1.2490082994627925,0.7183979598415946,0.46709373815779687,-1.690527701252291,-0.7422223925779139,0.5317762395910421,0.5663487630582671,1
-0.35297953711749996,-1.379286636335167,-0.33871199671124674,0.7906905988640991,-1.205170941710434,-0.4450109846509205,0.10431723063305681,1.0272636050738395,0
-0.2445418776632581,2.1886793729948444,0.6609246487398586,0.0791227034663497,0.08081397059772621,-1.3036571334999838,0.8343831264528184,0.9603283868655861,1
-0.35297953711749996,1.7897282434587956,0.6840386828785293,-0.47191878415280386,0.557563821082206,-1.5806578234575492,0.7933530283145873,0.441080496354002,1
-0.35297953711749996,2.1388104818028384,0.6638139030071923,0.010242517513955385,1.3443316460336567,-0.2353697782688955,0.20672359498000575,0.3159057827235075,1
-0.08431414044195645,1.4905148963067592,0.7013742084825325,-0.8851998998671691,0.5440834447377301,-0.5701475154342267,-0.6298375120154964,1.0913125384227358,1
-0.35297953711749996,1.7149249066707863,0.6883725642795302,-0.5752390630813952,-1.9560460245509397,-0.5813074789363537,0.5548559637247539,1.0782145882667424,0
-0.35297953711749996,-1.4208550291480797,0.9388681545428543,-1.23086676530323,-2.237292300587158,-1.6405018756375491,-0.7798791476555169,0.4694349483454338,0
-1.5539524954512973,-0.5545904673696426,0.88175401289262,-0.43021026669202866,0.5419092126191716,-1.2745300220504523,-0.005901247982087632,0.21875584812171034,0
-0.35297953711749996,2.014138253822823,0.671037038675527,-0.16195794736703006,-0.48862639949187037,-0.9466239575274416,0.8842913160465347,2.4579244336247967,1
-0.35297953711749996,-2.3064375814747713,0.9960569778467133,-0.6053262924416294,-2.2847645004590693,-1.2319702352940451,-0.32372865066953926,-0.06488796302738442,0
-0.35297953711749996,1.8146626890547986,0.6825940557448624,-0.43747869117660687,0.3925197150924895,-1.470910158974223,-0.310058280054503,0.23819001321731037,1
-0.35297953711749996,-0.6109408340219642,0.8866535395146471,1.128699914435941,-0.7020399673871305,-1.2271670102756858,0.4497812702287984,2.485687526618511,0
-0.35297953711749996,-0.5142744882486716,0.8742489114745146,-0.6326053839709125,-0.050872160373416464,0.3975722872427552,1.5393572524013677,1.2951917217733468,0
-0.35297953711749996,-1.3031385874532926,0.9288546298977318,0.2991736961825068,-1.690527701252291,-0.7422223925779139,0.5317762395910421,0.5663487630582671,0
-0.35297953711749996,1.7159178830775996,1.4449896426800564,-0.3971064106546062,1.102456767245057,-1.5017755976091167,0.45599533453104996,-0.7086984496681767,0
-0.35297953711749996,-1.9023959490114621,-0.21262408182937087,1.3851479118037415,0.5440834447377301,-0.5701475154342267,-0.6298375120154964,1.0913125384227358,0
-0.35297953711749996,-0.9221661172280189,0.9099756118695158,-0.5420649057792879,-0.4828704217828834,0.0005466730850254287,-0.5423500339722799,1.3388533700416145,0
-0.35297953711749996,1.8894660258428078,0.6782601743438617,-0.3341584122480155,1.7757458190601279,-0.0933184075583573,-1.954339609786158,-0.8469190183663748,1
-0.35297953711749996,-1.594691344945833,1.0654944744657373,-0.20942950808890604,0.7244107686410215,-2.1035833584212895,0.32537892678587443,-0.6640518175354553,0
-1.620530953695815,-1.9083626722682192,-0.21437561246978165,1.2503515267236571,-2.193086794019253,-0.4677699310824385,0.5744237293778512,0.5256864179497908,0
-0.35297953711749996,-1.0283449336937005,0.9092019284322916,-1.0845720332397735,-2.176691452621467,-0.47108556215816727,0.5732264534779603,0.7159832357126265,0
-0.35297953711749996,1.8645315802468045,0.6797048014775285,-0.3685985052242126,-0.7118926480152903,-1.2331250134641802,0.4502271339337087,2.1048517537243194,1
-0.35297953711749996,2.462958274550878,0.6450337502695224,0.45796372620451753,-0.8463032734345992,-1.6193046898192964,0.006862054675812024,0.04444525245649966,0
-0.35297953711749996,-1.1634007409988474,-0.26434054598525436,0.3844886456979283,-1.3397213734198532,-0.925116981811127,0.5023054707108304,0.8858017157094078,0
-0.35297953711749996,1.8395971346508015,0.6811494286111955,-0.4030385982004097,-0.9987691883618351,-0.7071434115387604,0.926236199609911,1.1056793403340899,1
-0.35297953711749996,-1.0636629586148352,-0.270119054519922,0.5222490176027166,-1.5313008982900551,-0.021952818927598483,1.4239540128320614,0.9263777856440809,0
-0.35297953711749996,-1.4651074652923373,0.9403874633301459,0.16089011319337493,-1.0922452927127486,-0.650493086723858,0.9343614494032616,1.2858824340280663,0
-0.35297953711749996,1.8395971346508015,0.6811494286111955,-0.4030385982004097,-1.2624666234545585,-0.6440322147976293,0.85803875715837,1.0437943350084127,1
-0.35297953711749996,-1.1031482704817095,0.9135358098332924,-1.1878923121683649,-1.126307805524593,-0.6445739290628828,0.9368155165285666,0.8580386227156935,0
-0.35297953711749996,1.5268048288727858,-1.38265245597609,-2.0342271766253166,-1.716454709080785,-0.7295027983243031,0.5339268825780212,0.5160064983608821,0
-0.35297953711749996,1.8146626890547986,0.6825940557448624,-0.43747869117660687,-1.716454709080785,-0.7295027983243031,0.5339268825780212,0.5160064983608821,0
-0.35297953711749996,0.7503193875427316,0.7472905025149331,-0.22170812136614512,-1.8121782336889432,-1.7233169344522152,-0.591337726877034,-1.1677666903955461,0
-0.35297953711749996,-1.1280827160777127,0.9149804369669593,-1.222332405144562,-2.135739778927148,-0.49590394363230267,0.5696667995906631,0.6370366606183215,0
-0.35297953711749996,1.8395971346508015,0.6811494286111955,-0.4030385982004097,0.17250332560161796,1.6403149168873186,-0.9108470413510343,1.0752521402034325,1
-0.35297953711749996,1.9393349170348138,0.6753709200765278,-0.2652782262956213,-1.0137982658696492,-0.08321463370127569,1.6071335567484335,1.710135267808122,0
-0.35297953711749996,-1.3260288984375481,1.0509735214754434,-1.291225549799737,-0.37073252095087694,-2.0837613922718266,-0.3039141061715567,1.2331451078494589,0
3.141592653589793,-1.0627801840119606,0.9158522315746778,0.6772564762514234,-1.4625011651919584,-0.3187667202326098,0.12566274971991798,0.5276075587287223,1
-0.35297953711749996,1.9642693626308168,0.6739262929428609,-0.2308381333194242,-1.1760457971263714,-0.4167601232899723,1.1674190348906106,0.9020944023361384,1
-0.35297953711749996,1.9393349170348138,0.6753709200765278,-0.2652782262956213,-0.4883965893923623,1.3758925641574442,-1.5347158909823682,0.09350291349215234,0
-0.35297953711749996,-2.281503135878768,0.9946123507130464,-0.5708861994654322,-1.2454265677534406,-1.9344826453347908,-0.6360479806106318,2.174259486208605,0
-1.6602219576492774,1.8146626890547986,0.6825940557448624,-0.43747869117660687,-1.0344400873942259,-0.22057654245232505,0.4519252672872458,1.005053130678868,0
-0.35297953711749996,-1.8326831151507132,0.9686090623070418,0.04903547410611553,-1.3853510978984227,-1.1622308289557268,0.27768236475843844,-1.223292876382975,0
-0.35297953711749996,-1.8640585948283859,0.9635014974688167,-0.3901513744257788,-0.029270812318460737,-1.6348925078746361,0.39130196713682125,1.188724159059516,0
-0.35297953711749996,-1.2686512297862544,0.9320258499148366,0.6048890923899818,-1.5440005799866205,-0.23856350563399287,-1.3583833311967481,0.5244633284089157,0
-0.35297953711749996,2.263482709782854,0.6565907673388578,0.182442982394941,-0.43739162086189565,0.3340486911179348,1.3972680511676099,1.1916150437110928,1
-0.35297953711749996,-0.5795249129656456,0.883198640026287,-0.46465035966822577,-1.9171719487442678,-1.2196872965151826,-0.1281140789289127,0.4277903088548623,0
-0.35297953711749996,-0.3800493481976213,0.8716416229569515,-0.18912961585864901,0.41176093707040584,-1.4930661684073605,0.06297222946554265,0.23916867232025496,1
-1.6166898887970926,-1.3533233936958367,-0.24816768176514736,0.3802432051196294,-0.7978196480068271,-0.5843283973760997,0.018572092039291,1.3923625472513468,0
-0.35297953711749996,2.113876036206835,0.6652585301408593,-0.024197575462241577,-1.6229786047298713,-0.7861531231392055,0.5258016327846707,0.3358034046669057,0
-0.35297953711749996,-1.6147141388683555,0.9490552261321475,-0.04575044466380779,-0.608563863036217,-1.2838173350905882,0.4416560204354478,2.305484432924535,0
-0.35297953711749996,-0.6888156074206927,0.884361301410183,-0.8736860348042921,0.038339871564999184,-1.2667578000762032,0.09543121410551289,0.9590492420320545,0
-0.35297953711749996,-1.4707239203400857,0.9417574088101882,-1.2997469512556241,-2.023878732691898,-1.3599588228893047,-0.3453691018377808,0.44167185535171943,0
-0.35297953711749996,-1.2807087189156723,0.9268436034229868,-1.2604947276147143,-1.4331974777707666,-0.8684666569962246,0.510430720504181,1.0660048094033843,0
-0.35297953711749996,-1.3333079217311121,0.9358694480229174,0.5350968004993123,-2.378240604809983,-1.175319910479143,-0.31560340087618877,0.11531513066659194,0
-0.35297953711749996,1.98920380822682,0.672481665809194,-0.1963980403432271,-0.8912957523577405,-0.5276780725611971,0.026697341832641608,1.5725656409453233,1
-0.35297953711749996,1.4905148963067592,0.7013742084825325,-0.8851998998671691,-0.05604328599236319,0.5616327785815141,0.3266700576631925,1.2833271840541858,0
-0.35297953711749996,-1.3460516923600705,0.9345342731418536,-1.1275464863746385,-0.2751556434040303,1.2820698202408298,-1.5520327931589832,0.8692560620756076,0
-0.35297953711749996,-0.3646678146726533,0.865581148672513,-0.4259648261137299,-0.8233969939005918,-1.245300200011289,0.45717466307202925,-0.35322432573228557,0
-0.35297953711749996,-1.8172090328983213,0.9638076468555089,-0.15279295308635432,-1.748254513749042,-0.286198930491671,0.24721079675565963,0.978129039290333,0
-0.35297953711749996,-1.3709861379560735,0.9359789002755204,-1.161986579350836,0.29422753849298644,-1.0231140807517396,1.2688931722705545,0.9325652938718717,0
-0.35297953711749996,-1.1036630226852682,0.9172976128283965,0.5746944399920834,-1.690527701252291,-0.7422223925779139,0.5317762395910421,0.5663487630582671,0
-0.35297953711749996,1.7647937978627926,0.6854833100121963,-0.506358877129001,0.08081397059772621,-1.3036571334999838,0.8343831264528184,0.9603283868655861,0
-0.35297953711749996,2.039072699418826,0.6695924115418601,-0.12751785439083296,0.07743597162916949,-1.494620981500514,0.6085569900456893,1.1748426125626588,1
-0.35297953711749996,-2.281503135878768,0.9946123507130464,-0.5708861994654322,-1.964644148616179,-0.811155656171679,0.32803641805706496,-0.10653260251795593,0
-0.08431414044195645,1.6899904610747833,0.6898171914131971,-0.6096791560575923,-1.4318734536715154,-0.8989773968857281,0.5092931634476962,0.0677154927182203,1
-0.35297953711749996,2.1388104818028384,0.6638139030071923,0.010242517513955385,1.457895774323907,0.443767175685309,2.5487977475903407,0.9861807060670565,0
-0.35297953711749996,0.2060813295123816,0.9560806470787518,0.5054644134041878,-0.2543238101889025,1.07922881139083,-1.779867132986507,1.1307783261908613,1
-0.35297953711749996,1.9144004714388108,0.6768155472101948,-0.2997183192718184,-1.6930084381872152,-0.13436388300337032,0.09319933761853677,0.015886501252115548,0
-0.35297953711749996,0.10908665165140446,0.8381332331328414,0.2283969404340151,0.8141757252640633,-0.745763562138976,-0.6537253831572057,0.17079928951072065,1
0.14828691058203125,-1.0532793792897035,0.9106465555659585,-1.1190121262159707,-0.6442196459542864,-0.2744412609058263,0.45804366780899053,1.248459929632682,1
-0.35297953711749996,1.6401215698827774,0.692706445680531,-0.6785593420099865,-1.716454709080785,-0.7295027983243031,0.5339268825780212,0.5160064983608821,0
-0.35297953711749996,-2.3064375814747713,0.9960569778467133,-0.6053262924416294,-1.6257792124508992,-1.3518507185944686,-0.15191366514107896,1.355290166512352,0
-0.35297953711749996,-1.8141897036363797,0.960612243201483,-0.32127118847338454,-0.6702644885067087,-1.3635366642544107,0.442988594846074,-1.5008374389099126,0
-0.35297953711749996,-0.6268892270992691,0.8866542936346988,1.060577971152798,-1.5970515969013774,-0.7988727173928163,0.5236509897976915,0.3861456693642908,0
-0.35297953711749996,-1.4527452610293108,0.9375223926997334,0.09253313832532417,-1.5397316398114689,-0.634372386705488,0.745002645589664,0.27637011432307174,0
-0.35297953711749996,-1.5524830434133228,0.9433009012344011,-0.045227233579464315,-0.9787613143274543,-0.6901056083684566,0.18247282844381918,1.587425846545125,0
-0.2445418776632581,1.8514307086101045,2.312738648694297,0.29439776036435006,0.3441502531869456,-1.8612008762057934,0.3588429824968511,0.4688435893477163,1
-0.35297953711749996,-0.6638811618246897,0.8829166742765162,-0.839245941828095,-1.4331974777707666,-0.8684666569962246,0.510430720504181,1.0660048094033843,0
-0.35297953711749996,-2.156830907898753,0.9873892150447118,-0.3986857345844468,-0.132599597297534,-1.584200186248228,0.39987308063508215,0.9880914798593003,0
-1.6339746808413427,-1.2807087189156723,0.9268436034229868,-1.2604947276147143,-1.9514134690194624,-0.6142338049826545,0.5534166907592836,0.05978894467916318,0
-0.35297953711749996,1.9393349170348138,0.6753709200765278,-0.2652782262956213,-0.5336114533031919,-0.4243614539930473,1.5636686839265097,-0.8959163455293759,0
-0.35297953711749996,-1.492572160192712,1.4733150037881964,0.169925392594454,-0.4194761376440789,-1.0582185843228082,0.8758821463112845,-0.011080933530929094,0
-0.27602828796563383,-1.8206368259382248,-0.2141675742535838,0.13062819412758164,-1.0042830930875082,0.4512880811954201,2.2833316242368777,-0.23146652098967047,0
-0.35297953711749996,-1.121641681996043,0.9215326289388512,-0.8175856495888648,-1.1054759723094651,-0.8474149379128825,0.7089811767010428,1.119560886830947,0
-0.35297953711749996,-2.370624787352419,-0.18225337277752784,0.9003232637524923,-1.8940664539273575,-0.6423678175325187,0.5486597609720955,0.17113918734769396,0
-0.35297953711749996,-0.6293938041576517,0.8860878942936208,-0.53353054562062,-1.3478320506126624,-0.756249435896927,0.6842347388312755,1.0548995722058985,0
-0.35297953711749996,0.999663843502762,0.7328442311782638,0.12269280839582591,-1.045828291597601,-1.0631438811294531,-0.45422860835334256,-0.7360400972378158,1
-0.35297953711749996,-0.7291315865416639,0.8918664028282886,-0.6712909175254084,-0.025892813349903898,-1.4439286598741057,0.6171281035439502,0.9742099333624432,1
-0.35297953711749996,2.2385482641868504,0.6580353944725247,0.1480028894187439,-0.608563863036217,-1.2838173350905882,0.4416560204354478,2.305484432924535,1
-0.35297953711749996,1.7149249066707863,0.6883725642795302,-0.5752390630813952,-1.4331974777707666,-0.8684666569962246,0.510430720504181,1.0660048094033843,1
-1.570597110012427,1.9642693626308168,0.6739262929428609,-0.2308381333194242,0.24082146820787242,-1.8105085545793853,0.36741409599511193,0.26821091014750087,1
-0.35297953711749996,1.465580450710756,0.7028188356161994,-0.9196399928433662,-1.5162718207822414,-0.6458815967650834,0.7430566556935387,0.32192185817004854,0
0.17205023911212614,1.882217240444387,1.6084820800506061,0.19137901779030958,1.0445311204839118,-1.682768779298923,0.9771439955124788,-0.7056964570260269,1
-0.35297953711749996,0.0640453287157501,0.8171721186019014,-0.9604949677577913,-1.4331974777707666,-0.8684666569962246,0.510430720504181,1.0660048094033843,0
-0.35297953711749996,2.014138253822823,0.671037038675527,-0.16195794736703006,-0.6253356509638751,0.054157200955541995,-0.5310929263013259,0.516509847711974,1
-0.35297953711749996,1.5482216466148289,0.7010624342375914,0.8803748538721621,-1.4453533500167606,-0.4592743217876542,-0.15382138625192332,0.35612477243410035,0
-0.35297953711749996,1.9393349170348138,0.6753709200765278,-0.2652782262956213,-1.3056588606080088,-0.9310361394721022,0.4998514035855254,1.3136455270217806,1
-0.35297953711749996,-1.5922738513735295,-0.5541125384356098,-0.9639990905241799,-2.2723152327980625,-0.4197542716520045,0.5813105253166115,0.6784228833344411,0
-0.35297953711749996,-1.3530074786452986,0.9317438841650657,0.23029351023011246,-0.9052232484453862,-1.248267670912762,0.46247840302733634,-1.9570549925916314,0
0.17205023911212614,1.9393349170348138,0.6753709200765278,-0.2652782262956213,0.9524373047013541,-1.6801276860759853,-0.08073456308524973,-0.702793021865,1
-0.35297953711749996,-1.09670723640004,0.9200880018051842,-0.7831455566126677,-1.4771141333570308,-0.4616793398296697,0.9662862854087784,0.5385856700645528,0
-0.35297953711749996,2.113876036206835,0.6652585301408593,-0.024197575462241577,-0.23201449531001317,-0.11172969620886841,-0.5627870954252585,2.187643226781516,1
-0.35297953711749996,1.8146626890547986,0.6825940557448624,-0.43747869117660687,0.17577208711856018,0.8750371911800241,2.1992475709213224,1.4337501759767517,0
-0.35297953711749996,-0.9221661172280189,0.9099756118695158,-0.5420649057792879,-1.690527701252291,-0.7422223925779139,0.5317762395910421,0.5663487630582671,0
-0.35297953711749996,2.039072699418826,0.6695924115418601,-0.12751785439083296,-1.4331974777707666,-0.8684666569962246,0.510430720504181,1.0660048094033843,1
-0.35297953711749996,2.1886793729948444,0.6609246487398586,0.0791227034663497,-1.0922452927127486,-0.650493086723858,0.9343614494032616,1.2858824340280663,1
-0.35297953711749996,-0.4394711514606623,0.8699150300735138,-0.5292851050423212,-0.48862639949187037,-0.9466239575274416,0.8842913160465347,2.4579244336247967,0
-0.35297953711749996,1.5154493419027621,0.6999295813488655,-0.850759806890972,-1.800590349576444,-0.6990181423474211,0.540534511178745,-0.009063906346282402,0
-0.35297953711749996,0.6077755635714652,0.8092406904595029,0.917198799957957,-0.5744441620317926,0.6584142322684636,-2.4316322017131107,1.1724229656814327,0
-0.35297953711749996,0.9161919803445925,-0.44154913037823706,0.2352144087302629,-0.7978196480068271,-0.5843283973760997,0.018572092039291,1.3923625472513468,0
-0.35297953711749996,-0.4862686060419491,0.8794304038463124,1.3009003793169265,-1.29884563693173,-0.446674750832969,-1.469532863580682,0.7272031320821251,0
-0.35297953711749996,-2.3563064726667773,0.9989462321140472,-0.6742064783940236,-2.7266207137574034,-1.169127562953049,-0.5118513851664893,0.5950941504340767,0
-0.35297953711749996,-1.2416003443885837,0.9266017466350002,-1.090788462865813,-2.180079750378747,-0.47565272906843636,0.5732931144534703,0.500611458738475,0
-0.35297953711749996,-1.156036490935657,0.9196204677546522,-1.0882942627337289,-1.716454709080785,-0.7295027983243031,0.5339268825780212,0.5160064983608821,0
-0.35297953711749996,-0.20550822902559995,0.861529233021283,0.05195103497473069,0.03518031322243087,-2.997498805323767,-1.0645049913738727,-0.5630512212673306,0
-0.35297953711749996,-1.0283449336937005,0.9092019284322916,-1.0845720332397735,-2.0248685863939357,-0.9729417489710958,-0.9570835937050091,1.6483373370798575,0
-0.35297953711749996,2.162914260144744,-0.5137804870615836,1.9572190575401178,-1.817067912747862,-0.6430951690816887,0.5435478007213344,1.5623729804819877,0
-0.35297953711749996,-2.331372027070774,0.9975016049803802,-0.6397663854178265,-2.9827169952317156,-1.505779226250942,-1.0332634401477727,0.6284098620265338,0
-0.35297953711749996,0.007150699230065852,-3.001928390531056,-0.08569545388021901,-1.716454709080785,-0.7295027983243031,0.5339268825780212,0.5160064983608821,0
-0.35297953711749996,-1.031456811683066,0.9111382732534119,-0.9511005809153543,-1.3397213734198532,-0.925116981811127,0.5023054707108304,0.8858017157094078,0
-0.35297953711749996,1.8645315802468045,0.6797048014775285,-0.3685985052242126,-0.6051858640676602,-1.0928534870900581,0.6674821568425768,2.0909702072274623,1
-0.35297953711749996,1.5653182330947681,0.6970403270815317,-0.7818796209385778,-0.8912957523577405,-0.5276780725611971,0.026697341832641608,1.5725656409453233,0
-0.35297953711749996,-1.4709568157774378,0.34760646422609365,-1.642296948010863,0.14028328818311508,1.0005885870601903,-1.5891665771640993,-0.9273633518285047,0
-0.21641029021218988,1.440646005114753,0.7042634627498663,-0.9540800858195633,-1.6028729329168918,-0.9778462287864608,0.29839894325513827,0.9576205883235671,0
-0.35297953711749996,-1.2712483555720613,0.9302003917408528,-1.0242262074460473,-0.3233316260687772,-1.1053863556691583,0.8679069676511109,0.1756020991947106,0
-0.35297953711749996,-1.8391241492323827,0.9620568703351499,-0.3557112814495817,-1.0177585461836212,-1.1499478901768643,0.47329693649906507,-0.7306146045007282,0
-0.35297953711749996,-0.7854819531939855,0.8967659294503156,0.8876192636025613,-0.4828704217828834,0.0005466730850254287,-0.5423500339722799,1.3388533700416145,0
-0.35297953711749996,2.31335160097486,0.6537015130715239,0.25132316834733515,-0.22997215191109477,-1.1033789618352559,0.8618082399031886,1.9592911632847498,1
-0.35297953711749996,-1.3779419242413016,0.9331885112987326,0.19585341725391536,-0.46753239763642984,-1.3692881447643286,0.4293971025756092,2.033604185563881,0
-0.35297953711749996,-2.2565686902827653,0.9931677235793794,-0.5364461064892352,-2.071350932563809,-0.9514271825458012,0.11078139514819685,-0.0926510560210988,0
-0.35297953711749996,1.6899904610747833,0.6898171914131971,-0.6096791560575923,-1.0919831240724358,-0.8703162651107452,0.70730157575986,0.6000399218518969,0
-0.09794310827539326,2.1388104818028384,0.6638139030071923,0.010242517513955385,0.3975563234720598,-1.0738064023781475,1.2603220587722936,1.1331979730720871,1
-0.35297953711749996,-1.7957023803422218,-0.2156122013872508,0.1650682871037788,-1.9514134690194624,-0.6142338049826545,0.5534166907592836,0.05978894467916318,0
-0.35297953711749996,2.6624338393189024,0.6334767332001869,0.7334844700140943,-2.110929968694863,-1.125725229254093,-1.17613318268644,1.6224187092634577,0
-0.35297953711749996,-1.4457894747440827,0.9403127816765213,-1.265306858279427,-1.124106815640738,-1.6512984993636088,-1.259416493390624,2.149399828375918,0
-0.35297953711749996,-2.6825266851807457,-2.497387309008328,-0.8182623679324437,-1.446428157367483,-1.0653885081852492,0.2850504478019623,0.899683262206265,0
-0.08431414044195645,1.9393349170348138,0.6753709200765278,-0.2652782262956213,-0.7118926480152903,-1.2331250134641802,0.4502271339337087,2.1048517537243194,1
-0.35297953711749996,-1.0426934125864695,-1.7552843168073808,-0.048413592842569964,1.6122768704698691,0.6205709754059132,-1.260539371850316,0.04369906982601002,0
-0.35297953711749996,1.7647937978627926,0.6854833100121963,-0.506358877129001,-1.0671453730413425,-1.1257190858636579,0.4773935693821694,-0.82650861304509,0
-0.35297953711749996,1.2661048859427317,0.7143758526855348,-1.1951607366529429,-1.3056588606080088,-0.9310361394721022,0.4998514035855254,1.3136455270217806,0
-0.35297953711749996,-0.978990794705253,0.9100744771600617,0.7468949048730689,-1.4690034561642213,-0.6305468857438699,0.7843570172883334,0.36948781356806215,0
-1.4668883577469283,0.8749916155227468,0.7400673668465985,-0.04950765648515967,-2.0106480530951814,-1.1630369717002802,-0.11998882913556219,0.6079934025488386,0
-0.35297953711749996,-2.206699799090759,0.9902784693120457,-0.46756592053684104,-1.8579373646685489,-0.6708841297975568,0.5452914409659331,-0.12041414901481318,0
-0.35297953711749996,1.6401215698827774,0.692706445680531,-0.6785593420099865,-0.4194761376440789,-1.0582185843228082,0.8758821463112845,-0.011080933530929094,1
-0.35297953711749996,-0.41453670586465935,0.8684704029398469,-0.494845012066124,-1.6464384237590988,-0.7746439130796101,0.5277476226807959,0.2902516608199289,0
-0.35297953711749996,2.064007145014829,0.6681477844081932,-0.09307776141463578,0.4992264990401196,-1.3306386326001012,-0.09280325714563492,0.22430846672045324,0
-0.35297953711749996,-0.9261025742513054,0.9039898192387019,0.6472968554384327,-1.3056588606080088,-0.9310361394721022,0.4998514035855254,1.3136455270217806,0
-0.35297953711749996,1.7398593522667893,0.6869279371458632,-0.5407989701051981,-1.716454709080785,-0.7295027983243031,0.5339268825780212,0.5160064983608821,0
-0.35297953711749996,-0.8015674537712735,-0.3823970690697309,1.0422331199018173,-1.4331974777707666,-0.8684666569962246,0.510430720504181,1.0660048094033843,0
-0.35297953711749996,-2.206699799090759,0.9902784693120457,-0.46756592053684104,-1.1244653301312513,-1.2902194165509862,0.25604191359019696,-0.7167330580038711,0
-0.35297953711749996,-2.0520026225874806,-0.20395631902736933,1.1785073539465591,-1.5970515969013774,-0.7988727173928163,0.5236509897976915,0.3861456693642908,0
-0.35297953711749996,-1.4527452610293108,0.9375223926997334,0.09253313832532417,-0.5367451939640373,-1.3859294084174025,0.4333969218333747,0.20336519218842497,0
-0.35297953711749996,-1.7464329801982463,0.957780711815908,-0.15121085889254532,-1.690527701252291,-0.7422223925779139,0.5317762395910421,0.5663487630582671,0
-0.35297953711749996,1.98920380822682,0.672481665809194,-0.1963980403432271,-1.8022132310838672,-0.2534977510315377,0.2519010655673377,1.0821505735959538,0
-0.35297953711749996,-0.39045461360750516,0.8691343549886057,-0.358775811447555,-1.65497768832028,-0.5363882623966564,0.7559887132065861,1.441723320538328,0
-0.35297953711749996,-0.1651922499046289,0.8540241316031776,-0.1504440823041531,-1.0671453730413425,-1.1257190858636579,0.4773935693821694,-0.82650861304509,0
-0.35297953711749996,-0.7918774342002551,0.9013825307211389,1.0907726235506965,-1.3056588606080088,-0.9310361394721022,0.4998514035855254,1.3136455270217806,0
-0.35297953711749996,-0.507740905439578,0.8820601622793122,-0.1928518453526043,-1.4051812081020496,-0.1542663895452815,0.34701440551189044,0.41783200368750334,0
-0.35297953711749996,1.98920380822682,0.672481665809194,-0.1963980403432271,-0.7020399673871305,-1.2271670102756858,0.4497812702287984,2.485687526618511,0
-0.35297953711749996,1.5853410270172905,0.8134795754151215,-0.945558684363676,-1.690527701252291,-0.7422223925779139,0.5317762395910421,0.5663487630582671,0
-0.35297953711749996,-1.0283449336937005,0.9092019284322916,-1.0845720332397735,-0.132599597297534,-1.584200186248228,0.39987308063508215,0.9880914798593003,0
-0.35297953711749996,-1.4707239203400857,0.9417574088101882,-1.2997469512556241,-1.8016974271973787,-1.0402969368459951,0.08990805027365395,1.8862526683804275,0
-0.35297953711749996,1.9506904040048376,-1.4072111172484276,-1.448745596029966,-1.7616844722679104,-0.6766597887707785,0.538733690297718,1.455604867035185,0
-0.35297953711749996,-0.988859621826826,-0.2744529359209229,0.6255692965313079,-0.7869364581558056,-0.8883353534067482,0.07518665162708277,1.1408951240892378,0
-0.35297953711749996,1.5902526786907711,0.6955956999478647,-0.7474395279623807,-1.9514134690194624,-0.6142338049826545,0.5534166907592836,0.05978894467916318,0
-0.35297953711749996,-1.4785320599641625,0.9410755990158262,0.15972215299149906,-1.4331974777707666,-0.8684666569962246,0.510430720504181,1.0660048094033843,0
-0.35297953711749996,1.5403837874987651,0.6984849542151986,-0.8163197139147749,-0.608563863036217,-1.2838173350905882,0.4416560204354478,2.305484432924535,1
-0.35297953711749996,-0.9537536486313221,2.8854101602046356,1.920354052853741,0.3392190014299732,-0.8237872115206996,0.3741657733120715,0.9164259434385384,0
-0.35297953711749996,2.2136138185908476,0.6594800216061916,0.11356279644254674,-1.7378394739690526,-0.6911108285121226,0.536661004782574,1.4096365150973373,0
-0.35297953711749996,-1.9917501520703422,0.9739200367911773,-0.393873603919734,-1.4560201315015902,-0.8843435270665567,0.511392071937853,0.11426542200363687,0
-0.35297953711749996,-0.9584532485791719,1.0227519224985475,-1.1793709107124775,-1.5162718207822414,-0.6458815967650834,0.7430566556935387,0.32192185817004854,1
-0.35297953711749996,2.1388104818028384,0.6638139030071923,0.010242517513955385,0.03167684064956333,-0.4421881768458555,1.7451861578886563,2.222195153943392,1
-0.35297953711749996,1.1782874851881544,-0.5538271449280461,0.7551985110293635,-1.4961661489692617,-0.8375747024123387,0.5156539661640063,0.9437390418267099,0
-0.35297953711749996,-1.9669082552017638,0.9712163508246048,-0.394440294006148,-1.8940664539273575,-0.6423678175325187,0.5486597609720955,0.17113918734769396,0
-0.35297953711749996,2.039072699418826,0.6695924115418601,-0.12751785439083296,-1.2984744241544195,-0.013994863171159277,0.5642694284207586,0.4039504571906462,0
-0.35297953711749996,-1.4208550291480797,0.9388681545428543,-1.23086676530323,-1.5897585985772245,-1.7655559512259944,-0.6074856693643027,1.5056727231626805,0
-0.35297953711749996,2.1637449273988416,0.6623692758735255,0.0446826104901526,-0.580720215274428,-0.9439828643045038,-0.17358724255119384,2.460827868785824,0
-0.23678384981960948,-1.2003814758073388,0.9198807177090382,0.26845583270026485,0.19875572374187178,-1.211436835529332,-0.014811522734302807,1.1499829547299711,0
-0.35297953711749996,2.113876036206835,0.6652585301408593,-0.024197575462241577,-0.31213956746667537,0.22498111528362075,-0.19474199731809094,1.316642895646643,1
-0.35297953711749996,1.9144004714388108,0.6768155472101948,-0.2997183192718184,-1.5030411411855247,-0.44895974557605883,0.9684369283957576,0.48824340536716776,0
-0.35297953711749996,-1.7941132093824077,-0.21867520050589306,1.5239671668179955,-2.193086794019253,-0.4677699310824385,0.5744237293778512,0.5256864179497908,0
-0.35297953711749996,2.014138253822823,0.671037038675527,-0.16195794736703006,-0.45200458902696805,0.19113607152087475,2.2378915868564704,1.202593155046923,0
-0.35297953711749996,-1.3959205835520765,0.9374235274091874,-1.196426672327033,-2.0241636260695532,-0.1602638846839749,1.0128010267832948,0.583691851207181,0
-0.35297953711749996,2.1886793729948444,0.6609246487398586,0.0791227034663497,-0.48862639949187037,-0.9466239575274416,0.8842913160465347,2.4579244336247967,0
-0.35297953711749996,1.7398593522667893,0.6869279371458632,-0.5407989701051981,-1.9533280960052726,-0.9985366410129519,0.1013628266564103,0.4982178475076196,0
-0.21641029021218988,1.6151871242867744,0.6941510728141979,-0.7129994349861837,-1.3051493370336105,-0.7001408253472781,0.7711367479948228,1.0493469536071556,0
-0.35297953711749996,-1.4527452610293108,0.9375223926997334,0.09253313832532417,-0.8053687523662038,-1.1764746886492778,0.4583523837270593,2.2850548474182957,0
-0.35297953711749996,-2.281503135878768,0.9946123507130464,-0.5708861994654322,-1.4690034561642213,-0.6305468857438699,0.7843570172883334,0.36948781356806215,0
-0.35297953711749996,-0.7041971409456607,0.8904217756946216,-0.6368508245492113,-1.0850608562591593,0.2665481895770849,0.9987794742384948,0.37618736419693183,0
-0.35297953711749996,-1.3280730330492956,0.9302992570313988,0.26473360320630956,-1.5995323338363017,-0.19101420781827272,0.08507408782518616,-0.1643165924418608,0
-0.35297953711749996,-0.21506114109663504,0.8569133858705115,-0.21932426825654727,-0.014657844153388444,-1.491979888277576,-0.4493215685520392,1.1777460477236854,0
-0.22458767091225193,-0.7974938892480036,0.9027524762011812,-0.3698644408983024,-2.1074800218226173,-0.9229108702807629,0.11414971515435932,0.19890228034140833,0
-0.35297953711749996,-2.726440258273445,-0.15768814178824353,0.6207262256170222,-2.1448901757145284,-1.57009281326697,-0.6957696860855684,1.8572796606748083,0
-0.35297953711749996,-1.94530905391824,-0.20694443858524925,-0.04157227075340378,-2.549559871077162,-1.064872847114789,-0.30048390696919014,0.6674878873944344,0
-0.35297953711749996,1.5902526786907711,0.6955956999478647,-0.7474395279623807,-0.6391085705893944,-0.993008008623993,-0.17141709536778837,-0.2558182159882987,0
-0.35297953711749996,1.6401215698827774,0.692706445680531,-0.6785593420099865,-1.3397213734198532,-0.925116981811127,0.5023054707108304,0.8858017157094078,0
-0.35297953711749996,-1.8461707625822585,0.9635592203505756,-0.28897123079733367,-1.7158224764648762,-0.6971844016218732,0.5349974130100458,1.6108488577683167,0
-0.35297953711749996,-1.1917314531965775,0.9237124923676663,-1.021908276913419,-0.5321015366203558,-1.1903170733600321,-0.40475422810514716,1.7754434657424185,0
-0.35297953711749996,0.8999260611187498,0.7386227397129316,-0.015067563508962545,-1.8391927803461594,-1.6323937713427128,-0.5864237109588152,1.3830532595060665,0
-0.35297953711749996,-1.4028763698373046,0.9346331384323996,0.16141332427771837,-1.4344314197779788,-0.40557072928002086,1.0531882945723257,0.5330330514658099,0
-0.35297953711749996,-0.6044593585616487,0.8846432671599539,-0.49909045264442287,-1.4331974777707666,-0.8684666569962246,0.510430720504181,1.0660048094033843,0
-0.35297953711749996,1.6650560154787803,0.691261818546864,-0.6441192490337894,-0.17528231087658608,-1.6403087967978767,0.3129710714715349,0.9936440984580432,0
-0.35297953711749996,2.113876036206835,0.6652585301408593,-0.024197575462241577,-1.6618637591300507,-0.7298855810820065,0.5303071441983677,1.5068273234626959,0
-0.35297953711749996,2.363220492166866,0.65081225880419,0.32020335429972935,0.729338699683779,-2.147812264932856,-0.7405225168531064,-0.44835700448597415,1
-0.21522212378568514,1.2988771906547985,0.7155087055742607,0.5359739241101911,-1.0711512908573082,-1.073157273960745,0.4794672359323362,0.8615621859671505,0
-1.5609944477656215,0.8749916155227468,0.7400673668465985,-0.04950765648515967,-2.1173548370428117,-1.3033084980744023,-0.3372438520444302,0.6218749490456958,1
-0.35297953711749996,2.5356918204541854,0.8218705175861633,0.6627072090895898,-0.45609794810898097,-2.1959786133711248,-0.47771812449865114,1.2442503450469444,0
-0.35297953711749996,1.6151871242867744,0.6941510728141979,-0.7129994349861837,0.34752825215550254,-1.6702370282052632,0.58466911890398,0.2543293636506436,1
-0.35297953711749996,1.9144004714388108,0.6768155472101948,-0.2997183192718184,-1.5970515969013774,-0.7988727173928163,0.5236509897976915,0.3861456693642908,0
-0.35297953711749996,1.2240738538667895,0.7198425869752615,0.43265364518159977,0.0420208684776846,-1.9481389877305697,-0.9077194855114847,0.2849958918053849,1
-0.35297953711749996,-0.1356165439110718,0.975079227087539,-0.04284784249797341,-1.174543230189991,-1.0252216613040388,0.48794764436083504,0.5673715390633374,0
-0.25411710121803166,1.440646005114753,0.7042634627498663,-0.9540800858195633,-1.5970515969013774,-0.7988727173928163,0.5236509897976915,0.3861456693642908,0
-0.35297953711749996,-0.828869368925676,0.8976449113629562,-0.8090512894301968,-1.8940664539273575,-0.6423678175325187,0.5486597609720955,0.17113918734769396,0
-0.35297953711749996,2.014138253822823,0.671037038675527,-0.16195794736703006,0.09898594296502039,-1.3735587322522602,-4.190855629521151e-05,1.1652345398310129,1
-0.35297953711749996,-0.7137500530166959,0.88580592854385,-0.9081261277804892,-1.2400698674949495,-0.5009230391144457,1.0370660211452898,0.9104233302342527,0
-0.35297953711749996,1.4905148963067592,0.7013742084825325,-0.8851998998671691,-1.6656613183089233,-0.8422617336888544,0.4388996236211235,0.3413560232656486,0
-0.35297953711749996,2.462958274550878,0.6450337502695224,0.45796372620451753,-2.059524748556424,-1.4578755921676723,-0.5219656677584739,1.8461744234773225,0
-0.35297953711749996,1.41571155951875,0.7057080898835333,-0.9885201787957604,-1.0996738244242317,0.12363556998002512,1.8394030099273553,0.38716547553276215,0
-0.35297953711749996,-1.156036490935657,0.9196204677546522,-1.0882942627337289,0.2406502848211407,1.577021349639268,-0.9175275549158997,0.20671238466831499,0
3.141592653589793,-1.3871177241109651,1.9073520432589697,0.5690985781951974,1.6605680911191545,-0.5619151763088649,0.04290652552370822,-0.8086606962615497,1
-0.35297953711749996,-2.441400840052494,-0.1762264377379269,0.8987411695586833,-1.3386465660691305,-0.3190027954135321,0.06343363665694474,0.3422432259372432,0
-1.570597110012427,1.5902526786907711,0.6955956999478647,-0.7474395279623807,-0.911051762235991,-1.0096763638027422,0.6905519594079331,-0.7444961509975854,1
-0.35297953711749996,-0.5441442731843539,-0.5451810195550002,-1.4924258631635459,0.15167149238649014,1.8431559257373178,-0.6830127015235108,0.8137298760881789,0
-0.35297953711749996,1.7149249066707863,0.6883725642795302,-0.5752390630813952,-1.3894593650216316,-0.6973031760382166,0.7329089890728744,0.9298574953298527,0
-0.35297953711749996,2.039072699418826,0.6695924115418601,-0.12751785439083296,-0.8117401647680487,-0.5482984716320236,1.2266147222509864,0.520174280974023,0
-0.35297953711749996,2.438023828954875,0.6464783774031893,0.42352363322832054,-1.231750575755815,-0.5767826410552163,0.20308684984108652,0.7344937103054876,0
-0.35297953711749996,-1.071772790804037,0.9186433746715174,-0.7487054636364705,-0.7196998247307537,0.2500647116433927,1.1935514210040168,-0.13632745263997226,0
-0.35297953711749996,-0.972065651172588,1.8414991532124865,1.407698506684098,-1.2919603225663012,0.24587063956703492,1.8563134156628183,0.9489569573477517,0
-0.35297953711749996,2.1388104818028384,0.6638139030071923,0.010242517513955385,0.6217965059971091,-1.4034869636596463,0.2716561388761499,0.42591980502361315,1
-0.35297953711749996,-1.5897796932723525,0.9476105989984807,-0.011310351687610687,-0.9750067792820064,-1.1203250453070952,0.4714920572721626,1.0482452186927902,0
-0.35297953711749996,-2.6563504870729107,-0.15986800521705868,0.8250488529415765,-0.9530100573822293,-1.7595762161934188,-0.2103929682330561,0.058326798953356795,0
-0.35297953711749996,-0.8568231437836205,0.9022849421506491,-0.6750131470193637,-1.4331974777707666,-0.8684666569962246,0.510430720504181,1.0660048094033843,0
-0.35297953711749996,2.088941590610832,0.6667031572745262,-0.05863766843843882,0.09542693876279862,-1.160744513902924,-0.006240409236042022,0.9493502755297557,0
-0.35297953711749996,-1.5205928115320917,0.9446466630775221,-1.3686271372080183,-2.554158819556462,-0.8637661287306694,-0.07378168546145591,0.6462776325346673,0
-0.35297953711749996,-2.086054855198678,0.9813622800051108,-0.3971036403906378,-2.513207145862143,-0.8885845102048048,-0.07734133934875304,0.5673310574403623,0
-0.35297953711749996,-0.9784760425016943,0.9063126741649578,-1.0156918472873793,0.038339871564999184,-1.2667578000762032,0.09543121410551289,0.9590492420320545,0
-0.35297953711749996,1.4905148963067592,0.7013742084825325,-0.8851998998671691,-1.6748708027705574,-0.7220027830960086,0.5314377591227486,1.5319022826740116,0
-0.35297953711749996,1.7897282434587956,0.6840386828785293,-0.47191878415280386,0.3975563234720598,-1.0738064023781475,1.2603220587722936,1.1331979730720871,1
-0.35297953711749996,1.8146626890547986,0.6825940557448624,-0.43747869117660687,-1.542865380472314,-1.5959403411298432,-0.3852691165034712,1.3756516520408728,1
-0.35297953711749996,1.7647937978627926,0.6854833100121963,-0.506358877129001,-1.7378394739690526,-0.6911108285121226,0.536661004782574,1.4096365150973373,0
-0.17202877957510088,1.8146626890547986,0.6825940557448624,-0.43747869117660687,0.12580543353471296,-1.1043302642689439,-0.06034427250566465,0.9441890364322528,1
-0.35297953711749996,1.71409423941669,-0.4877771986555788,1.33729738396857,-1.174543230189991,-1.0252216613040388,0.48794764436083504,0.5673715390633374,1
-1.618610421246454,1.8395971346508015,0.6811494286111955,-0.4030385982004097,0.18414275557679938,-1.3543494551263917,0.8258120129545575,1.1609610660658016,1
-0.35297953711749996,-1.8516963905653594,0.9606364268384042,-0.45850834929382955,-0.9286842148791074,-1.7046319142129547,-0.2101090482911565,2.3471290724151066,0
0.34772413987798945,2.438023828954875,0.6464783774031893,0.42352363322832054,0.6676486039983927,-1.2494224490828967,1.2364341876305844,0.21268472416007211,1
-0.35297953711749996,1.5154493419027621,0.6999295813488655,-0.850759806890972,0.6059332829877497,-1.1903671062259789,0.12445176576323316,0.210426920223596,0
-0.35297953711749996,1.8645315802468045,0.6797048014775285,-0.3685985052242126,-1.5195882323897576,-0.42478000640588914,0.2273343730614729,0.5373065252310212,0
-0.35297953711749996,-0.4394711514606623,0.8699150300735138,-0.5292851050423212,-1.6229786047298713,-0.7861531231392055,0.5258016327846707,0.3358034046669057,0
-0.35297953711749996,-1.1418625620045715,0.9208232381003325,-0.9530280909610248,0.9378243365362817,-1.8230403056730453,0.7598889726036107,-0.6918149105291698,0
-0.35297953711749996,-1.1917314531965775,0.9237124923676663,-1.021908276913419,-2.5487676238722994,-1.8236207040424555,-1.1606622961111501,0.624282561036368,0
-0.35297953711749996,1.8645315802468045,0.6797048014775285,-0.3685985052242126,-0.7197666273535155,0.0035127415671405426,1.8979608629874116,0.6746940505528477,1
-0.35297953711749996,1.8387664673967055,-0.49500033432391355,1.5094978488495554,-1.9514134690194624,-0.6142338049826545,0.5534166907592836,0.05978894467916318,0
-0.35297953711749996,0.8700507203986276,-1.8858943385691171,0.09365316905315485,-1.043685554012115,-1.1372282959232534,0.4754475794860442,-0.780956869198113,0
-0.35297953711749996,2.263482709782854,0.6565907673388578,0.182442982394941,-1.3056588606080088,-0.9310361394721022,0.4998514035855254,1.3136455270217806,0
-0.35297953711749996,-0.6173480932554425,0.8606499068642395,-0.16043609948257698,-1.6262950163373877,-0.5650515327800112,0.010079350152604749,0.5511880717278784,0
-0.35297953711749996,1.390777113922747,0.7071527170172002,-1.0229602717719575,-1.4903448129537473,-0.6586011910186942,0.7409060127065596,0.37226412286743354,0
-0.35297953711749996,-1.6339095525420835,-1.1307122385790989,-2.7242949718233485,-1.2743823725092835,0.006814323471675099,0.5633939689566578,1.5443445604450576,0
-0.35297953711749996,-1.5897796932723525,0.9476105989984807,-0.011310351687610687,-0.846819077321088,-0.8325055040048394,0.16885506996949579,-0.7596568423279741,0
-0.1904803052572922,-1.4900419108883403,0.9418320904638129,0.12645002021717772,0.14146004199774742,-1.4104580656760408,0.7389100037910102,1.1665136846645443,0
-0.35297953711749996,2.363220492166866,0.65081225880419,0.32020335429972935,-1.448987455020541,-2.2090676948945402,-1.0710038901332783,2.5828583520965114,0
-0.35297953711749996,-0.3800493481976213,0.8716416229569515,-0.18912961585864901,-0.132599597297534,-1.584200186248228,0.39987308063508215,0.9880914798593003,0
0.34772413987798945,2.462958274550878,0.6450337502695224,0.45796372620451753,-0.632889705539339,-1.3387616370710522,0.44137210049354825,0.016682159462785173,1
-0.35297953711749996,1.98920380822682,0.672481665809194,-0.1963980403432271,-1.5589545343612934,-0.7019902073147323,0.6561546465299916,0.3274744767687914,0
-0.35297953711749996,-2.3064375814747713,0.9960569778467133,-0.6053262924416294,-2.2027202642009156,-1.4155257191737,-0.5110478703715248,0.6329801862431815,0
-0.35297953711749996,1.8395971346508015,0.6811494286111955,-0.4030385982004097,1.3792644404918746,-1.1190415805794969,0.7882855285502227,-0.758319207852429,1
-0.35297953711749996,-0.803934923329673,0.8962002842292893,-0.7746111964539997,-1.6445237967732886,-0.39034107704931265,0.9798014867836693,-0.14817724200852744,0
-0.35297953711749996,2.388154937762869,0.6493676316705231,0.35464344727592645,-1.2502241296911123,-1.8063863055077773,-0.4118454285634431,-0.2976981397448568,0
-0.35297953711749996,1.2739427450587955,0.7169533327079276,0.501533831133994,0.45423503610313265,-1.529965501831141,0.8019241418128482,0.2404478171537865,1
-0.35297953711749996,-0.642796712744725,-0.2914823121382337,1.2762088335850974,-1.4331974777707666,-0.8684666569962246,0.510430720504181,1.0660048094033843,0
-0.35297953711749996,-0.11532335871262278,0.8511348773358437,-0.08156389635175892,0.4121692916371318,-0.9308937827810878,0.4196985230834333,1.1222198617362569,0
-0.35297953711749996,-0.929121903513247,0.907185222892728,0.8157750908254631,-0.546714504785428,-1.333229692957092,0.4358693075837133,1.7864215770782488,0
-0.35297953711749996,1.71409423941669,-0.4877771986555788,1.33729738396857,-1.8112421780632253,-0.34415344248414753,0.9046146433659219,1.0056618491743858,0
-0.35297953711749996,-1.5205928115320917,0.9446466630775221,-1.3686271372080183,-2.3444151938775297,-1.0139320045771265,-1.1568603491147231,1.076794310980493,0
-0.3003507536376133,-1.4278108154333078,0.9360777655660665,0.12697323130152127,0.08689054350942826,1.0773792032763094,-1.582996277730828,0.664813438639374,0
-0.35297953711749996,-0.8263647918672933,0.8982113107040343,0.7850572273432213,-1.6837566073316406,0.5128121455334977,-0.5770687635197874,0.43660372521112495,0
-0.4893373410221369,-1.3476031306984655,1.723036240483727,0.4346388253447778,-1.0177585461836212,-1.1499478901768643,0.47329693649906507,-0.7306146045007282,0
-0.35297953711749996,2.288417155378857,0.6551461402051908,0.21688307537113805,-1.4961661489692617,-0.8375747024123387,0.5156539661640063,0.9437390418267099,0
-0.35297953711749996,1.9393349170348138,0.6753709200765278,-0.2652782262956213,-1.0093314607341635,-0.8945827092592327,0.7010059980408694,1.3062439195565867,0
-0.35297953711749996,-0.8064651726340448,1.4276831975536726,-0.7311358240767234,-1.8121782336889432,-1.7233169344522152,-0.591337726877034,-1.1677666903955461,0
0.17205023911212614,1.9144004714388108,0.6768155472101948,-0.2997183192718184,1.3758864415233174,-1.310005428580027,0.5624593921430936,-0.5438049821553561,1
-0.35297953711749996,-0.4394711514606623,0.8699150300735138,-0.5292851050423212,-2.234038467713572,-0.4429515496083031,0.5779833832651484,0.6046329930440957,0
-0.35297953711749996,-0.601954781503266,0.8852096665010319,1.0950180641289953,-1.6390098920476157,-1.5487725697834929,-0.3772939378432977,1.188968619315233,0
-0.35297953711749996,1.9144004714388108,0.6768155472101948,-0.2997183192718184,-1.2845831076123582,0.39386086264285236,-0.47584803818638477,-0.21782576965159328,0
-1.618610421246454,2.039072699418826,0.6695924115418601,-0.12751785439083296,0.8385880728609263,-0.931980062910872,0.9319923211010152,0.1836424863328262,1
-0.35297953711749996,1.5154493419027621,0.6999295813488655,-0.850759806890972,0.6694154348748662,1.2039125197096125,-1.1781721976166295,2.2611756862970203,1
-0.35297953711749996,-0.5336833058615738,0.8786163321203528,-0.49750835845061386,-2.2499886288189357,-1.4308604301949137,-0.5523482319663193,0.585414230845168,0
-0.35297953711749996,-2.495835063010996,-0.492688699021296,-1.7307387072435276,-1.5970515969013774,-0.7988727173928163,0.5236509897976915,0.3861456693642908,0
-0.35297953711749996,1.5950729949628097,1.7206859364784277,-0.15018669418547312,-1.205170941710434,-0.4450109846509205,0.10431723063305681,1.0272636050738395,0
-0.35297953711749996,-0.7106786164059764,0.8924320480493149,0.9909395425311527,-2.484947388757613,-1.315591436853265,-0.532858423785057,0.12919667716344907,0
-0.35297953711749996,1.6151871242867744,0.6941510728141979,-0.7129994349861837,1.1449308662777842,-1.538674931032897,1.1949472468783555,-0.7074193048346451,1
-0.35297953711749996,2.2385482641868504,0.6580353944725247,0.1480028894187439,-1.3056588606080088,-0.9310361394721022,0.4998514035855254,1.3136455270217806,0
-0.35297953711749996,-1.09670723640004,0.9200880018051842,-0.7831455566126677,0.3441502531869456,-1.8612008762057934,0.3588429824968511,0.4688435893477163,0
-0.35297953711749996,1.3400775554766442,-0.4661077916505749,0.8206959893256136,-1.2377611181370145,-0.3577047804330544,0.05543661302325947,0.8998365983996623,1
-0.35297953711749996,-1.6147141388683555,0.9490552261321475,-0.04575044466380779,-0.0407052618459095,-0.8082020392678401,1.2984171942110816,1.9780779995764524,0
0.17205023911212614,1.7647937978627926,0.6854833100121963,-0.506358877129001,0.557563821082206,-1.5806578234575492,0.7933530283145873,0.441080496354002,1
-0.35297953711749996,-1.0532793792897035,0.9106465555659585,-1.1190121262159707,-0.46421939981869165,-0.6032168933518072,1.3334517104655148,1.0623086280448955,0
-1.991193716422504,-0.7291315865416639,0.8918664028282886,-0.6712909175254084,-0.3663840717070559,1.7399687014731757,-1.091292463062854,1.1851246747758464,1
-0.35297953711749996,-0.5641433794406777,0.8771381657418484,-0.7014855699233067,-1.4331974777707666,-0.8684666569962246,0.510430720504181,1.0660048094033843,0
-0.35297953711749996,-0.7540660321376669,0.8933110299619554,-0.7057310105016055,-1.6028729329168918,-0.9778462287864608,0.29839894325513827,0.9576205883235671,0
-0.2901814468695874,2.438023828954875,0.6464783774031893,0.42352363322832054,-1.6987158010694152,-0.7075517433546644,0.5335104446378927,1.5778706346118594,0
-1.570597110012427,2.3187559489216927,1.4449938693901851,0.4556684834620004,0.09658204323645858,-1.7955753267682364,0.37745726356299614,-1.883101855550367,1
-0.35297953711749996,1.440646005114753,0.7042634627498663,-0.9540800858195633,-2.176691452621467,-0.47108556215816727,0.5732264534779603,0.7159832357126265,0
-0.35297953711749996,1.5653182330947681,0.6970403270815317,-0.7818796209385778,-1.9229932847597822,-1.398660807908827,-0.35336612547146606,0.9992652278141386,1
-1.3036430995512363,1.8146626890547986,0.6825940557448624,-0.43747869117660687,0.3975563234720598,-1.0738064023781475,1.2603220587722936,1.1331979730720871,0
-0.35297953711749996,2.014138253822823,0.671037038675527,-0.16195794736703006,0.41003012859755983,-0.5474927843081505,-0.6202015419589133,-0.6139269981601545,1
-0.35297953711749996,1.98920380822682,0.672481665809194,-0.1963980403432271,-1.3397213734198532,-0.925116981811127,0.5023054707108304,0.8858017157094078,1
-0.35297953711749996,1.440646005114753,0.7042634627498663,-0.9540800858195633,-1.4331974777707666,-0.8684666569962246,0.510430720504181,1.0660048094033843,0
-0.35297953711749996,-1.5648452476763495,0.9461659718648137,0.023129741288586414,-0.48862639949187037,-0.9466239575274416,0.8842913160465347,2.4579244336247967,0
-0.35297953711749996,2.1388104818028384,0.6638139030071923,0.010242517513955385,-1.6930084381872152,-0.13436388300337032,0.09319933761853677,0.015886501252115548,0
-0.35297953711749996,-1.9388619316163953,0.9678353788698175,-0.49347165335437004,-2.3307684049380715,-1.5838515508226465,-0.7717538978621663,0.6496380420394101,0
-0.35297953711749996,2.288417155378857,0.6551461402051908,0.21688307537113805,-2.5835434955124335,-1.6247305091415873,-0.9320427148143702,-0.02601963283618436,0
-0.35297953711749996,-1.6965640890062403,0.9548914575485741,-0.0823306729401512,-1.8940664539273575,-0.6423678175325187,0.5486597609720955,0.17113918734769396,0
-0.35297953711749996,1.2910393315387347,0.7129312255518679,-1.160720643676746,-1.690527701252291,-0.7422223925779139,0.5317762395910421,0.5663487630582671,0
-0.35297953711749996,1.7398593522667893,0.6869279371458632,-0.5407989701051981,-1.3056588606080088,-0.9310361394721022,0.4998514035855254,1.3136455270217806,1
-0.35297953711749996,1.024598289098765,0.7313996040445969,0.15713290137202301,-1.690527701252291,-0.7422223925779139,0.5317762395910421,0.5663487630582671,1
-0.35297953711749996,1.5902526786907711,0.6955956999478647,-0.7474395279623807,-1.716454709080785,-0.7295027983243031,0.5339268825780212,0.5160064983608821,0
-0.35297953711749996,1.6899904610747833,0.6898171914131971,-0.6096791560575923,0.7244107686410215,-2.1035833584212895,0.32537892678587443,-0.6640518175354553,1
-0.35297953711749996,-2.206699799090759,0.9902784693120457,-0.46756592053684104,-2.1074800218226173,-0.9229108702807629,0.11414971515435932,0.19890228034140833,0
-0.35297953711749996,1.6401215698827774,0.692706445680531,-0.6785593420099865,-1.0093314607341635,-0.8945827092592327,0.7010059980408694,1.3062439195565867,0
-0.35297953711749996,2.014138253822823,0.671037038675527,-0.16195794736703006,-1.6927592214386866,-0.7709888092904686,0.5309336146159376,-0.4388443256608836,0
-0.35297953711749996,-0.22404719361533348,0.8583572588841266,-0.18564241794960154,-2.1074800218226173,-0.9229108702807629,0.11414971515435932,0.19890228034140833,0
-0.35297953711749996,-1.156036490935657,0.9196204677546522,-1.0882942627337289,-2.0587086649180635,-0.4196238257938273,0.698889198411603,0.6036327735088914,0
-0.35297953711749996,-1.1917314531965775,0.9237124923676663,-1.021908276913419,-1.174543230189991,-1.0252216613040388,0.48794764436083504,0.5673715390633374,0
-0.35297953711749996,1.726758480630089,2.319961784362632,0.12219729548336472,1.1449308662777842,-1.538674931032897,1.1949472468783555,-0.7074193048346451,0
-0.35297953711749996,-0.9239340271008594,0.9098318662520234,0.9847231129051128,-2.387454032087994,-0.5847453895662603,-0.42316152494495196,0.5870334808503355,0
-0.35297953711749996,-1.266333902683707,-1.1589338375559946,-2.612440332736089,-1.6987158010694152,-0.7075517433546644,0.5335104446378927,1.5778706346118594,0
-0.35297953711749996,-1.9702434995142433,-0.20549981145158225,-0.07601236372960085,-2.6608656035040923,-1.0040376551047916,-0.2910367083703239,0.6601591790315244,0
-0.35297953711749996,-1.4535759282834075,-0.2386273702353755,2.0050695853752893,-0.6468182176131391,-0.7683977489334778,0.0022610498865894835,-2.0009574360186795,0
-0.2622245897753581,-2.156830907898753,0.9873892150447118,-0.3986857345844468,0.04874925710213818,-2.062997302052805,-0.02364494524085059,0.2931976938418437,0
-0.35297953711749996,1.7897282434587956,0.6840386828785293,-0.47191878415280386,-1.2827525810740015,-0.5570316496640945,0.9501640119817426,0.9159759488329956,0
-0.35297953711749996,2.2385482641868504,0.6580353944725247,0.1480028894187439,-1.4331974777707666,-0.8684666569962246,0.510430720504181,1.0660048094033843,1
-0.35297953711749996,1.41571155951875,0.7057080898835333,-0.9885201787957604,-1.9990797077748947,-0.5582205429499517,0.5584935750838861,1.0608505467258147,0
-0.35297953711749996,-1.964976278602355,-1.1818724444191977,-1.8636730214804822,-2.167286270582117,-0.904362030166944,0.1187392228804737,-0.27892793811634076,0
-0.35297953711749996,2.2385482641868504,0.6580353944725247,0.1480028894187439,-1.2827525810740015,-0.5570316496640945,0.9501640119817426,0.9159759488329956,0
-0.35297953711749996,-1.4006877078294597,-0.24471202815673543,1.9054715359406535,-0.20606256974881876,-0.7776755315745639,1.3103921921290205,-0.03884402652464336,0
-0.35297953711749996,1.1492705170787803,0.7241764683762623,0.32933336625300846,-0.6344292835036703,-0.859032302477253,0.15391051719748997,2.2560126095910498,1
-0.35297953711749996,-1.8640585948283859,0.9635014974688167,-0.3901513744257788,-0.3460131651927941,-1.8647432389964722,-0.03463696518265397,1.0158545728530148,0
-0.35297953711749996,-0.47334609649996395,0.8839723234635111,0.0778567677922598,-1.5195882323897576,-0.42478000640588914,0.2273343730614729,0.5373065252310212,0
-0.35297953711749996,-0.9030954272041426,-0.5931182251646685,0.03400536311628449,-0.5594267330880542,-2.1452862917447164,-0.46914701100039025,1.043617665846729,0
-0.2521601212214356,1.9393349170348138,0.6753709200765278,-0.2652782262956213,0.2852710126633977,0.6989350247627732,-1.9602902800885547,2.311149253685706,0
-0.35297953711749996,1.4905148963067592,0.7013742084825325,-0.8851998998671691,-0.7118926480152903,-1.2331250134641802,0.4502271339337087,2.1048517537243194,0
-0.35297953711749996,-1.2600670867721402,-0.2519359179451218,2.1457939441047817,-2.6224175713191054,-0.9863506915627583,-0.2490726721607034,0.6244046465756957,0
-0.35297953711749996,-1.2123868575879788,0.9245199943766793,0.4706159183942409,-1.7972344851999211,-0.882493918952036,0.31452121668217403,0.5802303095551242,0
-0.35297953711749996,0.8601352531585433,-0.7587906999570793,-0.9338394204536783,-1.2786443139507926,-1.0219593025816047,0.49493738766730655,-1.237174422879832,0
-0.35297953711749996,1.7149249066707863,0.6883725642795302,-0.5752390630813952,1.6656829407549831,1.4079654492335592,-0.3590602955748733,0.7080534535503809,1
-0.35297953711749996,0.0754307794541048,-2.5688234812155972,-0.2813784748469137,-2.034220930071103,-1.2198576936876595,-0.1642824586924403,-0.39442337687094065,0
-0.35297953711749996,-1.5375433325219465,-0.33387600856787336,1.8744141506206002,0.7126400669353798,-1.050095579851857,0.3417067886721013,0.19654537372673886,1
-0.35297953711749996,2.2136138185908476,0.6594800216061916,0.11356279644254674,-1.7158224764648762,-0.6971844016218732,0.5349974130100458,1.6108488577683167,0
-0.35297953711749996,2.7621716217029144,0.6276982246655193,0.8712448419188825,-1.516004938822407,-1.4740905457012297,-0.20726842894754294,0.6117924878532803,0
-0.35297953711749996,-2.336516574181607,0.5212345358635425,-1.1804355385743606,-0.8066023142494425,1.339380821065375,-1.7344270956060992,-0.3032813498457323,0
-0.35297953711749996,2.487892720146881,0.6435891231358555,0.49240381918071485,-1.7486648901373099,-0.14533985268217453,0.15053703992619274,1.0792735582504545,0
-0.35297953711749996,1.5403837874987651,0.6984849542151986,-0.8163197139147749,0.1662272723589826,0.03791782031435109,1.3471979178108828,2.3636570433078234,0
-0.35297953711749996,-1.6325212688831485,0.9532049736269205,0.12181568478494709,-0.546714504785428,-1.333229692957092,0.4358693075837133,1.7864215770782488,0
-0.35297953711749996,1.6899904610747833,0.6898171914131971,-0.6096791560575923,0.7628915392257798,1.14726219489471,-1.18629744740998,2.080972592603044,1
-0.35297953711749996,1.9393349170348138,0.6753709200765278,-0.2652782262956213,0.08081397059772621,-1.3036571334999838,0.8343831264528184,0.9603283868655861,1
0.17205023911212614,2.1388104818028384,0.6638139030071923,0.010242517513955385,0.5046901625920035,-2.3803040892776295,-0.1085828905748531,-0.6241300258535021,1
-0.35297953711749996,-0.9600575875729838,-1.6187688773762914,-0.006369566075693556,0.19875572374187178,-1.211436835529332,-0.014811522734302807,1.1499829547299711,1
-0.35297953711749996,1.6151871242867744,0.6941510728141979,-0.7129994349861837,-0.47401343132679785,-0.8037113379303817,0.04366778035767421,2.4469463222889667,0
-0.35297953711749996,-1.1505125846153328,0.9169914634417042,0.33733601865265905,-1.4318734536715154,-0.8989773968857281,0.5092931634476962,0.0677154927182203,0
-0.35297953711749996,-1.6861413239120364,0.9519679099163509,-0.18374584815350398,-0.8219774309314772,-1.5643603878388324,0.0071459746177116035,2.3332475259182495,0
-0.35297953711749996,-1.963796377212398,0.9692800060034845,-0.5279117463305671,-1.3056588606080088,-0.9310361394721022,0.4998514035855254,1.3136455270217806,0
-0.35297953711749996,1.5505655399583842,-0.4061226641545348,-1.4381512977378905,0.557563821082206,-1.5806578234575492,0.7933530283145873,0.441080496354002,1
-0.35297953711749996,1.1991394082707862,0.7212872141089284,0.39821355220540255,-0.9641802917172222,-0.8752882486335956,0.6986871307696392,2.7830391261299137,0
-0.35297953711749996,1.5902526786907711,0.6955956999478647,-0.7474395279623807,0.06579654165398785,1.5000433905131962,-1.1281020642599024,1.0891336867002896,1
-0.35297953711749996,-1.081233154147648,0.9152865863536515,-0.9849739838051375,-1.2502241296911123,-1.8063863055077773,-0.4118454285634431,-0.2976981397448568,0
-0.35297953711749996,-1.3530074786452986,0.9317438841650657,0.23029351023011246,-0.5311004985245971,-0.9097246241036611,0.1453394036992291,2.4566452887912655,0
-0.35297953711749996,1.6151871242867744,0.6941510728141979,-0.7129994349861837,-0.5266987254781976,-0.41169092488247305,0.8206201386961001,-0.8013014818185458,0
-0.35297953711749996,-1.146576127592046,0.9229772560725181,-0.8520257425650618,-1.6694336993968504,-1.164886579814801,0.0768820261201168,0.14202851499735136,0
-0.35297953711749996,1.9642693626308168,0.6739262929428609,-0.2308381333194242,-1.4331974777707666,-0.8684666569962246,0.510430720504181,1.0660048094033843,0
-0.35297953711749996,1.7701981458096259,1.4767756663308576,-0.30201356201433577,-0.132599597297534,-1.584200186248228,0.39987308063508215,0.9880914798593003,1
-0.35297953711749996,-1.4956583659360887,0.9432020359438551,-1.3341870442318213,-2.4621724100517506,-1.5687016058669783,-0.8064466308562372,0.07700168193423218,0
-0.35297953711749996,-0.9286071513096883,0.9034234198976239,-0.9468116613349852,-0.9706506371346448,-0.8589731542826567,0.0005435603233741593,1.4183279900486343,0
-0.35297953711749996,1.5653182330947681,0.6970403270815317,-0.7818796209385778,-1.174543230189991,-1.0252216613040388,0.48794764436083504,0.5673715390633374,0
-0.35297953711749996,1.4905148963067592,0.7013742084825325,-0.8851998998671691,-1.295983260670718,-0.753953500853119,0.7247837392795239,0.7496544016358764,1
-0.35297953711749996,2.462958274550878,0.6450337502695224,0.45796372620451753,-1.4911624918224038,-1.4564168789376724,-0.2083013783349894,1.6608890331623138,0
-0.35297953711749996,-2.73115382386092,-0.1555341238160578,0.7217285740129852,-1.732485996398529,-1.4921222449685907,-0.36916868804994707,1.3691717130092094,0
-0.35297953711749996,1.98920380822682,0.672481665809194,-0.1963980403432271,-1.3056588606080088,-0.9310361394721022,0.4998514035855254,1.3136455270217806,1
-0.35297953711749996,-2.331372027070774,0.9975016049803802,-0.6397663854178265,-2.7675723874517226,-1.1443091814789135,-0.5082917312791921,0.6740407255283816,0
-0.35297953711749996,-1.2003814758073388,0.9198807177090382,0.26845583270026485,-1.690527701252291,-0.7422223925779139,0.5317762395910421,0.5663487630582671,0
-0.35297953711749996,1.8894660258428078,0.6782601743438617,-0.3341584122480155,-1.609747925133155,-0.589231271950181,0.7511819054868893,0.502124951864025,1
-0.35297953711749996,-0.7266270094832812,0.8924328021693666,0.9228175992480099,-0.7020399673871305,-1.2271670102756858,0.4497812702287984,2.485687526618511,0
-0.35297953711749996,-1.4457894747440827,0.9403127816765213,-1.265306858279427,-1.3397213734198532,-0.925116981811127,0.5023054707108304,0.8858017157094078,0
-0.35297953711749996,1.7897282434587956,0.6840386828785293,-0.47191878415280386,-1.0671453730413425,-1.1257190858636579,0.4773935693821694,-0.82650861304509,0
-0.35297953711749996,2.014138253822823,0.671037038675527,-0.16195794736703006,2.6294000906411688,1.0288538034346195,-0.21629942651521294,-0.9579713903412321,1
-0.35297953711749996,1.365842668326744,0.7085973441508671,-1.0574003647481547,-0.632889705539339,-1.3387616370710522,0.44137210049354825,0.016682159462785173,0
-0.35297953711749996,-1.300119258191351,0.9256592262437059,0.13069546079547656,-0.608563863036217,-1.2838173350905882,0.4416560204354478,2.305484432924535,0
-0.28182933581268643,-1.2782041418572896,0.9274100027640649,0.33361378915870377,0.97630510712104,1.4278052476429544,-0.7517874015922437,2.0532094996093297,0
-0.35297953711749996,1.9135698041847145,-0.4993342157249141,1.6128181277781466,-1.457417445632629,-0.217314479642589,0.07478005986929892,1.566946414341269,1
-0.35297953711749996,-2.3386437284065402,-0.1852003499266206,0.8680233060764415,-0.47339801181568153,-1.0588138723359968,0.1363960853295256,-1.4795374120397735,0
-0.35297953711749996,1.98920380822682,0.672481665809194,-0.1963980403432271,-0.7604283227020968,-1.2761921545951749,0.4519514174122039,-0.23095855815561128,1
-0.35297953711749996,2.113876036206835,0.6652585301408593,-0.024197575462241577,0.24082146820787242,-1.8105085545793853,0.36741409599511193,0.26821091014750087,1
-0.35297953711749996,-1.1530171616737157,0.9164250641006262,-1.256772498120759,-1.8579373646685489,-0.6708841297975568,0.5452914409659331,-0.12041414901481318,0
-0.35297953711749996,-0.43612703646860007,1.0936413078503555,-0.3956921127821162,-1.524586333228942,-0.053147699486165934,1.4224367823947561,0.004262758691734536,0
-0.35297953711749996,-1.627286380201332,0.9476347826354019,-0.14854751250805553,-0.22997215191109477,-1.1033789618352559,0.8618082399031886,1.9592911632847498,0
-0.35297953711749996,-1.2648825662650527,0.9307213522921709,0.5705090685737796,-1.3444679020846446,-0.4979763068071765,-0.16181840988560858,0.9137181448965195,0
-0.35297953711749996,1.6650560154787803,0.691261818546864,-0.6441192490337894,0.2908495395244295,-1.2140779287522698,1.0430670358634255,1.1470795195689443,1
-0.35297953711749996,-2.1817653534947556,0.9888338421783787,-0.4331258275606439,-1.233014589472223,-0.7848454554370049,0.7195604936196984,0.8719201692125507,0
-0.35297953711749996,1.6899904610747833,0.6898171914131971,-0.6096791560575923,-1.189276476723088,-0.6136819744789969,0.942038762188392,0.7357728551390192,0
-0.35297953711749996,-1.0039252403012562,0.9115191042937287,0.7124548118968719,-1.690527701252291,-0.7422223925779139,0.5317762395910421,0.5663487630582671,0
-0.35297953711749996,-1.3106804754442805,1.9568099370587073,0.9647835048274651,0.9923719843288699,-1.8330109719837688,0.012914175215052892,-0.4803026774742467,1
-0.35297953711749996,1.8894660258428078,0.6782601743438617,-0.3341584122480155,0.6267327212958143,1.1478039091599637,-1.2650742067801768,2.2667283048957634,1
-1.5539524954512973,-0.5963613024948046,1.7380578530225217,0.003916889830103798,-1.1747924469385196,-0.38859673501694036,0.050213367363434125,1.0221023659763366,0
-0.35297953711749996,1.6151871242867744,0.6941510728141979,-0.7129994349861837,-0.8537318051460823,-0.8451760331154137,0.9119036151999057,-0.8542717060388045,1
-0.35297953711749996,2.1637449273988416,0.6623692758735255,0.0446826104901526,-0.7118926480152903,-1.2331250134641802,0.4502271339337087,2.1048517537243194,1
-0.30321633148977184,2.6624338393189024,0.6334767332001869,0.7334844700140943,-1.6471205692404252,-1.379905023869293,-0.1953646697228526,1.3580664758117236,0
-0.35297953711749996,-1.8577546682466994,-0.3091100631993896,0.23733118071231718,-1.1497007831899877,-1.0075479945404815,0.48691469497338846,1.6164680843723709,0
-0.35297953711749996,0.7503193875427316,0.7472905025149331,-0.22170812136614512,-1.716454709080785,-0.7295027983243031,0.5339268825780212,0.5160064983608821,0
-0.35297953711749996,-1.9388619316163953,0.9678353788698175,-0.49347165335437004,-1.6445237967732886,-0.39034107704931265,0.9798014867836693,-0.14817724200852744,0
-0.35297953711749996,1.8146626890547986,0.6825940557448624,-0.43747869117660687,-0.7118926480152903,-1.2331250134641802,0.4502271339337087,2.1048517537243194,1
-0.35297953711749996,0.8749916155227468,0.7400673668465985,-0.04950765648515967,0.557563821082206,-1.5806578234575492,0.7933530283145873,0.441080496354002,1
-0.24894508265559923,-2.266859720880473,-0.18633882767359533,1.1398218203920631,-1.7972344851999211,-0.882493918952036,0.31452121668217403,0.5802303095551242,0
-0.35297953711749996,-1.963796377212398,0.9692800060034845,-0.5279117463305671,-1.690527701252291,-0.7422223925779139,0.5317762395910421,0.5663487630582671,0
-0.35297953711749996,1.6650560154787803,0.691261818546864,-0.6441192490337894,-1.205170941710434,-0.4450109846509205,0.10431723063305681,1.0272636050738395,0
-0.35297953711749996,-0.5860063884259612,0.8852089123809802,1.163140007412138,-2.0296806605267728,-1.0478730182937135,-1.1450692418393662,0.6001829800136197,0
-0.35297953711749996,-0.6293938041576517,0.8860878942936208,-0.53353054562062,-0.132599597297534,-1.584200186248228,0.39987308063508215,0.9880914798593003,1
-1.6166898887970926,-1.8391241492323827,0.9620568703351499,-0.3557112814495817,-1.5970515969013774,-0.7988727173928163,0.5236509897976915,0.3861456693642908,0
-0.35297953711749996,1.5154493419027621,0.6999295813488655,-0.850759806890972,-0.9787613143274543,-0.6901056083684566,0.18247282844381918,1.587425846545125,1
-0.35297953711749996,1.8894660258428078,0.6782601743438617,-0.3341584122480155,0.7126400669353798,-1.050095579851857,0.3417067886721013,0.19654537372673886,1
-0.35297953711749996,-2.185838918018026,-0.2963157030925333,0.9789717332394756,-0.48862639949187037,-0.9466239575274416,0.8842913160465347,2.4579244336247967,0
-0.35297953711749996,-0.5296560217736395,0.8803093857589531,-0.39577017371583156,-0.132599597297534,-1.584200186248228,0.39987308063508215,0.9880914798593003,0
-0.35297953711749996,-1.0782138248857065,0.9120911826996254,-1.1534522191921677,-2.135739778927148,-0.49590394363230267,0.5696667995906631,0.6370366606183215,0
-0.35297953711749996,1.7149249066707863,0.6883725642795302,-0.5752390630813952,0.3975563234720598,-1.0738064023781475,1.2603220587722936,1.1331979730720871,0
-0.35297953711749996,-2.3635781740025434,-0.1837557227929537,0.8335832131002445,0.12580543353471296,-1.1043302642689439,-0.06034427250566465,0.9441890364322528,0
-0.35297953711749996,-0.8104163987899887,0.8982105565839825,0.8531791706263641,-0.5469637215339567,-0.6966047666699935,-0.0018649694136875783,2.241152403991248,0
-0.35297953711749996,-1.9388619316163953,0.9678353788698175,-0.49347165335437004,-1.5190724285032688,-1.2115791922203463,0.06534135776778915,1.3414086200154949,0
-0.35297953711749996,1.3273292641047614,-1.3710954389067544,-2.3097479204348934,-2.169821862020531,-0.45745224162372927,0.5732418289606414,1.2992294676916882,0
3.141592653589793,-0.7386844986126989,0.887250555677517,-0.9425662207566863,1.3792644404918746,-1.1190415805794969,0.7882855285502227,-0.758319207852429,1
-1.5609944477656215,1.8146626890547986,0.6825940557448624,-0.43747869117660687,0.09542693876279862,-1.160744513902924,-0.006240409236042022,0.9493502755297557,1
-0.35297953711749996,-0.803934923329673,0.8962002842292893,-0.7746111964539997,-1.9514134690194624,-0.6142338049826545,0.5534166907592836,0.05978894467916318,0
-0.35297953711749996,-0.5561237150934126,-1.22482138472805,-1.2750232832645274,-2.0283815034941295,-0.1360543334632741,-0.1041792615961446,0.4705905618082846,0
-0.35297953711749996,-0.5577023453590081,0.8836903577137403,-0.2967388143676094,-1.6869978958060154,-0.35344174362553216,0.2408495744363638,-0.14945638684205909,0
-0.35297953711749996,-0.18529912724428033,0.8316183899385707,-1.3048958975197624,-2.176691452621467,-0.47108556215816727,0.5732264534779603,0.7159832357126265,0
-0.19865768595735428,-1.121641681996043,0.9215326289388512,-0.8175856495888648,-1.8940664539273575,-0.6423678175325187,0.5486597609720955,0.17113918734769396,0
-0.35297953711749996,-1.4401730196963343,0.9389428361964791,0.19533020616957192,-1.4178795492813119,0.08712382688795606,1.639691805303624,-0.009618787805122708,0
-0.35297953711749996,2.113876036206835,0.6652585301408593,-0.024197575462241577,-0.7707426523015026,-0.28368773919345636,0.5201227097387868,1.0669381360045453,0
-0.35297953711749996,1.3238116362508014,0.7140640784405938,0.5704140170863881,-0.7118926480152903,-1.2331250134641802,0.4502271339337087,2.1048517537243194,1
-0.35297953711749996,1.5395531202446686,-0.47766480871991046,1.0962167331351904,0.7519447815458749,-1.1849508173027383,0.2027826614285195,0.40550698082506864,1
-0.35297953711749996,-1.741119923562741,-0.22065547362677018,0.13294612466020994,-1.9811960191128457,-1.3038502123396558,-0.2584670926742335,0.4361192367529766,0
-0.35297953711749996,1.5653182330947681,0.6970403270815317,-0.7818796209385778,-0.7118926480152903,-1.2331250134641802,0.4502271339337087,2.1048517537243194,0
-0.35297953711749996,-0.3800493481976213,0.8716416229569515,-0.18912961585864901,-2.028464383730866,-1.3191849233608695,-0.29976745426902796,0.388553281354963,0
-0.35297953711749996,1.98920380822682,0.672481665809194,-0.1963980403432271,0.7385656967226575,1.0923178929142459,-1.1865813673518797,-0.20782968085870557,1
-0.35297953711749996,-0.3083578893989777,0.8692440863770711,0.04766211539436144,-1.9819730323794333,-0.5685878846827429,0.557006606711733,1.0278723235693574,0
-0.23678384981960948,-0.39045461360750516,0.8691343549886057,-0.358775811447555,-0.47516590979564577,1.572814415346469,-1.3093356182801494,0.2598244606892715,0
-0.35297953711749996,-1.6895174756563645,0.9533891075331483,-0.1490707235923991,0.3392190014299732,-0.8237872115206996,0.3741657733120715,0.9164259434385384,0
0.17205023911212614,1.8645315802468045,0.6797048014775285,-0.3685985052242126,0.6244303810635441,1.7261750232440067,-0.4987948297366541,-1.0926650928571522,1
0.17205023911212614,1.8645315802468045,0.6797048014775285,-0.3685985052242126,0.3441502531869456,-1.8612008762057934,0.3588429824968511,0.4688435893477163,1
-0.35297953711749996,1.5146186746486654,-0.47622018158624346,1.0617766401589932,-0.922811891913071,0.22717029002807076,-0.5054855129883115,0.8463274211899298,1
-0.35297953711749996,-2.0820275711107437,0.983055333643711,-0.2953654556558554,-0.9935428150309835,-1.1910675256759153,0.38249113961845854,1.0072479080061165,0
-0.35297953711749996,1.5902526786907711,0.6955956999478647,-0.7474395279623807,-1.0427853846960324,-0.7742685241929299,0.0521198146984983,1.5957547744432392,0
-0.35297953711749996,-0.9036727057136853,0.901978792763957,-0.9123715683587881,-1.4331974777707666,-0.8684666569962246,0.510430720504181,1.0660048094033843,0
-0.35297953711749996,1.7647937978627926,0.6854833100121963,-0.506358877129001,-1.233014589472223,-0.7848454554370049,0.7195604936196984,0.8719201692125507,1
0.17205023911212614,2.31335160097486,0.6537015130715239,0.25132316834733515,-0.029270812318460737,-1.6348925078746361,0.39130196713682125,1.188724159059516,1
-0.35297953711749996,-1.5190036405722775,0.9415836639588796,-0.009728257493801629,-1.1553958203974484,-1.2803191970999297,0.1267399260804742,3.0527420493784154,0
-0.35297953711749996,-1.9139274860203919,0.9663907517361506,-0.45903156037817305,-0.5367451939640373,-1.3859294084174025,0.4333969218333747,0.20336519218842497,0
-0.35297953711749996,1.5154493419027621,0.6999295813488655,-0.850759806890972,-1.971321203892652,-0.9234525845460164,0.19292647452455597,0.013146568048689189,0
-0.35297953711749996,2.263482709782854,0.6565907673388578,0.182442982394941,0.6699573533563277,-1.1062041904015056,0.254804779508554,0.20209799232548176,1
-0.35297953711749996,-1.3333079217311121,0.9358694480229174,0.5350968004993123,-1.690527701252291,-0.7422223925779139,0.5317762395910421,0.5663487630582671,0
-0.35297953711749996,1.8146626890547986,0.6825940557448624,-0.43747869117660687,-0.2884435111933269,-0.863002755968222,1.0934210891620522,2.263839793433964,1
-0.35297953711749996,1.2910393315387347,0.7129312255518679,-1.160720643676746,-1.4972215481393447,-0.9526295728206979,0.38007770675886016,1.0743337373014985,0
-0.35297953711749996,2.7123027305109084,0.630587478932853,0.8023646559664885,-1.9013250385719833,-1.5396706046343267,-1.5114951886859178,0.9497839554566062,1
-0.35297953711749996,-2.2565686902827653,0.9931677235793794,-0.5364461064892352,-1.9514134690194624,-0.6142338049826545,0.5534166907592836,0.05978894467916318,0
-0.05195407835538607,-1.9388619316163953,0.9678353788698175,-0.49347165335437004,-0.132599597297534,-1.584200186248228,0.39987308063508215,0.9880914798593003,1
-0.35297953711749996,-1.6816993777157963,1.7495406021851012,0.35828316234318114,-1.690527701252291,-0.7422223925779139,0.5317762395910421,0.5663487630582671,0
-0.35297953711749996,-1.1505125846153328,0.9169914634417042,0.33733601865265905,0.557563821082206,-1.5806578234575492,0.7933530283145873,0.441080496354002,1
-0.35297953711749996,-0.8208391638841923,0.9011341042162058,0.954594345839717,0.0024930744406876926,-0.25385083069751124,-0.5831712630784476,1.7355598857268855,1
-0.35297953711749996,-1.230839827723666,0.923954349155653,-1.1916145416623203,-0.5594267330880542,-2.1452862917447164,-0.46914701100039025,1.043617665846729,0
-0.35297953711749996,1.2661048859427317,0.7143758526855348,-1.1951607366529429,-2.002618434026136,-0.5560759307738677,0.5588011727842961,1.0676724978826142,0
-1.5360275259239273,1.7398593522667893,0.6869279371458632,-0.5407989701051981,-0.632889705539339,-1.3387616370710522,0.44137210049354825,0.016682159462785173,1
-0.35297953711749996,-1.1779516072697187,0.9178696912342932,-1.291212591096956,-1.964644148616179,-0.811155656171679,0.32803641805706496,-0.10653260251795593,0
-0.35297953711749996,1.8395971346508015,0.6811494286111955,-0.4030385982004097,-0.5292593389922627,-0.08994869549262297,1.8821583004089306,1.0446005357479184,1
-1.7985002940032753,-0.7540660321376669,0.8933110299619554,-0.7057310105016055,-0.06179926370135003,-0.38553785203095303,1.753311407682007,2.402398247637368,0
-1.4214357564453828,-2.431940476708883,-0.172869649420061,1.1350096897273505,-1.1989520766603787,-0.7907646130979801,0.7171064264943934,1.2997639805249235,0
-0.35297953711749996,-1.8391241492323827,0.9620568703351499,-0.3557112814495817,-0.132599597297534,-1.584200186248228,0.39987308063508215,0.9880914798593003,0
-0.35297953711749996,-1.2028860528657217,0.9193143183679601,-1.3256526840731533,-1.5190724285032688,-1.2115791922203463,0.06534135776778915,1.3414086200154949,0
0.17205023911212614,1.5902526786907711,0.6955956999478647,-0.7474395279623807,0.6143478903358768,-0.6022995016293732,1.9206582409971589,0.8909206543813002,1
-1.6845487020078511,-0.3373483503917586,1.6586242815115333,-0.018701182635837282,-0.8826658744453996,0.1804014653738527,-0.5097474072144647,0.01685380136685677,0
-0.35297953711749996,-1.3460516923600705,0.9345342731418536,-1.1275464863746385,-1.6390098920476157,-1.5487725697834929,-0.3772939378432977,1.188968619315233,0
-0.35297953711749996,-0.954372264159788,-0.2712817159038181,0.931284692738783,-1.3252266801067285,-0.5201323162403139,0.2112120996344371,0.9146968039994641,0
-0.35297953711749996,-1.1031482704817095,0.9135358098332924,-1.1878923121683649,-1.2197839098755063,-0.5879236042479804,0.9449407663219173,1.0382417164096698,0
-0.35297953711749996,-0.7145807202707927,-0.290343834391259,1.004410319269476,-1.5970515969013774,-0.7988727173928163,0.5236509897976915,0.3861456693642908,0
-0.1777948813507857,1.6401215698827774,0.692706445680531,-0.6785593420099865,-0.5719420525713148,-0.14605730604227185,1.7952562912453833,1.0501531543466611,0
-0.35297953711749996,1.8645315802468045,0.6797048014775285,-0.3685985052242126,-1.4961661489692617,-0.8375747024123387,0.5156539661640063,0.9437390418267099,0
-0.35297953711749996,1.1329657655103627,-0.983506656038631,-0.6773268614328865,-2.1600945441247594,-1.4379142380120629,-0.5585298764014873,2.001687198161344,0
-0.35297953711749996,-1.4408750218557285,-1.1488214476203262,-2.8535209835694686,-2.1461817190467167,-0.6357312760333554,0.38996268870438,1.1001939303666688,0
-1.8746814144945982,1.340908222730741,0.7100419712845341,-1.0918404577243517,-1.3056588606080088,-0.9310361394721022,0.4998514035855254,1.3136455270217806,0
-0.35297953711749996,-1.4208550291480797,0.9388681545428543,-1.23086676530323,-1.6332077441623822,-0.5777220618905856,0.7531278953830146,0.45657320801704804,0
-0.35297953711749996,-2.4568749223048867,-0.1714250222863941,1.1005695967511533,-1.3056588606080088,-0.9310361394721022,0.4998514035855254,1.3136455270217806,0
-0.35297953711749996,-1.3709861379560735,0.9359789002755204,-1.161986579350836,-1.716454709080785,-0.7295027983243031,0.5339268825780212,0.5160064983608821,0
-0.35297953711749996,-0.8019990242335031,1.8794971072679696,1.384728392427005,-1.3056588606080088,-0.9310361394721022,0.4998514035855254,1.3136455270217806,0
-0.35297953711749996,1.6401215698827774,0.692706445680531,-0.6785593420099865,-0.029270812318460737,-1.6348925078746361,0.39130196713682125,1.188724159059516,1
-0.35297953711749996,-1.0525083589456907,-0.2657208805202158,0.8259934247624507,-1.716454709080785,-0.7295027983243031,0.5339268825780212,0.5160064983608821,0
-0.35297953711749996,-1.2003405683754904,-0.2582566421839463,0.5522086384157071,-1.9514134690194624,-0.6142338049826545,0.5534166907592836,0.05978894467916318,0
-0.35297953711749996,1.6401215698827774,0.692706445680531,-0.6785593420099865,-1.4331974777707666,-0.8684666569962246,0.510430720504181,1.0660048094033843,0
-0.35297953711749996,1.7897282434587956,0.6840386828785293,-0.47191878415280386,-1.3386465660691305,-0.3190027954135321,0.06343363665694474,0.3422432259372432,1
-0.35297953711749996,-1.6426679137263,0.9536952569198405,0.08828769774702533,-0.02197892638330967,-0.02215049146115433,-0.3541031860146514,2.3743943594848735,0
-0.35297953711749996,-0.960023072366007,0.9068783193859842,0.6465386127691816,0.12580543353471296,-1.1043302642689439,-0.06034427250566465,0.9441890364322528,1
-0.35297953711749996,-1.3852254016994259,1.7926635714457388,0.9356959699835228,-1.716454709080785,-0.7295027983243031,0.5339268825780212,0.5160064983608821,0
-0.35297953711749996,1.365842668326744,0.7085973441508671,-1.0574003647481547,-1.690527701252291,-0.7422223925779139,0.5317762395910421,0.5663487630582671,0
-0.35297953711749996,1.8390794820394112,2.6105328856368133,0.44845002946217727,0.09281108831120388,1.4091202274036938,-1.1330160801781213,-1.4616862632013228,1
-0.35297953711749996,-2.2316342446867616,0.9917230964457125,-0.502006013513038,-0.13597759626609085,-1.7751640342487582,0.17404694422795317,1.202605705556373,0
-0.35297953711749996,-1.9388619316163953,0.9678353788698175,-0.49347165335437004,-1.4318734536715154,-0.8989773968857281,0.5092931634476962,0.0677154927182203,0
-0.35297953711749996,-0.14025780430862592,0.8525795044695107,-0.11600398932795611,-1.4961661489692617,-0.8375747024123387,0.5156539661640063,0.9437390418267099,0
-0.35297953711749996,0.6746853835006258,-0.4245253790191752,1.587508046755229,-1.1160382446817936,-1.0348542356333548,0.4837509751320012,1.320125466053444,0
-0.35297953711749996,-2.2565686902827653,0.9931677235793794,-0.5364461064892352,-1.0187823202614639,-1.457017741397522,0.023842337909323053,2.31281794041201,0
-0.35297953711749996,-1.4707239203400857,0.9417574088101882,-1.2997469512556241,-1.4026900446183481,-0.8942250272272411,0.5075287163706558,0.7635359481327336,0
-0.35297953711749996,1.3023948185087584,-1.3696508117730875,-2.3441880134110904,-1.8432730631554959,-0.75512675289707,0.45363250201519767,-0.0035112877475396154,0
-0.35297953711749996,-1.2850015323681432,-0.2504912908114548,2.1113538511285848,-1.5858438229447316,-0.5377093389429171,0.09613873434104747,-0.4595576355900153,0
-0.35297953711749996,2.263482709782854,0.6565907673388578,0.182442982394941,-1.2121827562570953,-0.9876864642870046,0.49172615379217477,1.1334424333278044,0
-0.35297953711749996,-1.071772790804037,0.9186433746715174,-0.7487054636364705,-2.1648270369147227,-0.8947768577308987,0.11890664494154743,0.08755203767287756,0
-0.35297953711749996,1.340908222730741,0.7100419712845341,-1.0918404577243517,-0.9758629088278278,-0.33313892173075255,1.376548808006128,0.7080097621453049,1
-0.35297953711749996,-1.0039252403012562,0.9115191042937287,0.7124548118968719,-1.6478449876732388,-0.6861137820282651,0.6186782487545894,0.5607961444595242,0
-0.35297953711749996,1.1406019907086198,-0.4545507745812396,0.5451752455160367,-0.22469341308009172,-1.5815590930252903,-0.6580054779626465,0.9909949150203272,1
-0.35297953711749996,-0.3332923349949808,0.870688713510738,0.013222022418164392,-1.023697339845187,0.26587227504759303,-0.4974884893546262,0.2887340487275107,0
-0.35297953711749996,0.6007127139667134,0.7559582653169347,-0.4283486792233277,-1.5473321856077997,-0.7845722655718862,0.5208584422040929,1.7795430002924082,0
-0.35297953711749996,-1.4497259317673692,0.9343269890457074,-0.0759450970617061,-1.9859855054057052,-0.8392099614465034,0.2845854134752913,-0.10375629321858448,0
-0.09794310827539326,1.7149249066707863,0.6883725642795302,-0.5752390630813952,-1.3386659742497702,-0.8100621114027678,0.6378817301159766,0.7552070202346193,1
-0.35297953711749996,-2.5316782590928955,-0.16709114088539323,0.9972493178225621,0.4407546597586569,-0.5194551938078187,-0.6212663985172355,0.8906798592225202,0
-0.35297953711749996,1.6151871242867744,0.6941510728141979,-0.7129994349861837,0.1662272723589826,0.03791782031435109,1.3471979178108828,2.3636570433078234,0
-0.35297953711749996,-1.2059053821276633,0.922509722021986,-1.157174448686123,-0.029270812318460737,-1.6348925078746361,0.39130196713682125,1.188724159059516,0
-0.35297953711749996,1.98920380822682,0.672481665809194,-0.1963980403432271,-0.5426839876256029,0.029890756807054553,-0.5373885040203167,1.222713845416664,1
-0.35297953711749996,-1.5205928115320917,0.9446466630775221,-1.3686271372080183,-2.2056182834538918,-1.2273785525344756,-0.3287994329656012,1.5441092761790711,0
-0.35297953711749996,-2.096345885796386,-0.19814427124786405,1.2791642864906605,-1.7965100667671072,-1.576285160793064,-0.499521701795268,1.3775006409073236,0
-0.35297953711749996,-1.3065880665779483,0.9291377509061738,-1.2283124960111507,-2.1802301788727085,-0.4689409499820833,0.5735340511783702,0.7228051868694262,0
-0.35297953711749996,2.288417155378857,0.6551461402051908,0.21688307537113805,0.17250332560161796,1.6403149168873186,-0.9108470413510343,1.0752521402034325,1
-0.35297953711749996,2.014138253822823,0.671037038675527,-0.16195794736703006,-1.2827525810740015,-0.5570316496640945,0.9501640119817426,0.9159759488329956,1
-0.35297953711749996,-0.7395151658667957,-0.2888992072575921,0.969970226293279,-1.261658579218561,-0.9796958369009814,0.4952697985108172,0.4916557007720799,0
-0.35297953711749996,-0.7226905524599943,0.8984185948001804,-0.26654416196971115,-1.3397213734198532,-0.925116981811127,0.5023054707108304,0.8858017157094078,0
-0.35297953711749996,1.6899904610747833,0.6898171914131971,-0.6096791560575923,0.18752075454535633,-1.1633856071258617,1.0516381493616864,0.946446840368729,1
-0.35297953711749996,2.1886793729948444,0.6609246487398586,0.0791227034663497,-1.2965597971686094,0.3703079728591381,1.0163232925236318,-0.03447844563781011,0
-0.35297953711749996,-1.022101985698037,1.0314839778992546,-0.9789467824813346,0.02663975227076243,-0.2684847005166826,-0.5852701715686045,1.6890099564414687,0
-0.35297953711749996,-0.9036727057136853,0.901978792763957,-0.9123715683587881,-1.254355946261749,-0.8128997607118293,0.6761094890379249,0.8746964785119221,0
-0.35297953711749996,2.338286046570863,0.652256885937857,0.28576326132353225,-1.8254942423044516,-0.4554869923035758,0.7700383011184779,1.0183646898320375,0
-0.35297953711749996,-1.4031922848878426,-0.24527842749781348,0.3113630191672352,0.30884050665805884,-0.8802014611546798,0.4282696365816942,0.9215871825360413,1
-0.35297953711749996,-1.4457894747440827,0.9403127816765213,-1.265306858279427,-1.2121827562570953,-0.9876864642870046,0.49172615379217477,1.1334424333278044,0
-0.35297953711749996,-1.7393863668483707,0.9562783618004822,-0.2179509095447932,-1.690527701252291,-0.7422223925779139,0.5317762395910421,0.5663487630582671,0
-0.35297953711749996,2.1837677213213635,0.7788085242071152,-0.11899645293494576,-0.38191961554424025,-0.8063524311533194,1.1015463389554028,2.4440428871279396,0
-0.35297953711749996,2.088941590610832,0.6667031572745262,-0.05863766843843882,-1.6318254555940266,-0.6317312934825502,-0.3128759130080644,0.27927354948409855,0
-0.35297953711749996,1.8146626890547986,0.6825940557448624,-0.43747869117660687,-1.2827525810740015,-0.5570316496640945,0.9501640119817426,0.9159759488329956,1
-0.35297953711749996,-1.7144519212523677,0.9548337346668152,-0.18351081656859614,-1.4318734536715154,-0.8989773968857281,0.5092931634476962,0.0677154927182203,0
-0.35297953711749996,-1.3779419242413016,0.9331885112987326,0.19585341725391536,-1.4331974777707666,-0.8684666569962246,0.510430720504181,1.0660048094033843,0
-0.35297953711749996,-1.2912683482797103,-1.1574892104223278,-2.646880425712286,-2.0373564728593854,-0.5350232649936532,0.5618207171353493,1.13464043701616,0
-0.35297953711749996,-0.40247921673524156,0.8736526494316965,1.3705388079385723,-2.023878732691898,-1.3599588228893047,-0.3453691018377808,0.44167185535171943,0
-0.35297953711749996,-0.8787382601176822,0.9005341656302901,-0.877931475382591,-1.6987158010694152,-0.7075517433546644,0.5335104446378927,1.5778706346118594,0
-0.35297953711749996,-2.2565686902827653,0.9931677235793794,-0.5364461064892352,-1.8579373646685489,-0.6708841297975568,0.5452914409659331,-0.12041414901481318,0
-0.35297953711749996,-1.031456811683066,0.9111382732534119,-0.9511005809153543,-1.8529392638293647,-1.0425164367172801,-0.6498109683673501,0.4126296175244735,0
-0.35297953711749996,-1.3211172467640675,0.9330896460081867,-1.0931063933984415,-1.7758931284103951,-0.8544396136772117,0.3579722212639477,0.5774540002557529,0
-0.35297953711749996,-1.8657921515427562,-0.21343233795843564,-0.03925434022077551,-2.6608656035040923,-1.0040376551047916,-0.2910367083703239,0.6601591790315244,0
-0.35297953711749996,2.1388104818028384,0.6638139030071923,0.010242517513955385,-1.2377611181370145,-0.3577047804330544,0.05543661302325947,0.8998365983996623,0
-0.35297953711749996,-1.250250366999345,0.922769971976372,0.19957564674787065,0.7030694118514955,-2.1316376636961136,0.2819279222041008,-0.6612755082360839,1
-0.17202877957510088,1.8395971346508015,0.6811494286111955,-0.4030385982004097,0.24082146820787242,-1.8105085545793853,0.36741409599511193,0.26821091014750087,1
-0.35297953711749996,-1.7393863668483707,0.9562783618004822,-0.2179509095447932,-0.785355620466575,-0.4266003587905161,1.360746245427647,1.0779162473403756,0
-0.35297953711749996,-1.2283352506652834,0.924520748496731,0.40249397511109797,-1.716454709080785,-0.7295027983243031,0.5339268825780212,0.5160064983608821,0
-0.35297953711749996,-2.2565686902827653,0.9931677235793794,-0.5364461064892352,-1.690527701252291,-0.7422223925779139,0.5317762395910421,0.5663487630582671,0
-0.35297953711749996,-0.853803814521679,0.8990895384966231,-0.8434913824063939,-0.025892813349903898,-1.4439286598741057,0.6171281035439502,0.9742099333624432,0
-0.35297953711749996,-1.6645830300603615,0.9519444803994814,-0.11463063061620199,-0.1286857103309399,-0.16242201783527654,-0.5713582089235194,2.388275905981731,0
-0.35297953711749996,1.98920380822682,0.672481665809194,-0.1963980403432271,0.4407546597586569,-0.5194551938078187,-0.6212663985172355,0.8906798592225202,1
-0.35297953711749996,-1.397350741854204,0.937555931944571,0.33095044277421404,-1.5836123027583358,-0.5089429222303624,0.09698135931615201,0.5456354531291355,0
-0.35297953711749996,-1.0283449336937005,0.9092019284322916,-1.0845720332397735,-0.09935578580118865,-0.6374040052004418,1.5276472150378886,-0.052725573021500716,0
-0.35297953711749996,1.7647937978627926,0.6854833100121963,-0.506358877129001,-0.132599597297534,-1.584200186248228,0.39987308063508215,0.9880914798593003,0
-0.35297953711749996,-1.2166658987925805,0.9251571195013333,-1.0563483698896161,-0.632889705539339,-1.3387616370710522,0.44137210049354825,0.016682159462785173,0
-0.35297953711749996,1.4786396593026307,-1.0124395510231439,-2.148195492608411,-1.690527701252291,-0.7422223925779139,0.5317762395910421,0.5663487630582671,0
-0.35297953711749996,-2.431940476708883,-0.172869649420061,1.1350096897273505,-1.5970515969013774,-0.7988727173928163,0.5236509897976915,0.3861456693642908,0
-0.35297953711749996,1.7149249066707863,0.6883725642795302,-0.5752390630813952,1.2427959877049735,-0.5397017959817765,1.2021557668093128,0.34165186693952565,1
-0.35297953711749996,-0.5826367909550111,0.8851349848474073,-0.3311789073438065,-2.398745893729709,-1.5949221704162548,-0.8554347336067101,1.6996907553482026,0
-0.35297953711749996,-1.867908591344424,-0.2094528618122662,1.6908633080112168,-1.7545517716208692,-0.8263853084023872,0.4014232258457213,0.5746776909563814,0
-0.35297953711749996,1.4983527554228226,0.7039516885049253,0.8114946679197677,-1.5970515969013774,-0.7988727173928163,0.5236509897976915,0.3861456693642908,1
-0.35297953711749996,1.5517392744687888,-1.384097083109757,-1.9997870836491196,-2.1869498056399586,-0.30753705055270686,0.7551145436437061,0.6673176461369553,0
0.14828691058203125,-0.6148429378867805,-0.29612234292592665,1.1421706911742644,-1.716454709080785,-0.7295027983243031,0.5339268825780212,0.5160064983608821,1
-0.35297953711749996,1.5902526786907711,0.6955956999478647,-0.7474395279623807,-0.31276935369644887,-0.917947057948686,1.0931371692201526,-0.024962480027786227,1
-0.35297953711749996,1.365842668326744,0.7085973441508671,-1.0574003647481547,-1.8447066850718323,-0.47396227860853235,0.7706717136681518,0.04590739818230605,1
-0.05195407835538607,-0.3397333690766503,0.8641365215388461,-0.3915247331375328,-0.46215885122313094,-1.1143271948724571,0.7889801371477372,-0.005528314932186196,1
-0.35297953711749996,-1.306473831765772,-0.2478615323784551,0.6176016264590537,-1.9514134690194624,-0.6142338049826545,0.5534166907592836,0.05978894467916318,0
-1.570597110012427,1.5653182330947681,0.6970403270815317,-0.7818796209385778,0.3975563234720598,-1.0738064023781475,1.2603220587722936,1.1331979730720871,1
-0.35297953711749996,-1.762791430036185,1.0821590563732977,-0.045763403366588545,-0.13597759626609085,-1.7751640342487582,0.17404694422795317,1.202605705556373,0
0.17205023911212614,2.1637449273988416,0.6623692758735255,0.0446826104901526,-1.0470046130272332,-1.0877911437799164,0.4773683274421794,0.8150122566817338,1
-1.354217120717745,-1.4401730196963343,0.9389428361964791,0.19533020616957192,-0.17528231087658608,-1.6403087967978767,0.3129710714715349,0.9936440984580432,1
-0.35297953711749996,1.8645315802468045,0.6797048014775285,-0.3685985052242126,0.7628915392257798,1.14726219489471,-1.18629744740998,2.080972592603044,1
-0.35297953711749996,-1.7643208124443737,0.9577229889341491,-0.2523910025209903,-1.1160382446817936,-1.0348542356333548,0.4837509751320012,1.320125466053444,0
-0.35297953711749996,1.5154493419027621,0.6999295813488655,-0.850759806890972,-0.8264066086783837,0.10979318526927073,0.9762963980951488,-0.1224459061431149,0
-0.35297953711749996,-1.6645830300603615,0.9519444803994814,-0.11463063061620199,-1.6397343104804296,-0.8549813279424652,0.43674898063414436,0.39169828796303363,0
-0.35297953711749996,-2.1271828967152753,0.9837905699388593,-0.4652479900042127,-2.2701001989460163,-1.3162128583935584,-0.4153875896202749,0.05201489823988914,0
-1.4668883577469283,0.8251227243307406,0.7429566211139323,-0.11838784243755385,-2.023878732691898,-1.3599588228893047,-0.3453691018377808,0.44167185535171943,0
-0.35297953711749996,1.8450014825976349,1.4724417849298566,-0.1986932830857444,-0.6320799319435322,-1.4454469140563897,0.26206528925661876,1.7975268142757348,1
-0.35297953711749996,1.5395531202446686,-0.47766480871991046,1.0962167331351904,-1.4331974777707666,-0.8684666569962246,0.510430720504181,1.0660048094033843,0
-0.35297953711749996,-2.882494676653828,-1.8344730986066633,0.29623048302863386,-0.11988736899490782,-0.7721435874606035,1.3048893992191855,1.7308953910908202,0
-0.35297953711749996,1.6899904610747833,0.6898171914131971,-0.6096791560575923,-1.0850608562591593,0.2665481895770849,0.9987794742384948,0.37618736419693183,1
-0.35297953711749996,2.014138253822823,0.671037038675527,-0.16195794736703006,-0.035209605980026315,-0.21907234265017894,-0.57948345871687,2.208072812287755,1
-0.35297953711749996,1.7398593522667893,0.6869279371458632,-0.5407989701051981,-1.3397213734198532,-0.925116981811127,0.5023054707108304,0.8858017157094078,0
-0.35297953711749996,2.438023828954875,0.6464783774031893,0.42352363322832054,-0.33812431460252523,1.312961774824716,-1.5468095474991579,0.7469902944989334,0
-0.35297953711749996,2.088941590610832,0.6667031572745262,-0.05863766843843882,-1.4331974777707666,-0.8684666569962246,0.510430720504181,1.0660048094033843,0
-0.2445418776632581,1.6151871242867744,0.6941510728141979,-0.7129994349861837,0.2908495395244295,-1.2140779287522698,1.0430670358634255,1.1470795195689443,1
-0.35297953711749996,2.014138253822823,0.671037038675527,-0.16195794736703006,0.9519792646179177,1.3728609456624903,-0.7520713215341432,-0.23559277385241983,1
-0.35297953711749996,-0.6888156074206927,0.884361301410183,-0.8736860348042921,-1.3397213734198532,-0.925116981811127,0.5023054707108304,0.8858017157094078,0
-0.35297953711749996,-1.8889930404243889,0.9649461246024837,-0.42459146740197584,-0.132599597297534,-1.584200186248228,0.39987308063508215,0.9880914798593003,0
-0.35297953711749996,-1.3211172467640675,0.9330896460081867,-1.0931063933984415,-1.716454709080785,-0.7295027983243031,0.5339268825780212,0.5160064983608821,0
-0.35297953711749996,2.512827165742884,0.6421444960021885,0.5268439121569117,-0.0561906959690186,0.2500661403655824,-2.6555063533969325,2.355570202475649,0
-0.21641029021218988,1.465580450710756,0.7028188356161994,-0.9196399928433662,-0.8912957523577405,-0.5276780725611971,0.026697341832641608,1.5725656409453233,0
-0.35297953711749996,-0.717074097412246,0.8970486493201382,1.1940929024792877,-1.5830263180984692,0.5860142873894088,2.106726371359502,0.3211852854708537,0
-0.35297953711749996,-1.0757092478273236,0.9126575820407035,0.44065629758125047,1.0910977408203566,-0.8793001915869386,1.8796281428589277,0.3716727638697161,0
-0.35297953711749996,1.9144004714388108,0.6768155472101948,-0.2997183192718184,-1.0414519019408872,-0.7632520220884093,0.8393341904463637,1.1112319589328328,1
-0.35297953711749996,-1.361993531163997,0.9331877571786809,0.26397536053705817,-1.8721804858072808,-1.0203604272841427,-1.0228414778873958,0.41165095842152905,0
-0.35297953711749996,1.2661048859427317,0.7143758526855348,-1.1951607366529429,-2.113825031596536,-0.9145278491220206,-0.6281705171991087,-0.09393020085463044,0
-0.35297953711749996,1.8395971346508015,0.6811494286111955,-0.4030385982004097,-1.2622580089082334,-0.5510242708241999,0.20598885397461172,1.0369625715761384,0
-0.35297953711749996,1.8146626890547986,0.6825940557448624,-0.43747869117660687,-1.1349280062918006,-0.7066016972735069,0.8474594402397143,1.291435052626809,0
-0.35297953711749996,-1.5205928115320917,0.9446466630775221,-1.3686271372080183,-1.8016974271973787,-1.0402969368459951,0.08990805027365395,1.8862526683804275,0
-0.35297953711749996,-1.2782041418572896,0.9274100027640649,0.33361378915870377,-1.5195882323897576,-0.42478000640588914,0.2273343730614729,0.5373065252310212,0
-1.4668883577469283,1.5403837874987651,0.6984849542151986,-0.8163197139147749,-1.174543230189991,-1.0252216613040388,0.48794764436083504,0.5673715390633374,0
0.014653133671615304,-0.9535415969056913,0.9048680470312909,-0.9812517543111822,-0.5909314103931008,-0.5888617846803758,1.3423170281345373,-0.786140790488157,1
-0.35297953711749996,2.039072699418826,0.6695924115418601,-0.12751785439083296,-0.5571464502301169,0.39681472967993603,2.4274981677620455,0.8215814326543668,1
0.014653133671615304,-0.6044593585616487,0.8846432671599539,-0.49909045264442287,-0.4194761376440789,-1.0582185843228082,0.8758821463112845,-0.011080933530929094,1
-0.35297953711749996,1.7097803595599534,0.21210549516269234,-1.1159082162379292,0.4121692916371318,-0.9308937827810878,0.4196985230834333,1.1222198617362569,0
-0.35297953711749996,1.4557672835652178,-1.9410381198938542,-2.456336989056474,-1.9174568421219234,-0.019992358309852798,1.2300560496921626,0.5698103047103239,0
-0.35297953711749996,-0.008339873600615638,1.7008795338461697,0.660832925669928,-1.7158224764648762,-0.6971844016218732,0.5349974130100458,1.6108488577683167,0
-0.35297953711749996,1.3994068079503326,-1.0019750345313598,-1.9951804064816554,-0.5469637215339567,-0.6966047666699935,-0.0018649694136875783,2.241152403991248,0
-0.35297953711749996,-0.4644055970566655,0.8713596572071807,-0.5637251980185183,-1.4614572348752972,-0.4414597303477644,0.9659478049404849,1.5041391896802974,0
-1.210817364498784,-0.5545904673696426,0.88175401289262,-0.43021026669202866,-0.6924550706196844,-0.6550889931469823,0.009175795641258921,0.9577928459803259,0
-0.35297953711749996,-1.7240048333234028,0.9502178875160436,-0.45478611979987427,-1.6452870215667756,-1.1795204496339724,0.07478311762995998,0.09547858571193468,0
-1.4547249855676416,-1.7957023803422218,-0.2156122013872508,0.1650682871037788,-2.1648270369147227,-0.8947768577308987,0.11890664494154743,0.08755203767287756,0
0.17205023911212614,2.1886793729948444,0.6609246487398586,0.0791227034663497,1.4321071140709543,1.286824103705455,-0.5672752832652456,-0.9693548900610764,1
-0.35297953711749996,-1.1134797424580631,-0.2574082770930973,2.520912737348995,-2.6644043297553335,-1.0018930429287076,-0.290729110669914,0.6669811301883241,0
-0.35297953711749996,1.6899904610747833,0.6898171914131971,-0.6096791560575923,-1.6748708027705574,-0.7220027830960086,0.5314377591227486,1.5319022826740116,0
-0.35297953711749996,2.1886793729948444,0.6609246487398586,0.0791227034663497,0.8159688519144528,-1.1007879014782649,0.33313567517384035,0.39717805292695435,1
-0.35297953711749996,1.3487460818468044,0.7126194513069268,0.6048541100625852,-1.7332104148313432,-0.7983310031275628,0.4448742304274949,0.57190138165701,0
-0.35297953711749996,-0.6647118290787866,-0.2932330886585929,1.0732905052218702,-1.690527701252291,-0.7422223925779139,0.5317762395910421,0.5663487630582671,0
-0.09794310827539326,1.7897282434587956,0.6840386828785293,-0.47191878415280386,-1.5802958911508194,-0.7300445125895567,0.6127036419482179,0.3302507860681629,1
-0.35297953711749996,-2.2565686902827653,0.9931677235793794,-0.5364461064892352,-2.071350932563809,-0.9514271825458012,0.11078139514819685,-0.0926510560210988,0
-0.35297953711749996,-1.397350741854204,0.937555931944571,0.33095044277421404,-0.5367451939640373,-1.3859294084174025,0.4333969218333747,0.20336519218842497,0
-0.35297953711749996,-2.0166845976663454,0.9753646639248443,-0.42831369689593113,-2.1221443233356707,-0.8386682471812499,0.20580865410509466,0.08199941907413477,0
-0.35297953711749996,-1.1535319138772744,0.9201868670957303,0.5058142540396892,-0.9600548549440081,-0.13856442215819953,0.4835858561246855,-0.003950043702541595,0
-0.35297953711749996,1.9642693626308168,0.6739262929428609,-0.2308381333194242,-0.755136934427775,-0.5282197868264508,0.10547410120283826,1.386809928652604,1
-0.35297953711749996,-1.3912070179646019,0.9352695094370018,-1.297429020722996,-2.1074800218226173,-0.9229108702807629,0.11414971515435932,0.19890228034140833,0
-0.35297953711749996,1.8395971346508015,0.6811494286111955,-0.4030385982004097,-0.02568419880357886,-1.3509207159006764,-0.03492179963980796,0.9673781699301689,1
-0.35297953711749996,-2.2565686902827653,0.9931677235793794,-0.5364461064892352,-0.785355620466575,-0.4266003587905161,1.360746245427647,1.0779162473403756,0
-0.35297953711749996,-0.11532335871262278,0.8511348773358437,-0.08156389635175892,-1.9731526999464006,-0.5709401372035625,0.5563429320969069,1.1111928114231997,1
-0.35297953711749996,1.5154493419027621,0.6999295813488655,-0.850759806890972,-0.21852659728907076,-0.9354035701601474,-0.03178196125933547,0.27560227338632803,1
0.14828691058203125,-0.3397333690766503,0.8641365215388461,-0.3915247331375328,-0.27924507407897736,-1.2471741261438507,0.772323715086248,-1.0953153698390563,1
-0.27700677796393186,-2.039430381254504,-0.2025358755306237,1.2813044217908067,-0.19144960158374635,-0.6347629119775041,0.4697686564401603,-0.049822137860473736,0
-0.35297953711749996,-0.5087488602655706,0.877171704986686,-0.46306826547441676,-1.4961661489692617,-0.8375747024123387,0.5156539661640063,0.9437390418267099,0
-0.35297953711749996,-1.0757092478273236,0.9126575820407035,0.44065629758125047,-2.002618434026136,-0.5560759307738677,0.5588011727842961,1.0676724978826142,0
-0.35297953711749996,1.440646005114753,0.7042634627498663,-0.9540800858195633,-1.3963343572378948,-0.3086882192019368,1.1856919513046256,0.47436185887031057,0
-0.35297953711749996,1.8645315802468045,0.6797048014775285,-0.3685985052242126,-0.7354884704339336,0.5465495280600756,1.5120662794264277,0.16266855891049836,0
-0.35297953711749996,0.8001882787347376,0.7444012482475992,-0.15282793541375095,-1.0489047089981547,0.04539753407485414,0.7693025686531717,0.3057598255441745,1
-0.35297953711749996,1.7598821461893117,0.8033671854794531,-0.7044780335302963,-1.3397213734198532,-0.925116981811127,0.5023054707108304,0.8858017157094078,1
-0.35297953711749996,1.7897282434587956,0.6840386828785293,-0.47191878415280386,-0.9774278315723092,-0.6790891062639359,0.9696872041916846,1.1029030310347185,0
-0.1777948813507857,2.2753162837421557,2.2881799874219593,0.8798793409597006,0.24082146820787242,-1.8105085545793853,0.36741409599511193,0.26821091014750087,0
-0.35297953711749996,1.6899904610747833,0.6898171914131971,-0.6096791560575923,-1.3264906938231364,-0.7281951306221025,0.7276857434130491,1.052123262906527,0
-0.35297953711749996,1.6401215698827774,0.692706445680531,-0.6785593420099865,-1.524586333228942,-0.053147699486165934,1.4224367823947561,0.004262758691734536,0
-0.35297953711749996,1.41571155951875,0.7057080898835333,-0.9885201787957604,-1.0351823842804122,-1.7518954966136473,-1.0794139743837827,2.354178855479689,0
-0.35297953711749996,1.6650560154787803,0.691261818546864,-0.6441192490337894,-1.0922452927127486,-0.650493086723858,0.9343614494032616,1.2858824340280663,1
-0.35297953711749996,-2.5815471502849014,-0.16420188661805946,0.9283691318701677,-0.46753239763642984,-1.3692881447643286,0.4293971025756092,2.033604185563881,0
-0.35297953711749996,1.9144004714388108,0.6768155472101948,-0.2997183192718184,1.1119867622280637,0.8660095245830888,-1.2190403519918498,-0.9277102505705053,1
-0.35297953711749996,1.340908222730741,0.7100419712845341,-1.0918404577243517,-0.40326097233376623,-0.8344067364281439,1.058095334373629,2.446819196427311,0
-0.35297953711749996,-1.3460516923600705,0.9345342731418536,-1.1275464863746385,-1.0177585461836212,-1.1499478901768643,0.47329693649906507,-0.7306146045007282,0
-0.35297953711749996,1.5154493419027621,0.6999295813488655,-0.850759806890972,-1.457800461500009,-0.8862578026321173,0.5114438064346754,0.017373228020835185,1
-1.3785438650763184,-2.513184847578562,-0.17508795999095217,0.6269426552430619,-1.39979844289021,0.49380485523684703,-0.46479654705541074,1.0137811907864194,0
-0.35297953711749996,-1.8141897036363797,0.960612243201483,-0.32127118847338454,-0.029270812318460737,-1.6348925078746361,0.39130196713682125,1.188724159059516,0
-0.35297953711749996,2.113876036206835,0.6652585301408593,-0.024197575462241577,0.7126400669353798,-1.050095579851857,0.3417067886721013,0.19654537372673886,1
-0.35297953711749996,-0.733158870629598,0.8901733491896883,-0.7730291022601906,-1.233014589472223,-0.7848454554370049,0.7195604936196984,0.8719201692125507,0
-0.35297953711749996,-1.453952865623193,0.9447856373298522,0.4646345203531089,-1.9990797077748947,-0.5582205429499517,0.5584935750838861,1.0608505467258147,0
-1.5609944477656215,2.2385482641868504,0.6580353944725247,0.1480028894187439,-1.716454709080785,-0.7295027983243031,0.5339268825780212,0.5160064983608821,1
-0.35297953711749996,-0.8787382601176822,0.9005341656302901,-0.877931475382591,-2.234038467713572,-0.4429515496083031,0.5779833832651484,0.6046329930440957,0
-0.35297953711749996,2.288417155378857,0.6551461402051908,0.21688307537113805,-0.48862639949187037,-0.9466239575274416,0.8842913160465347,2.4579244336247967,0
-0.35297953711749996,1.365842668326744,0.7085973441508671,-1.0574003647481547,-1.5722525719843743,0.002865562546536915,1.4275136667193584,1.005324360738386,0
-0.35297953711749996,0.9497949523107558,0.7357334854455977,0.05381262244343171,-0.546714504785428,-1.333229692957092,0.4358693075837133,1.7864215770782488,1
-0.35297953711749996,-1.0443337681496512,0.9177651468789285,0.8798431461131448,-2.193086794019253,-0.4677699310824385,0.5744237293778512,0.5256864179497908,0
-0.35297953711749996,-1.3709861379560735,0.9359789002755204,-1.161986579350836,-1.4321226704200438,-0.26235247059862965,0.07155888645029529,0.5224463196312195,0
-0.35297953711749996,-1.4707239203400857,0.9417574088101882,-1.2997469512556241,-2.2274174853669644,-1.2601042478439095,-0.3284855804567274,0.04646227964114635,0
-0.35297953711749996,1.390777113922747,0.7071527170172002,-1.0229602717719575,-1.2121827562570953,-0.9876864642870046,0.49172615379217477,1.1334424333278044,1
-0.08431414044195645,1.9144004714388108,0.6768155472101948,-0.2997183192718184,0.5440834447377301,-0.5701475154342267,-0.6298375120154964,1.0913125384227358,1
-0.35297953711749996,1.41571155951875,0.7057080898835333,-0.9885201787957604,-1.5185629049288707,-0.9806838780955224,0.3366267021770865,1.0771100466008698,0
-0.35297953711749996,1.440646005114753,0.7042634627498663,-0.9540800858195633,-1.4331974777707666,-0.8684666569962246,0.510430720504181,1.0660048094033843,1
-1.618610421246454,1.7398593522667893,0.6869279371458632,-0.5407989701051981,-0.8004089567297328,0.9268129555894766,0.38841512366189945,-0.16200171297049115,1
-0.35297953711749996,1.3899464466686502,-0.4689970459179087,0.8895761752780078,-1.9191939826115751,-0.6036413166636958,0.5516526632852289,1.007171277117579,0
-1.618610421246454,1.9393349170348138,0.6753709200765278,-0.2652782262956213,1.1658508725966144,-1.399584633327741,0.35377548273248643,-0.7305561148587147,1
0.17205023911212614,2.064007145014829,0.6681477844081932,-0.09307776141463578,-0.546714504785428,-1.333229692957092,0.4358693075837133,1.7864215770782488,1
-0.35297953711749996,-1.7393863668483707,0.9562783618004822,-0.2179509095447932,-1.2095143490327072,-0.9782039108184524,0.49187622492535177,1.5003285597474203,0
-0.35297953711749996,-2.276023788331003,-0.28592134740709396,1.1124866645659655,-0.8053687523662038,-1.1764746886492778,0.4583523837270593,2.2850548474182957,0
-0.35297953711749996,-0.9784760425016943,0.9063126741649578,-1.0156918472873793,-1.233014589472223,-0.7848454554370049,0.7195604936196984,0.8719201692125507,0
-0.024975711259454803,2.512827165742884,0.6421444960021885,0.5268439121569117,0.25543443637294483,-1.6675959349823255,-0.4732094396937484,0.2572327988116706,1
-0.35297953711749996,-1.9218047666243643,-0.2082566611835326,1.5202449373240403,-0.7020399673871305,-1.2271670102756858,0.4497812702287984,2.485687526618511,0
-0.35297953711749996,1.6151871242867744,0.6941510728141979,-0.7129994349861837,-1.4331974777707666,-0.8684666569962246,0.510430720504181,1.0660048094033843,0
-0.35297953711749996,-1.2093675283260374,0.9213245907226533,0.30213768300721067,-0.4359772036779729,0.17016228318117677,-0.3201334811114487,1.2088322989198068,1
-0.35297953711749996,1.8146626890547986,0.6825940557448624,-0.43747869117660687,-0.6257052690857499,-0.42172036077010955,0.5057901253287814,-0.8930129103683493,0
-0.35297953711749996,-1.1530171616737157,0.9164250641006262,-1.256772498120759,-1.5871767816811837,-0.41847508959917684,0.9750445569964812,-0.03682699933999667,0
0.14828691058203125,-1.3499881493833572,0.9285484805110398,0.06181527484308236,-0.546714504785428,-1.333229692957092,0.4358693075837133,1.7864215770782488,1
-0.35297953711749996,1.7398593522667893,0.6869279371458632,-0.5407989701051981,0.10360868962802017,1.8368739901610205,-0.6800536256968912,-0.2804534491413466,1
-0.35297953711749996,-1.3530074786452986,0.9317438841650657,0.23029351023011246,-1.690527701252291,-0.7422223925779139,0.5317762395910421,0.5663487630582671,0
-0.35297953711749996,2.462958274550878,0.6450337502695224,0.45796372620451753,-1.0776323245476762,-0.507580467126798,0.09373791371440116,1.2749043226922359,0
-0.35297953711749996,-1.7214985346022433,0.9563360846822411,-0.11677076591634825,-1.9514134690194624,-0.6142338049826545,0.5534166907592836,0.05978894467916318,0
-0.35297953711749996,-1.8640585948283859,0.9635014974688167,-0.3901513744257788,-0.132599597297534,-1.584200186248228,0.39987308063508215,0.9880914798593003,0
-0.35297953711749996,-0.9286071513096883,0.9034234198976239,-0.9468116613349852,-0.7020399673871305,-1.2271670102756858,0.4497812702287984,2.485687526618511,0
-0.35297953711749996,1.7647937978627926,0.6854833100121963,-0.506358877129001,2.095866170903018,0.327496171564009,-1.3025745410595535,-0.8885636578569462,1
-0.35297953711749996,1.465580450710756,0.7028188356161994,-0.9196399928433662,-1.4331974777707666,-0.8684666569962246,0.510430720504181,1.0660048094033843,0
-0.35297953711749996,-0.9011681286553024,0.902545192105035,0.6817369484146301,-1.9819730323794333,-0.5685878846827429,0.557006606711733,1.0278723235693574,0
-0.35297953711749996,1.9144004714388108,0.6768155472101948,-0.2997183192718184,-0.608563863036217,-1.2838173350905882,0.4416560204354478,2.305484432924535,0
-0.35297953711749996,-2.3064375814747713,0.9960569778467133,-0.6053262924416294,-2.2847645004590693,-1.2319702352940451,-0.32372865066953926,-0.06488796302738442,0
-0.35297953711749996,-1.6959645979582096,-0.22139070992191845,0.30282865900856726,-1.2121827562570953,-0.9876864642870046,0.49172615379217477,1.1334424333278044,0
-0.35297953711749996,-1.3959205835520765,0.9374235274091874,-1.196426672327033,-1.5970515969013774,-0.7988727173928163,0.5236509897976915,0.3861456693642908,0
-0.35297953711749996,-0.9784760425016943,0.9063126741649578,-1.0156918472873793,-2.193086794019253,-0.4677699310824385,0.5744237293778512,0.5256864179497908,0
-0.35297953711749996,1.98920380822682,0.672481665809194,-0.1963980403432271,-1.1747924469385196,-0.38859673501694036,0.050213367363434125,1.0221023659763366,0
-0.35297953711749996,-1.3779419242413016,0.9331885112987326,0.19585341725391536,-1.9514134690194624,-0.6142338049826545,0.5534166907592836,0.05978894467916318,0
-0.35297953711749996,-1.8860066551420713,-1.556967604328896,-0.8417024964225428,-1.690527701252291,-0.7422223925779139,0.5317762395910421,0.5663487630582671,0
-0.35297953711749996,-1.3709861379560735,0.9359789002755204,-1.161986579350836,-0.132599597297534,-1.584200186248228,0.39987308063508215,0.9880914798593003,0
-0.35297953711749996,-2.331372027070774,0.9975016049803802,-0.6397663854178265,-1.2647961110081083,0.5348051201779651,-2.9170227878057733,0.3625479047660146,0
-0.35297953711749996,2.0721052010816727,1.521562370270761,0.40992958105989086,-0.025892813349903898,-1.4439286598741057,0.6171281035439502,0.9742099333624432,1
-1.5539524954512973,-0.8134878354007079,0.8915844370785178,-1.0458864996852777,0.1560730101628196,-1.267545446078981,-0.1017135318978501,1.155535573328714,0
-1.4668883577469283,1.7149249066707863,0.6883725642795302,-0.5752390630813952,-1.2624666234545585,-0.6440322147976293,0.85803875715837,1.0437943350084127,0
-0.35297953711749996,1.6401215698827774,0.692706445680531,-0.6785593420099865,0.29422753849298644,-1.0231140807517396,1.2688931722705545,0.9325652938718717,0
-0.35297953711749996,1.9393349170348138,0.6753709200765278,-0.2652782262956213,-0.9106932477454781,-1.3707554466153646,-0.8249064475728878,2.1216367353822037,0
-0.2889932804430827,-2.0042995208065517,-0.972689995624249,-1.311886723418446,-1.716454709080785,-0.7295027983243031,0.5339268825780212,0.5160064983608821,0
-0.35297953711749996,1.6401215698827774,0.692706445680531,-0.6785593420099865,-1.7248324303285458,-0.6989936264981205,0.535530389858193,1.3845615558860216,0
-0.35297953711749996,-1.8206368259382248,-0.2141675742535838,0.13062819412758164,-1.4331974777707666,-0.8684666569962246,0.510430720504181,1.0660048094033843,0
-0.35297953711749996,-0.41453670586465935,0.8684704029398469,-0.494845012066124,-0.6862499901373559,0.11343402762263022,2.0312158808662577,0.968833983925384,1
-0.35297953711749996,1.9393349170348138,0.6753709200765278,-0.2652782262956213,0.29422753849298644,-1.0231140807517396,1.2688931722705545,0.9325652938718717,1
-0.35297953711749996,-0.9180851621094233,1.025068344239933,0.6857778777073108,-0.4433857198063549,-1.3839220145835,0.4272981940854524,1.9870542562784643,1
-1.8842840767414035,2.438023828954875,0.6464783774031893,0.42352363322832054,1.8757185096816857,1.4975446539812731,-0.15037638616426596,0.8948045862537393,1
-0.35297953711749996,-0.9768238187821603,0.9089876526884616,0.6800457771284106,0.09542693876279862,-1.160744513902924,-0.006240409236042022,0.9493502755297557,1
-1.3036430995512363,2.263482709782854,0.6565907673388578,0.182442982394941,-0.9917573738151738,-0.16446793190267628,0.538827276450793,0.9995005120801251,1
-0.35297953711749996,-0.828869368925676,0.8976449113629562,-0.8090512894301968,-0.8413124771184087,0.14696707542945386,0.9785605679283547,0.8494716515097365,0
-0.35297953711749996,-1.4707239203400857,0.9417574088101882,-1.2997469512556241,-2.2141868057702476,-1.063182396654885,-0.10310530775450882,0.21278382683826558,0
-0.35297953711749996,1.8758870672168284,-1.402877235847427,-1.5520658749585572,-2.0373564728593854,-0.5350232649936532,0.5618207171353493,1.13464043701616,0
-0.35297953711749996,-1.8516963905653594,0.9606364268384042,-0.45850834929382955,-2.1648270369147227,-0.8947768577308987,0.11890664494154743,0.08755203767287756,0
-0.35297953711749996,-1.7270241625853442,0.9534132911700697,-0.28630788441284394,-2.0581202529670923,-0.7545053313567766,0.3361616678504155,0.07367049117602043,0
-0.35297953711749996,-2.281503135878768,0.9946123507130464,-0.5708861994654322,-2.2847645004590693,-1.2319702352940451,-0.32372865066953926,-0.06488796302738442,0
-0.35297953711749996,-0.2075780199103015,1.0426998817389248,0.15337423893121166,0.3441502531869456,-1.8612008762057934,0.3588429824968511,0.4688435893477163,0
-0.35297953711749996,-1.8640585948283859,0.9635014974688167,-0.3901513744257788,-1.9514134690194624,-0.6142338049826545,0.5534166907592836,0.05978894467916318,0
-0.35297953711749996,-2.281503135878768,0.9946123507130464,-0.5708861994654322,-1.0711512908573082,-1.073157273960745,0.4794672359323362,0.8615621859671505,0
-0.35297953711749996,1.8395971346508015,0.6811494286111955,-0.4030385982004097,-1.161456723511598,-0.19866777860126228,1.3934381877268625,1.8029633893992845,0
-0.35297953711749996,1.6151871242867744,0.6941510728141979,-0.7129994349861837,-0.8398099101820282,-0.46149446258461263,0.29908917739857893,0.5147487882369355,0
-0.08431414044195645,1.7897282434587956,0.6840386828785293,-0.47191878415280386,-1.4758801913498185,-0.9245752675458735,0.42352871134063375,1.071557428002127,1
-1.5609944477656215,1.7647937978627926,0.6854833100121963,-0.506358877129001,1.102456767245057,-1.5017755976091167,0.45599533453104996,-0.7086984496681767,1
-0.35297953711749996,-1.1006436934233268,0.9141022091743705,0.40621620460505325,-1.7545517716208692,-0.8263853084023872,0.4014232258457213,0.5746776909563814,1
-0.35297953711749996,-2.2316342446867616,0.9917230964457125,-0.502006013513038,-2.391471284406699,-1.3722417616681675,-0.5409836735784076,-0.05100641653052729,0
-0.35297953711749996,-1.0636629586148352,-0.270119054519922,0.5222490176027166,-1.4560201315015902,-0.8843435270665567,0.511392071937853,0.11426542200363687,0
-0.35297953711749996,2.2385482641868504,0.6580353944725247,0.1480028894187439,-1.4331974777707666,-0.8684666569962246,0.510430720504181,1.0660048094033843,0
-0.1904803052572922,-1.56975689934983,1.0640498473320705,-0.1749894151127089,-0.5367451939640373,-1.3859294084174025,0.4333969218333747,0.20336519218842497,0
-0.35297953711749996,2.2466463202536944,1.5114499803350925,0.6510102318932705,-0.9026246767865335,-0.7543111828851105,0.9182610209497375,1.2923623730597296,1
-0.35297953711749996,1.8395971346508015,0.6811494286111955,-0.4030385982004097,-0.8982812694642603,-0.22111825671757868,0.5307020266574425,0.8192974183861488,0
-0.35297953711749996,0.9161919803445925,-0.44154913037823706,0.2352144087302629,-0.7118926480152903,-1.2331250134641802,0.4502271339337087,2.1048517537243194,0
-0.35297953711749996,-0.9036727057136853,0.901978792763957,-0.9123715683587881,-1.485302233174155,-0.4270086906064202,0.968020490455629,1.5501075416181451,0
-0.35297953711749996,2.2385482641868504,0.6580353944725247,0.1480028894187439,-1.6311326900214222,-0.5508393021380005,0.7539160276914421,1.3957549686004802,1
-0.35297953711749996,-1.1530171616737157,0.9164250641006262,-1.256772498120759,-2.634336886284295,-1.511971573777036,-0.8370154558574723,0.1486308422590492,0
-0.35297953711749996,-0.47978713058163336,0.8774201314916192,-0.32688998776343736,-0.5909314103931008,-0.5888617846803758,1.3423170281345373,-0.786140790488157,0
-0.35297953711749996,-1.1530171616737157,0.9164250641006262,-1.256772498120759,-1.3056588606080088,-0.9310361394721022,0.4998514035855254,1.3136455270217806,0
-0.35297953711749996,-1.361993531163997,0.9331877571786809,0.26397536053705817,-0.30333045161374217,-1.8086346284468235,0.05226504398089321,1.010301954254272,0
-0.35297953711749996,-0.4394711514606623,0.8699150300735138,-0.5292851050423212,-1.2532337444689041,-0.45129292022721773,0.10727630645967631,-0.06691972015568637,0
-0.35297953711749996,-1.4208550291480797,0.9388681545428543,-1.23086676530323,-1.582438628736305,-0.6559600977957565,-0.31697254589116874,0.3751675580284604,0
-0.35297953711749996,-1.0532793792897035,0.9106465555659585,-1.1190121262159707,-0.7978196480068271,-0.5843283973760997,0.018572092039291,1.3923625472513468,0
-0.35297953711749996,-1.3211172467640675,0.9330896460081867,-1.0931063933984415,-1.1695000426780433,-0.9315778537373558,0.578628162955722,1.1278898147290615,0
-0.35297953711749996,-0.4644055970566655,0.8713596572071807,-0.5637251980185183,-1.4961661489692617,-0.8375747024123387,0.5156539661640063,0.9437390418267099,0
-0.35297953711749996,1.404019320985644,1.5010225533582542,0.8780796111296445,-2.634336886284295,-1.511971573777036,-0.8370154558574723,0.1486308422590492,0
-0.35297953711749996,2.0631764777607327,-0.5080019785269156,1.8194586856353294,0.5721767892472784,-1.4377452038604894,-0.047270507374273074,0.4301023850181718,0
-0.35297953711749996,-0.8787382601176822,0.9005341656302901,-0.877931475382591,-2.193086794019253,-0.4677699310824385,0.5744237293778512,0.5256864179497908,0
-0.35297953711749996,1.9642693626308168,0.6739262929428609,-0.2308381333194242,-0.7172926808511546,-0.8080428816132235,0.9041677397407213,2.8987469476841086,0
-0.35297953711749996,-0.0924587040013212,1.0308608989198185,0.054299400580919144,-1.4269511522599476,-0.11293259005135226,0.34987522333546195,1.4029821162087832,0
0.17205023911212614,1.8146626890547986,0.6825940557448624,-0.43747869117660687,-0.10557465085124396,-0.29165037675338235,0.9148580191765522,-0.32522594847258457,1
-0.35297953711749996,1.5653182330947681,0.6970403270815317,-0.7818796209385778,0.14146004199774742,-1.4104580656760408,0.7389100037910102,1.1665136846645443,1
-0.35297953711749996,-1.6936393754900574,-0.9965199903183852,-1.202172219631333,-2.2596145058971633,-0.5094275018907433,0.4895944057294481,0.5772073884863813,0
-0.35297953711749996,-0.6543282497536547,0.8875325214272878,-0.5679706385968171,-0.3951502951409569,-1.003274282342344,0.876166066253184,2.2777213399308205,0
-0.35297953711749996,-0.8014303462712903,0.8967666835703674,0.8194973203194185,-1.7169058992687618,-0.7563549394712972,0.5330325231060944,-0.3922943963754668,0
-1.8746814144945982,1.6650560154787803,0.691261818546864,-0.6441192490337894,-0.3785416165756833,-0.6153885831527893,1.3273724753625316,2.2295286614308667,0
-0.35297953711749996,-1.4457894747440827,0.9403127816765213,-1.265306858279427,-2.002618434026136,-0.5560759307738677,0.5588011727842961,1.0676724978826142,0
-1.7985002940032753,-0.9720350084200249,0.9128648661368497,-0.6109450917316821,-1.3905147641917144,-0.8123580464465758,0.5973327296677282,1.0604521908046414,1
-0.35297953711749996,2.31335160097486,0.6537015130715239,0.25132316834733515,-1.6930084381872152,-0.13436388300337032,0.09319933761853677,0.015886501252115548,1
-0.35297953711749996,1.9144004714388108,0.6768155472101948,-0.2997183192718184,-0.15757894432104658,0.2573007608686333,1.3221022294924998,1.309073268270204,1
-0.35297953711749996,-1.8141897036363797,0.960612243201483,-0.32127118847338454,-1.7379999011242022,-0.33369075223441025,0.9879267365770199,0.032025851685448914,1
-0.35297953711749996,-2.0489832933255387,-0.20715172268139537,1.0100291185595287,-1.0915324773115551,-1.0030478210988425,0.483226673933334,2.836720846940028,0
-0.35297953711749996,-1.3709861379560735,0.9359789002755204,-1.161986579350836,0.08081397059772621,-1.3036571334999838,0.8343831264528184,0.9603283868655861,0
-0.35297953711749996,-1.9139274860203919,0.9663907517361506,-0.45903156037817305,-0.526182921591709,-1.1984901106969303,0.6586271234024164,0.00280061296592804,0
-0.35297953711749996,1.5894220114366748,-0.48055406298724423,1.1650969190875846,-0.3501588322039699,-0.803947413111304,-0.018561332705299027,2.2615819894974876,1
-0.35297953711749996,2.288417155378857,0.6551461402051908,0.21688307537113805,0.40091241782957443,-2.715361785544186,-0.5522122783478589,-0.4078929523478112,0
-0.35297953711749996,-0.7322434645310293,0.8938027476494088,-0.5378194652009891,-1.1497007831899877,-1.0075479945404815,0.48691469497338846,1.6164680843723709,0
-0.35297953711749996,0.999663843502762,0.7328442311782638,0.12269280839582591,-1.7037583808490075,-0.9391442437669384,0.3063959668888235,0.4000272158611479,1
-0.35297953711749996,1.8146626890547986,0.6825940557448624,-0.43747869117660687,-0.001945615850762028,-0.6799232894899517,0.45569475003206444,1.9205499589552053,0
0.34772413987798945,2.388154937762869,0.6493676316705231,0.35464344727592645,1.1512379044315422,-1.5424972529248009,1.1943990184213469,-0.7195780035228843,1
-0.35297953711749996,0.8749916155227468,0.7400673668465985,-0.04950765648515967,-1.4344314197779788,-0.40557072928002086,1.0531882945723257,0.5330330514658099,0
-0.35297953711749996,1.7647937978627926,0.6854833100121963,-0.506358877129001,0.7244107686410215,-2.1035833584212895,0.32537892678587443,-0.6640518175354553,1
3.141592653589793,2.014138253822823,0.671037038675527,-0.16195794736703006,0.7709773889774663,-1.300114770709305,1.2278630741323235,0.4133174033602876,1
-0.35297953711749996,1.7897282434587956,0.6840386828785293,-0.47191878415280386,-0.06174207550877009,1.5626128729890736,-1.117522747341247,0.8414929690818933,0
-0.35297953711749996,1.2275914817207494,-1.365316930372087,-2.447508292339682,-1.7248324303285458,-0.6989936264981205,0.535530389858193,1.3845615558860216,0
-0.35297953711749996,-0.020145077785411067,0.22403992737473077,0.3176888344413492,-1.9195480212346998,-0.8495613134665623,0.32373532792950316,-0.5646897319738515,0
-0.35297953711749996,-1.4208550291480797,0.9388681545428543,-1.23086676530323,-2.391471284406699,-1.3722417616681675,-0.5409836735784076,-0.05100641653052729,0
-0.35297953711749996,-1.4707239203400857,0.9417574088101882,-1.2997469512556241,-1.6332077441623822,-0.5777220618905856,0.7531278953830146,0.45657320801704804,0
-0.35297953711749996,2.064007145014829,0.6681477844081932,-0.09307776141463578,0.6507902286853602,-0.4298759890601045,-0.4125824891066284,1.0774309919258784,1
-0.35297953711749996,-2.60176803029343,-0.1649112774565782,0.7929266904980079,-1.369682930976587,-1.0151990552965755,0.36949838984020444,1.3219744549198948,0
-0.35297953711749996,-0.8675836604485379,0.9049323396299962,-0.5741870682228567,-2.0370262511116524,-1.1771695185936635,-0.11873254562050989,-0.3506497568848952,0
-0.35297953711749996,2.7372371761069116,0.6291428517991862,0.8368047489426857,-1.2458052127574208,-1.2254215769311008,-0.7977652540644173,0.8317972383396178,1
-0.35297953711749996,1.41571155951875,0.7057080898835333,-0.9885201787957604,-1.5970515969013774,-0.7988727173928163,0.5236509897976915,0.3861456693642908,0
-0.35297953711749996,-1.4457894747440827,0.9403127816765213,-1.265306858279427,-1.6229786047298713,-0.7861531231392055,0.5258016327846707,0.3358034046669057,0
-0.35297953711749996,1.7149249066707863,0.6883725642795302,-0.5752390630813952,-1.6908584815762406,-1.440132788481033,-1.2147062396570263,-1.192626348228234,0
-0.35297953711749996,-1.4077880215107854,1.0525170138996562,-0.036705832123577004,-1.2548654698361474,-1.0437950748366536,0.40482414462862754,1.138995051926547,0
-0.35297953711749996,-1.6492014965353934,0.9458840061150429,-0.35146584087128296,-2.3491533468224084,-0.7764469963805468,0.13515675377292694,0.6647997536120358,0
-0.35297953711749996,-1.3749225949793602,0.9299931076447067,0.027375181866885256,-0.46753239763642984,-1.3692881447643286,0.4293971025756092,2.033604185563881,0
-0.35297953711749996,-0.040520021924613805,0.8468009959348429,0.021756382576832323,0.22913421851378635,-1.1550225858953518,-0.0689153860039256,1.1448217156324683,0
-0.35297953711749996,0.8749916155227468,0.7400673668465985,-0.04950765648515967,-0.9508601014519314,-1.1349589151262665,0.4693931487820058,1.0016952894073734,1
-0.35297953711749996,-2.382071585516877,-0.17575890368739477,1.2038898756797447,-2.1821503561734534,-0.4226257030800177,-0.5428372257898142,1.392865672299574,0
-0.35297953711749996,1.6151871242867744,0.6941510728141979,-0.7129994349861837,-0.2507408307726129,-0.8977812440155541,1.0897332848004744,1.7913268668730942,0
-0.35297953711749996,-1.4707239203400857,0.9417574088101882,-1.2997469512556241,-1.0187823202614639,-1.457017741397522,0.023842337909323053,2.31281794041201,0
-0.35297953711749996,1.7897282434587956,0.6840386828785293,-0.47191878415280386,-1.168990519103645,-0.7006825396125317,0.8499135073650194,0.8635912413144363,1
-0.35297953711749996,-1.9139274860203919,0.9663907517361506,-0.45903156037817305,-1.7647060338170317,-2.131848574795719,-1.0474882238630119,-0.6334437790227281,0
-0.35297953711749996,1.365842668326744,0.7085973441508671,-1.0574003647481547,-0.526182921591709,-1.1984901106969303,0.6586271234024164,0.00280061296592804,1
-0.35297953711749996,1.8146626890547986,0.6825940557448624,-0.43747869117660687,-0.546714504785428,-1.333229692957092,0.4358693075837133,1.7864215770782488,1
-0.35297953711749996,1.7897282434587956,0.6840386828785293,-0.47191878415280386,-1.4819471393300843,-0.8716239328129458,0.5135427149248321,0.06392315730625198,0
-0.35297953711749996,1.440646005114753,0.7042634627498663,-0.9540800858195633,-1.65497768832028,-0.5363882623966564,0.7559887132065861,1.441723320538328,0
-0.35297953711749996,1.5653182330947681,0.6970403270815317,-0.7818796209385778,-1.2827525810740015,-0.5570316496640945,0.9501640119817426,0.9159759488329956,1
-0.35297953711749996,-1.5897796932723525,0.9476105989984807,-0.011310351687610687,-1.9298682769760451,-1.0100458510725474,0.09941683676028512,0.5437695913545965,0
-0.35297953711749996,2.1637449273988416,0.6623692758735255,0.0446826104901526,-1.1747924469385196,-0.38859673501694036,0.050213367363434125,1.0221023659763366,0
-0.35297953711749996,-1.1006436934233268,0.9141022091743705,0.40621620460505325,-1.3963343572378948,-0.3086882192019368,1.1856919513046256,0.47436185887031057,0
0.17205023911212614,1.7647937978627926,0.6854833100121963,-0.506358877129001,0.3003041114046885,1.3579222560245534,-1.1484862319130917,0.6370503456456597,1
-0.35297953711749996,2.1637449273988416,0.6623692758735255,0.0446826104901526,-1.9990797077748947,-0.5582205429499517,0.5584935750838861,1.0608505467258147,0
-0.35297953711749996,-0.7041971409456607,0.8904217756946216,-0.6368508245492113,-0.6051858640676602,-1.0928534870900581,0.6674821568425768,2.0909702072274623,0
-0.35297953711749996,1.5403837874987651,0.6984849542151986,-0.8163197139147749,-0.132599597297534,-1.584200186248228,0.39987308063508215,0.9880914798593003,0
-0.35297953711749996,2.039072699418826,0.6695924115418601,-0.12751785439083296,-1.2095143490327072,-0.9782039108184524,0.49187622492535177,1.5003285597474203,0
-0.35297953711749996,-1.09670723640004,0.9200880018051842,-0.7831455566126677,-1.4706892650090826,-0.2840960710093603,0.12739695476676852,1.5391294302823146,0
-0.35297953711749996,2.375054066126168,2.2824014788872917,1.017639712864489,0.8890431993497969,-1.782318650357361,0.021485288713313733,-0.6809353566744623,1
-0.35297953711749996,-1.2557742733196693,0.92539897628932,-1.2260546346385173,-1.690527701252291,-0.7422223925779139,0.5317762395910421,0.5663487630582671,0
-0.35297953711749996,1.7897282434587956,0.6840386828785293,-0.47191878415280386,-1.690527701252291,-0.7422223925779139,0.5317762395910421,0.5663487630582671,0
-0.35297953711749996,1.3238116362508014,0.7140640784405938,0.5704140170863881,-2.1173548370428117,-1.3033084980744023,-0.3372438520444302,0.6218749490456958,0
-0.35297953711749996,-1.2961828011680643,0.9316450188745197,-1.0586663004222445,-1.800590349576444,-0.6990181423474211,0.540534511178745,-0.009063906346282402,0
-0.35297953711749996,-1.3709861379560735,0.9359789002755204,-1.161986579350836,-1.716454709080785,-0.7295027983243031,0.5339268825780212,0.5160064983608821,0
-0.35297953711749996,0.8500571699267438,0.7415119939802653,-0.08394774946135672,-0.5426839876256029,0.029890756807054553,-0.5373885040203167,1.222713845416664,0
-0.35297953711749996,-0.7580085773811291,-0.2809023881520333,1.340276888872779,-1.780474000156929,-0.29679141881062965,0.24897482422971434,0.03074670685191727,0
-0.35297953711749996,-1.677155271393338,0.9505240369027358,-0.21742769846044968,-1.964644148616179,-0.811155656171679,0.32803641805706496,-0.10653260251795593,0
-0.35297953711749996,-1.7957023803422218,-0.2156122013872508,0.1650682871037788,-1.800590349576444,-0.6990181423474211,0.540534511178745,-0.009063906346282402,0
-0.35297953711749996,1.6899904610747833,0.6898171914131971,-0.6096791560575923,-1.3264906938231364,-0.7281951306221025,0.7276857434130491,1.052123262906527,0
-0.35297953711749996,1.6650560154787803,0.691261818546864,-0.6441192490337894,-1.081316342587606,-0.44524705983184276,0.04208811757008357,0.8418992722823603,0
-0.35297953711749996,1.9393349170348138,0.6753709200765278,-0.2652782262956213,0.08081397059772621,-1.3036571334999838,0.8343831264528184,0.9603283868655861,0
-0.35297953711749996,1.8395971346508015,0.6811494286111955,-0.4030385982004097,-0.7978196480068271,-0.5843283973760997,0.018572092039291,1.3923625472513468,0
-0.35297953711749996,-1.0283449336937005,0.9092019284322916,-1.0845720332397735,-1.8104651647966377,-1.0794157701410605,0.08914094397995542,0.41390876235800506,0
-0.35297953711749996,-1.0782138248857065,0.9120911826996254,-1.1534522191921677,0.08081397059772621,-1.3036571334999838,0.8343831264528184,0.9603283868655861,0
-0.35297953711749996,-2.2708870049684067,-0.1880318813121955,1.038083635657281,-2.1648270369147227,-0.8947768577308987,0.11890664494154743,0.08755203767287756,0
-0.1904803052572922,-1.1892268761381948,0.9242788917087443,0.572200239859999,-1.4261121280388442,-0.4814303312207916,0.21920912326812234,0.3571034315370448,0
-0.35297953711749996,-1.8576175607467165,0.9700536894407087,0.014595381129918428,-1.7545517716208692,-0.8263853084023872,0.4014232258457213,0.5746776909563814,0
-0.35297953711749996,1.9393349170348138,0.6753709200765278,-0.2652782262956213,0.46516700735551963,-0.7056716945797148,0.9644513057409854,0.9035230560446259,1
-0.35297953711749996,1.7897282434587956,0.6840386828785293,-0.47191878415280386,-1.1160382446817936,-1.0348542356333548,0.4837509751320012,1.320125466053444,1
-0.35297953711749996,-1.4247914861713662,0.9328823619120405,-0.041505004085509,-0.608563863036217,-1.2838173350905882,0.4416560204354478,2.305484432924535,0
-0.35297953711749996,0.9628541609026305,-0.9795249011937455,-1.1747428773216129,-2.2773684711485487,-0.41669180348530066,0.581749769379553,0.6881645086434314,0
-0.35297953711749996,1.5154493419027621,0.6999295813488655,-0.850759806890972,-1.5882838593021185,-0.7597538840977508,0.5244180960913901,1.858489575386713,0
-0.35297953711749996,-0.8913105014506587,0.8991137221335443,-0.9807285432268388,1.0445311204839118,-1.682768779298923,0.9771439955124788,-0.7056964570260269,0
-0.35297953711749996,-1.8640585948283859,0.9635014974688167,-0.3901513744257788,-1.4318734536715154,-0.8989773968857281,0.5092931634476962,0.0677154927182203,0
-0.35297953711749996,-1.0782138248857065,0.9120911826996254,-1.1534522191921677,-1.0177585461836212,-1.1499478901768643,0.47329693649906507,-0.7306146045007282,0
-0.35297953711749996,-1.963796377212398,0.9692800060034845,-0.5279117463305671,-1.455048358134691,-1.127416276395873,0.19569437151311003,1.3330796921173806,0
-0.09794310827539326,1.6401215698827774,0.692706445680531,-0.6785593420099865,-1.4331974777707666,-0.8684666569962246,0.510430720504181,1.0660048094033843,1
-0.35297953711749996,2.088941590610832,0.6667031572745262,-0.05863766843843882,-0.45845807418602047,-0.18566982768687057,1.043367670285941,1.35169656686372,0
-0.35297953711749996,2.263482709782854,0.6565907673388578,0.182442982394941,-0.9019930455861661,1.0117283098499803,-2.1783557099156217,0.31535064667670026,0
-0.35297953711749996,2.338286046570863,0.652256885937857,0.28576326132353225,-1.782329873914613,-0.6641478348619032,0.5405282563702811,1.4954050413484419,0
-0.35297953711749996,-1.2785200569078274,-0.252501563166148,0.4835634840482207,-1.6229786047298713,-0.7861531231392055,0.5258016327846707,0.3358034046669057,0
-0.35297953711749996,-2.163923801683964,-0.29456492657217426,1.181890061602703,-0.6326415047769649,-0.6844330768690113,0.004214265689295671,1.0739323706052766,0
-0.35297953711749996,1.2820408011256392,1.5703679185704955,1.0045411736085204,-1.9385133055337938,-1.2477416017900071,-0.17156508351068633,0.4305666181542337,1
-0.35297953711749996,-0.21506114109663504,0.8569133858705115,-0.21932426825654727,0.8642037965806204,-0.1493329363118603,0.021927556711107854,1.0496678989321642,1
-0.1904803052572922,-1.0537941314932622,0.9144083585610626,0.6435746259444776,-2.023878732691898,-1.3599588228893047,-0.3453691018377808,0.44167185535171943,0
-0.35297953711749996,1.5403837874987651,0.6984849542151986,-0.8163197139147749,-0.608563863036217,-1.2838173350905882,0.4416560204354478,2.305484432924535,0
-0.35297953711749996,1.2910393315387347,0.7129312255518679,-1.160720643676746,-1.7399145281100123,-0.7179935882647077,0.5358728724741465,0.4704547545139052,0
-0.35297953711749996,2.088941590610832,0.6667031572745262,-0.05863766843843882,-0.4433857198063549,-1.3839220145835,0.4272981940854524,1.9870542562784643,1
-0.35297953711749996,-1.054503058123745,0.30870762728445617,-1.467449423720775,-1.0177585461836212,-1.1499478901768643,0.47329693649906507,-0.7306146045007282,0
-0.35297953711749996,-1.2382158539092145,1.7821703504697537,-0.4867787719953235,-0.9128942376293327,-0.3640308763146386,1.3713255623463028,0.8302755297219792,0
0.17205023911212614,1.3736805274428074,0.71117482417326,0.6392942030387823,-0.5311004985245971,-0.9097246241036611,0.1453394036992291,2.4566452887912655,1
-0.35297953711749996,-1.009891963558013,0.909767573653318,0.5776584268167875,-1.2121827562570953,-0.9876864642870046,0.49172615379217477,1.1334424333278044,0
-0.08431414044195645,2.039072699418826,0.6695924115418601,-0.12751785439083296,0.34752825215550254,-1.6702370282052632,0.58466911890398,0.2543293636506436,1
-0.35297953711749996,-1.146576127592046,0.9229772560725181,-0.8520257425650618,-0.132599597297534,-1.584200186248228,0.39987308063508215,0.9880914798593003,0
-0.35297953711749996,1.8395971346508015,0.6811494286111955,-0.4030385982004097,-0.4164916519304829,-1.0313285876171685,0.8327150616714105,2.280497649230192,1
0.20025171870592995,0.4668684976743311,1.7481296048481971,1.304217615422242,-1.2153252039065967,-1.7504742510442521,-1.344594219075676,-0.18085786490527,1
-0.35297953711749996,1.98920380822682,0.672481665809194,-0.1963980403432271,0.45423503610313265,-1.529965501831141,0.8019241418128482,0.2404478171537865,1
-0.35297953711749996,-0.8972316716320158,0.9085309847358489,-0.5076248128030909,-1.9685808094692967,-0.5794125123504895,0.5557492961683332,0.9112772685732171,0
-0.35297953711749996,-1.4457894747440827,0.9403127816765213,-1.265306858279427,-2.1648270369147227,-0.8947768577308987,0.11890664494154743,0.08755203767287756,0
-0.35297953711749996,-0.978990794705253,0.9100744771600617,0.7468949048730689,-0.7118926480152903,-1.2331250134641802,0.4502271339337087,2.1048517537243194,0
-0.35297953711749996,-1.1530171616737157,0.9164250641006262,-1.256772498120759,-0.5426839876256029,0.029890756807054553,-0.5373885040203167,1.222713845416664,0
-0.35297953711749996,-1.5774174890093258,0.944745528368068,-0.07966732655566136,0.24082146820787242,-1.8105085545793853,0.36741409599511193,0.26821091014750087,0
-0.35297953711749996,1.9025252344346824,-1.0369982122954815,-1.5627139120130602,-1.6987158010694152,-0.7075517433546644,0.5335104446378927,1.5778706346118594,0
-0.35297953711749996,-1.4031922848878426,-0.24527842749781348,0.3113630191672352,-1.9990797077748947,-0.5582205429499517,0.5584935750838861,1.0608505467258147,0
-1.3036430995512363,1.7897282434587956,0.6840386828785293,-0.47191878415280386,-1.4331974777707666,-0.8684666569962246,0.510430720504181,1.0660048094033843,0
-0.35297953711749996,-0.853803814521679,0.8990895384966231,-0.8434913824063939,-0.029270812318460737,-1.6348925078746361,0.39130196713682125,1.188724159059516,0
-0.35297953711749996,-1.250250366999345,0.922769971976372,0.19957564674787065,-1.1642736693471916,-1.4155019678745107,0.03488310296426955,1.029458382401088,0
-0.35297953711749996,-1.0283449336937005,0.9092019284322916,-1.0845720332397735,-1.2311721140788814,-1.4304909429251085,0.038786890681328845,-0.702851511507014,0
-0.35297953711749996,1.365842668326744,0.7085973441508671,-1.0574003647481547,-1.4331974777707666,-0.8684666569962246,0.510430720504181,1.0660048094033843,0
-0.35297953711749996,-2.2887748372145342,-0.18808960419395437,0.9369034920288357,-1.3204316375061957,-1.2319824367390768,0.1393066583191995,1.6386785587673425,0
-0.35297953711749996,-1.2807087189156723,0.9268436034229868,-1.2604947276147143,-1.3397213734198532,-0.925116981811127,0.5023054707108304,0.8858017157094078,0
-0.35297953711749996,1.1527881449327402,-1.360983048971086,-2.550828571268273,-0.7502740605059339,0.029271111798157,1.9008628671209369,0.9771629118234982,0
-0.09794310827539326,1.5383139966140635,0.8796556029328404,-0.7148965099582938,-0.8529664855289787,0.49030671724618835,-0.14988045270043732,0.26652357433253915,1
-1.4214357564453828,-1.4900419108883403,0.9418320904638129,0.12645002021717772,0.24082146820787242,-1.8105085545793853,0.36741409599511193,0.26821091014750087,0
-0.1997060680983879,1.5902526786907711,0.6955956999478647,-0.7474395279623807,-0.27521283159661025,-0.6660809047791973,1.3188013618642709,2.4301613406310825,0
-0.35297953711749996,-0.853803814521679,0.8990895384966231,-0.8434913824063939,-1.5860524374910567,-0.6307172829163465,0.7481886375248057,-0.45272587215774074,0
-0.35297953711749996,-1.3031385874532926,0.9288546298977318,0.2991736961825068,0.038131257018674036,-1.3597657440496325,0.747481117289271,0.965881005464329,1
-1.5360275259239273,1.5154493419027621,0.6999295813488655,-0.850759806890972,-1.4331974777707666,-0.8684666569962246,0.510430720504181,1.0660048094033843,1
-0.35297953711749996,-2.076937068183484,-0.20251169189370244,1.144067260970362,-1.6927592214386866,-0.7709888092904686,0.5309336146159376,-0.4388443256608836,0
-0.35297953711749996,-0.5835521970535797,0.8815055863876867,-0.566388544403008,-0.632889705539339,-1.3387616370710522,0.44137210049354825,0.016682159462785173,0
-0.35297953711749996,-2.3045424578483584,-1.0898818477961083,-2.025062182344641,-2.965808560923099,-1.1582096669682311,-0.627359775240773,0.5698826616215995,0
-0.35297953711749996,-1.4707239203400857,0.9417574088101882,-1.2997469512556241,-2.0007732378749874,-0.7826393439066408,0.3314047380632274,0.1850207338445512,0
-0.024975711259454803,2.460888483666176,0.826204398987164,0.5593869301609985,-2.1420520582088605,-1.1478870267446117,-0.15468156212963297,0.03535704244366056,1
-0.35297953711749996,-0.803934923329673,0.8962002842292893,-0.7746111964539997,-1.467239318136837,-0.08128171203603007,1.4176798526075678,0.11561300136026531,0
-0.35297953711749996,-1.9074864519387225,0.9729429437080426,-0.05428480482247583,-1.0177585461836212,-1.1499478901768643,0.47329693649906507,-0.7306146045007282,0
-0.35297953711749996,1.8894660258428078,0.6782601743438617,-0.3341584122480155,0.08081397059772621,-1.3036571334999838,0.8343831264528184,0.9603283868655861,0
-0.35297953711749996,-0.23999558669263804,0.8583580130041784,-0.2537643612327444,-1.716454709080785,-0.7295027983243031,0.5339268825780212,0.5160064983608821,0
-0.35297953711749996,-1.8640585948283859,0.9635014974688167,-0.3901513744257788,-0.9692473188139642,-1.3324305867372352,0.33212538928201546,-1.948726064693517,0
-0.35297953711749996,1.365842668326744,0.7085973441508671,-1.0574003647481547,-1.5030411411855247,-0.44895974557605883,0.9684369283957576,0.48824340536716776,0
-1.6166898887970926,-0.9286071513096883,0.9034234198976239,-0.9468116613349852,-1.5399042617183967,-1.0087381833703468,0.2931756975953129,1.0798863559002414,0
-0.09794310827539326,1.7398593522667893,0.6869279371458632,-0.5407989701051981,-1.2197839098755063,-0.5879236042479804,0.9449407663219173,1.0382417164096698,1
-0.21641029021218988,1.6401215698827774,0.692706445680531,-0.6785593420099865,0.046289808814635736,-0.29927555724879573,0.9045626221997961,2.2112170426075615,0
-0.35297953711749996,-1.0543628094554751,1.8971387822586645,1.2088056980520645,-1.690527701252291,-0.7422223925779139,0.5317762395910421,0.5663487630582671,0
-0.35297953711749996,-1.3460516923600705,0.9345342731418536,-1.1275464863746385,-0.7020399673871305,-1.2271670102756858,0.4497812702287984,2.485687526618511,0
-0.35297953711749996,-1.2712483555720613,0.9302003917408528,-1.0242262074460473,0.7080659059715511,0.6789279088946083,-1.6377478352311052,-1.2698536427718614,0
-0.35297953711749996,-0.5811860721539225,1.910299148911543,1.760392841189046,-2.6775971765451656,-1.3766524232383857,-0.7417094203178594,1.217929715997303,0
-0.35297953711749996,-1.0541100465438002,-0.26550320736915045,0.7935243208339946,-1.7378394739690526,-0.6911108285121226,0.536661004782574,1.4096365150973373,0
-0.35297953711749996,2.039072699418826,0.6695924115418601,-0.12751785439083296,-1.4331974777707666,-0.8684666569962246,0.510430720504181,1.0660048094033843,0
-0.35297953711749996,1.7398593522667893,0.6869279371458632,-0.5407989701051981,-2.081376236742429,-1.1668624726618986,-0.15934320083423137,0.5148757033038482,0
-0.35297953711749996,-1.4527452610293108,0.9375223926997334,0.09253313832532417,-1.690527701252291,-0.7422223925779139,0.5317762395910421,0.5663487630582671,0
-0.35297953711749996,-1.5026141522213168,0.9404116469670672,0.023652952372929914,-1.3397213734198532,-0.925116981811127,0.5023054707108304,0.8858017157094078,0
-0.35297953711749996,-1.3709861379560735,0.9359789002755204,-1.161986579350836,-0.029270812318460737,-1.6348925078746361,0.39130196713682125,1.188724159059516,0
-0.35297953711749996,2.413089383358872,0.6479230045368563,0.38908354025212344,0.14534965345675777,-1.9988313093569778,-0.9162905990097456,0.4856285710056005,1
-0.35297953711749996,-1.3211172467640675,0.9330896460081867,-1.0931063933984415,-1.436158596524684,-1.455668814755721,-0.16801409359460306,1.3617701055440155,0
-0.35297953711749996,1.98920380822682,0.672481665809194,-0.1963980403432271,-1.716454709080785,-0.7295027983243031,0.5339268825780212,0.5160064983608821,0
-0.35297953711749996,2.2938215033256895,1.446438496523852,0.4212283904858034,0.09765685058718132,-1.1894611403706414,-0.06141457049088944,-2.4266603453225315,1
-0.35297953711749996,-1.7208990435542126,-0.21994608278825156,0.26838856603237016,-1.4331974777707666,-0.8684666569962246,0.510430720504181,1.0660048094033843,0
-0.35297953711749996,-2.331372027070774,0.9975016049803802,-0.6397663854178265,-2.015110995092639,-1.3208399895942393,-0.34460199554408233,1.9140157613741418,0
-0.35297953711749996,1.5403837874987651,0.6984849542151986,-0.8163197139147749,-1.233014589472223,-0.7848454554370049,0.7195604936196984,0.8719201692125507,0
-0.35297953711749996,1.2661048859427317,0.7143758526855348,-1.1951607366529429,-1.4331974777707666,-0.8684666569962246,0.510430720504181,1.0660048094033843,0
-0.35297953711749996,-0.8134878354007079,0.8915844370785178,-1.0458864996852777,-1.3056588606080088,-0.9310361394721022,0.4998514035855254,1.3136455270217806,0
-0.35297953711749996,2.1388104818028384,0.6638139030071923,0.010242517513955385,-1.3397213734198532,-0.925116981811127,0.5023054707108304,0.8858017157094078,0
-0.35297953711749996,1.6392909026286808,-0.483443317254578,1.2339771050399788,-1.6930084381872152,-0.13436388300337032,0.09319933761853677,0.015886501252115548,0
-0.35297953711749996,-1.0507748022313206,0.9112129549070366,0.47509639055744757,-1.2014036718398977,-1.1470714567326525,0.3099469568049067,1.3312307032509296,0
-0.35297953711749996,-1.3460516923600705,0.9345342731418536,-1.1275464863746385,-1.4331974777707666,-0.8684666569962246,0.510430720504181,1.0660048094033843,0
-0.35297953711749996,1.3705626103234319,-0.63638254935326,-1.825408427973725,-0.3951502951409569,-1.003274282342344,0.876166066253184,2.2777213399308205,1
-0.35297953711749996,1.7647937978627926,0.6854833100121963,-0.506358877129001,1.0293824198097132,-0.8202448487300207,0.7676457209915766,0.36941495993324003,1
-0.35297953711749996,-1.8640585948283859,0.9635014974688167,-0.3901513744257788,0.12580543353471296,-1.1043302642689439,-0.06034427250566465,0.9441890364322528,0
-0.35297953711749996,2.2385482641868504,0.6580353944725247,0.1480028894187439,-1.4331974777707666,-0.8684666569962246,0.510430720504181,1.0660048094033843,0
-0.35297953711749996,2.029225708405666,-0.6333982711540649,-1.1510173970085646,-1.023697339845187,0.26587227504759303,-0.4974884893546262,0.2887340487275107,0
-0.35297953711749996,-0.658355533841589,0.8858394677886875,-0.6697088233315993,-0.13597759626609085,-1.7751640342487582,0.17404694422795317,1.202605705556373,0
-0.35297953711749996,-1.963796377212398,0.9692800060034845,-0.5279117463305671,-1.690527701252291,-0.7422223925779139,0.5317762395910421,0.5663487630582671,0
0.17205023911212614,1.049532734694768,0.7299549769109299,0.19157299434822,-0.100640240424544,-2.2593774389765757,-0.327801977313266,0.3126318589374438,1
-0.3489956849815723,-1.4527452610293108,0.9375223926997334,0.09253313832532417,-1.4903448129537473,-0.6586011910186942,0.7409060127065596,0.37226412286743354,0
-0.35297953711749996,-0.5795249129656456,0.883198640026287,-0.46465035966822577,-1.7361084340843194,-0.6101838364883384,0.6271226678334183,1.4830304715928995,0
-0.35297953711749996,2.288417155378857,0.6551461402051908,0.21688307537113805,-0.4248496840573778,-1.3131795342146797,0.5162991117391564,2.0280515669651384,0
-0.35297953711749996,-1.3280730330492956,0.9302992570313988,0.26473360320630956,-1.6397343104804296,-0.8549813279424652,0.43674898063414436,0.39169828796303363,0
-0.35297953711749996,-0.853803814521679,0.8990895384966231,-0.8434913824063939,-0.029270812318460737,-1.6348925078746361,0.39130196713682125,1.188724159059516,0
-0.35297953711749996,1.5653182330947681,0.6970403270815317,-0.7818796209385778,-0.7545753615943422,-1.2892336240138291,0.36332512477016143,2.110404372323062,1
-0.35297953711749996,-0.5344467004005894,1.7097306113258064,0.44589152192054116,-0.9508601014519314,-1.1349589151262665,0.4693931487820058,1.0016952894073734,1
-0.35297953711749996,-0.5770203359072628,0.8837650393673651,1.1294581571051925,-2.1221443233356707,-0.8386682471812499,0.20580865410509466,0.08199941907413477,0
-0.35297953711749996,-2.0295389037607596,-1.8562277681086918,-1.1106818272753496,-2.023878732691898,-1.3599588228893047,-0.3453691018377808,0.44167185535171943,0
-1.4668883577469283,1.9393349170348138,0.6753709200765278,-0.2652782262956213,-0.18707406564590623,-0.21144716215476544,-0.5691880617401138,-0.3283701787923914,0
-0.35297953711749996,-1.3709861379560735,0.9359789002755204,-1.161986579350836,-1.2786443139507926,-1.0219593025816047,0.49493738766730655,-1.237174422879832,0
-0.35297953711749996,1.9642693626308168,0.6739262929428609,-0.2308381333194242,0.046289808814635736,-0.29927555724879573,0.9045626221997961,2.2112170426075615,0
-0.35297953711749996,1.465580450710756,0.7028188356161994,-0.9196399928433662,-1.4331974777707666,-0.8684666569962246,0.510430720504181,1.0660048094033843,0
-0.35297953711749996,2.039072699418826,0.6695924115418601,-0.12751785439083296,-1.4152191064886361,-0.8466330808989213,0.5099944191071002,2.1283339095808462,0
-0.35297953711749996,-1.3779419242413016,0.9331885112987326,0.19585341725391536,0.6059332829877497,-1.1903671062259789,0.12445176576323316,0.210426920223596,0
-0.35297953711749996,1.6151871242867744,0.6941510728141979,-0.7129994349861837,-1.690527701252291,-0.7422223925779139,0.5317762395910421,0.5663487630582671,0
-0.35297953711749996,1.6401215698827774,0.692706445680531,-0.6785593420099865,-0.4194761376440789,-1.0582185843228082,0.8758821463112845,-0.011080933530929094,1
-0.35297953711749996,1.9642693626308168,0.6739262929428609,-0.2308381333194242,-0.8642187566524161,-0.22703741437855374,0.5282479595321373,1.2471412296985216,0
-0.35297953711749996,-0.8792530123212406,0.9042959686253941,0.8846552767778575,-1.0470420773659945,-1.0300108147490619,0.4793594223456269,2.7509523206889233,0
-0.35297953711749996,1.7149249066707863,0.6883725642795302,-0.5752390630813952,-0.5040317912063761,-1.2771210824074433,0.5227713167472605,1.7808689584795059,0
-0.35297953711749996,-1.18097093653166,0.9210650948883192,-1.1227343557099259,-1.126307805524593,-0.6445739290628828,0.9368155165285666,0.8580386227156935,0
-0.35297953711749996,-0.6896462746747896,-0.291788461524926,1.038850412245673,-1.716454709080785,-0.7295027983243031,0.5339268825780212,0.5160064983608821,0
-0.35297953711749996,1.8395971346508015,0.6811494286111955,-0.4030385982004097,-1.5457238547645766,-0.5050683561257077,0.8815349192322103,0.4937960239659106,0
-0.35297953711749996,-2.2556184687226253,-1.0919215817139218,-1.8895596718124859,-1.7399145281100123,-0.7179935882647077,0.5358728724741465,0.4704547545139052,0
-0.23192634589948713,1.6899904610747833,0.6898171914131971,-0.6096791560575923,-1.6229786047298713,-0.7861531231392055,0.5258016327846707,0.3358034046669057,0
-0.35297953711749996,2.014138253822823,0.671037038675527,-0.16195794736703006,-0.541723366532515,-0.24767673407820656,0.5399841470205744,1.3590468356588898,1
-0.35297953711749996,-2.152117342311278,0.9852351970725262,-0.4996880829804097,-1.681692605626668,-1.604881180333142,-0.46419594700684486,1.1945212379139758,0
0.17205023911212614,2.2136138185908476,0.6594800216061916,0.11356279644254674,-0.27521283159661025,-0.6660809047791973,1.3188013618642709,2.4301613406310825,1
-0.35297953711749996,1.98920380822682,0.672481665809194,-0.1963980403432271,-1.7447144661853153,-0.3024958716758429,0.9894439670143251,0.9541408786377953,0
-1.4809722623755763,-1.3460516923600705,0.9345342731418536,-1.1275464863746385,-1.2121827562570953,-0.9876864642870046,0.49172615379217477,1.1334424333278044,0
-0.35297953711749996,1.6899904610747833,0.6898171914131971,-0.6096791560575923,-1.2400698674949495,-0.5009230391144457,1.0370660211452898,0.9104233302342527,0
-0.35297953711749996,1.8395971346508015,0.6811494286111955,-0.4030385982004097,-1.716454709080785,-0.7295027983243031,0.5339268825780212,0.5160064983608821,0
-0.35297953711749996,-1.4028763698373046,0.9346331384323996,0.16141332427771837,-1.6265036308837129,-0.6580594767534407,0.662129253336363,0.5580198351601529,0
-0.35297953711749996,1.8723694393628687,0.6822822814999214,1.3280960625627243,-1.3977526763905666,-0.9283950462491644,-0.5580271550122031,1.3165489621828073,0
-0.19865768595735428,-1.3959205835520765,0.9374235274091874,-1.196426672327033,-2.639564703813494,-2.0267920520622047,1.8763863544856214,0.2977976917706844,0
-0.35297953711749996,2.064007145014829,0.6681477844081932,-0.09307776141463578,-1.5970515969013774,-0.7988727173928163,0.5236509897976915,0.3861456693642908,0
-0.35297953711749996,-0.803934923329673,0.8962002842292893,-0.7746111964539997,-1.7193612027161178,-0.6950397894457893,0.5353050107104558,1.6176708089251162,0
-0.35297953711749996,1.7149249066707863,0.6883725642795302,-0.5752390630813952,0.7709773889774663,-1.300114770709305,1.2278630741323235,0.4133174033602876,1
-0.35297953711749996,-1.316026743836807,-0.2524773795292269,0.3463263232277759,-1.4261121280388442,-0.4814303312207916,0.21920912326812234,0.3571034315370448,0
-0.35297953711749996,0.8251227243307406,0.7429566211139323,-0.11838784243755385,-1.1171734441961003,0.32252259986249543,-0.4893632395612756,0.468937142421487,1
-0.35297953711749996,1.5644875658406718,-0.47910943585357724,1.1306568261113874,0.2792101095492481,1.7805864432614404,-0.6935920184421662,1.0613705937065754,0
-0.35297953711749996,1.6899904610747833,0.6898171914131971,-0.6096791560575923,-1.043685554012115,-1.1372282959232534,0.4754475794860442,-0.780956869198113,1
-0.35297953711749996,-1.5205928115320917,0.9446466630775221,-1.3686271372080183,-2.08086610534595,-1.4859298974424968,-0.5654166723402475,1.8489507327766939,0
-0.35297953711749996,-1.883382673596816,-0.2046514463607334,1.8926917352036865,-1.3640097411088967,-1.1341765236809023,0.321133369340212,-1.2260691856823462,0
-0.35297953711749996,1.0705185959172987,-1.7951967866843659,-0.32615309663812486,-1.5970515969013774,-0.7988727173928163,0.5236509897976915,0.3861456693642908,1
-0.11363389431952942,-1.3460516923600705,0.9345342731418536,-1.1275464863746385,1.4112180926632467,-0.45848561246457226,2.531393211585532,0.3300281243791446,0
-1.4214357564453828,-1.121641681996043,0.9215326289388512,-0.8175856495888648,-0.853348070996378,0.0017071042159225724,0.7008408790335536,-0.017831590199398728,0
-0.35297953711749996,1.6899904610747833,0.6898171914131971,-0.6096791560575923,-1.6869978958060154,-0.35344174362553216,0.2408495744363638,-0.14945638684205909,0
-0.35297953711749996,1.465580450710756,0.7028188356161994,-0.9196399928433662,0.07743597162916949,-1.494620981500514,0.6085569900456893,1.1748426125626588,0
-0.23678384981960948,-1.1964450187840523,0.925866510339852,-0.920905928517456,-0.49847908012003017,-0.952581960715936,0.884737179751445,2.077088660730605,0
-0.35297953711749996,-2.013665268404404,0.9721692602708184,-0.5967919322829613,-1.9191939826115751,-0.6036413166636958,0.5516526632852289,1.007171277117579,0
-0.35297953711749996,1.3736805274428074,0.71117482417326,0.6392942030387823,0.557563821082206,-1.5806578234575492,0.7933530283145873,0.441080496354002,1
-0.35297953711749996,-1.3676420229640114,1.1597051780523622,-1.0283935870906307,-1.9171719487442678,-1.2196872965151826,-0.1281140789289127,0.4277903088548623,0
-0.35297953711749996,1.2588200974750572,-0.8044007543380538,1.266526240495424,-1.2269555331552824,-1.2886327615539792,0.13118140852584892,1.458475465073366,0
-0.35297953711749996,1.7647937978627926,0.6854833100121963,-0.506358877129001,-1.5162718207822414,-0.6458815967650834,0.7430566556935387,0.32192185817004854,0
-0.35297953711749996,-1.7119064367621362,-0.22273722588509104,1.6943505059202641,-1.2845831076123582,0.39386086264285236,-0.47584803818638477,-0.21782576965159328,0
-0.35297953711749996,2.1681389264609314,2.473868857431887,1.0942903945540348,0.7181037304872635,-2.0997610365293857,0.325927155242883,-0.6518931188472163,1
-0.21095870307881517,1.98920380822682,0.672481665809194,-0.1963980403432271,-0.5475242783812349,-1.2265444159717547,0.6151761188206427,0.005576922265299489,0
-0.35297953711749996,1.1243360714827773,0.7256210955099291,0.29489327327681136,-2.4968118044643575,-0.8919001412805336,-0.07853861524864403,0.757627875203198,0
-0.35297953711749996,-1.4707239203400857,0.9417574088101882,-1.2997469512556241,-1.538829454367674,-0.40262399697275175,-0.14569613645857277,0.5363278661280767,0
-0.35297953711749996,2.31335160097486,0.6537015130715239,0.25132316834733515,0.08081397059772621,-1.3036571334999838,0.8343831264528184,0.9603283868655861,1
-0.35297953711749996,2.064007145014829,0.6681477844081932,-0.09307776141463578,-1.6618637591300507,-0.7298855810820065,0.5303071441983677,1.5068273234626959,0
-0.35297953711749996,-1.0782138248857065,0.9120911826996254,-1.1534522191921677,-1.0711512908573082,-1.073157273960745,0.4794672359323362,0.8615621859671505,0
-0.35297953711749996,-1.8141897036363797,0.960612243201483,-0.32127118847338454,-0.33140019702772183,-1.7218306193994124,-0.8752605008715144,1.0048764615171843,0
-0.35297953711749996,-1.1126490752039666,0.9187414858420115,0.6083762902990293,-1.2238802281437304,0.18225107348837355,-0.7066182624701438,0.4828186889183442,0
-0.35297953711749996,0.7004504963507256,0.7501797567822669,-0.29058830731853935,-0.7152706469838471,-1.4240888614647105,0.22440099752657972,2.3193659794213923,0
-0.35297953711749996,-1.3460516923600705,0.9345342731418536,-1.1275464863746385,-1.690527701252291,-0.7422223925779139,0.5317762395910421,0.5663487630582671,0
-0.35297953711749996,1.843991133712892,2.4926490101695564,0.6465691858634726,0.40093432244061655,-0.8828425543776174,1.4861481951794226,0.9186837473750145,0
-0.35297953711749996,0.13954672523050843,0.8396113995113459,0.4323741519067078,1.1287710220482756,0.5156439693624182,-1.671161546526343,0.9919754117317394,0
-0.35297953711749996,2.088941590610832,0.6667031572745262,-0.05863766843843882,-0.6750628955439928,-1.163974933495877,0.6257554357392984,-0.24206379535309697,1
-0.35297953711749996,-0.8134878354007079,0.8915844370785178,-1.0458864996852777,-1.4331974777707666,-0.8684666569962246,0.510430720504181,1.0660048094033843,0
-0.35297953711749996,1.9144004714388108,0.6768155472101948,-0.2997183192718184,-1.5970515969013774,-0.7988727173928163,0.5236509897976915,0.3861456693642908,0
-0.35297953711749996,-1.2782041418572896,0.9274100027640649,0.33361378915870377,-1.583820917304661,-0.6019508662037918,0.7490312624999103,0.55246721656141,0
-0.35297953711749996,1.9144004714388108,0.6768155472101948,-0.2997183192718184,-0.9987691883618351,-0.7071434115387604,0.926236199609911,1.1056793403340899,0
-0.35297953711749996,-1.777723721031447,-0.21984721749770553,1.557348376684727,-1.690527701252291,-0.7422223925779139,0.5317762395910421,0.5663487630582671,0
-0.35297953711749996,-1.2037167201198185,-0.2568354445671489,0.5868837629768121,-0.21852659728907076,-0.9354035701601474,-0.03178196125933547,0.27560227338632803,0
-0.35297953711749996,2.1388104818028384,0.6638139030071923,0.010242517513955385,-0.4194761376440789,-1.0582185843228082,0.8758821463112845,-0.011080933530929094,1
-0.35297953711749996,2.540143013707996,1.0542989067256483,0.8028785339116804,0.7181037304872635,-2.0997610365293857,0.325927155242883,-0.6518931188472163,1
-0.35297953711749996,1.4905148963067592,0.7013742084825325,-0.8851998998671691,0.5526325693252336,-0.5432441587724554,0.8086758191298078,0.8886628504448241,0
-1.6339746808413427,-1.4707239203400857,0.9417574088101882,-1.2997469512556241,-1.690527701252291,-0.7422223925779139,0.5317762395910421,0.5663487630582671,0
-0.35297953711749996,-1.3483017121032435,-0.899317379803265,-2.293425271110548,-1.716454709080785,-0.7295027983243031,0.5339268825780212,0.5160064983608821,0
-0.35297953711749996,1.8146626890547986,0.6825940557448624,-0.43747869117660687,0.9344682421787669,-0.18148492250700676,2.572423309723763,0.8492760148907287,0
-0.35297953711749996,-0.3646678146726533,0.865581148672513,-0.4259648261137299,-0.8986081588625332,-0.05205415471725483,1.7322820944536674,0.8660023814443097,0
-0.35297953711749996,-0.7571779101270325,0.8952473747830757,-0.5722595581771862,-1.4331974777707666,-0.8684666569962246,0.510430720504181,1.0660048094033843,0
-0.35297953711749996,-1.4401730196963343,0.9389428361964791,0.19533020616957192,-1.005046317880995,-0.3378912913892396,1.3783132550831685,0.01218930673079166,0
-0.35297953711749996,1.701345948044807,-1.3927648459117585,-1.7931465257919368,-1.9514134690194624,-0.6142338049826545,0.5534166907592836,0.05978894467916318,1
-0.35297953711749996,1.9393349170348138,0.6753709200765278,-0.2652782262956213,-1.609747925133155,-0.589231271950181,0.7511819054868893,0.502124951864025,0
-0.35297953711749996,-2.4663352856484972,-0.1747818106042599,0.8643010765824863,-1.9464153681802783,-0.9858661119023775,-0.6416857185739995,0.5928327112184499,0
-0.35297953711749996,-1.7892552580403767,0.959167616067816,-0.28683109549718744,-0.7020399673871305,-1.2271670102756858,0.4497812702287984,2.485687526618511,0
-0.35297953711749996,1.4398153378606564,-0.4718863001852427,0.9584563612304018,-0.14101420464566106,-2.172267790844834,-1.3963333945988434,0.30759774570159626,1
-0.35297953711749996,-1.9771992857994714,-0.2082902004283701,1.2818276328751503,-0.035209605980026315,-0.21907234265017894,-0.57948345871687,2.208072812287755,1
-0.35297953711749996,1.6401215698827774,0.692706445680531,-0.6785593420099865,-1.1130771259278762,-0.4476520778738583,1.1621957892307853,1.0243601699128126,0
-0.35297953711749996,0.3334966620154318,0.8251315889298391,0.5383577772197887,-0.8463032734345992,-1.6193046898192964,0.006862054675812024,0.04444525245649966,0
-0.35297953711749996,-1.3460516923600705,0.9345342731418536,-1.1275464863746385,-0.029270812318460737,-1.6348925078746361,0.39130196713682125,1.188724159059516,0
-0.35297953711749996,-1.2416003443885837,0.9266017466350002,-1.090788462865813,-1.7873596699797272,-0.5020962911583966,0.7659147838809636,0.15725764085083682,0
-0.35297953711749996,-1.4746603773633722,0.9357716161793743,-0.1103851900379032,-0.7020399673871305,-1.2271670102756858,0.4497812702287984,2.485687526618511,0
-0.35297953711749996,1.6650560154787803,0.691261818546864,-0.6441192490337894,-1.4331974777707666,-0.8684666569962246,0.510430720504181,1.0660048094033843,1
-0.35297953711749996,-1.0782138248857065,0.9120911826996254,-1.1534522191921677,0.4407546597586569,-0.5194551938078187,-0.6212663985172355,0.8906798592225202,0
-0.35297953711749996,-1.7786589771723647,-0.5780103465230373,-1.41629943651564,-1.0078837309634272,-0.7695502623832247,0.9246905036978547,-1.1535872732050159,0
-0.35297953711749996,1.5902526786907711,0.6955956999478647,-0.7474395279623807,-0.891046535609212,-1.1643029988482956,0.46443161883004247,1.1178348140323242,0
-0.35297953711749996,-2.551899139101424,-0.16780053172391207,0.8618068764504019,-1.9298682769760451,-1.0100458510725474,0.09941683676028512,0.5437695913545965,0
-0.35297953711749996,1.7897282434587956,0.6840386828785293,-0.47191878415280386,0.6025552840191928,-1.381330954226509,-0.10137437064389582,0.42494114592066873,1
-0.35297953711749996,-0.7041971409456607,0.8904217756946216,-0.6368508245492113,-1.716454709080785,-0.7295027983243031,0.5339268825780212,0.5160064983608821,0
-0.35297953711749996,1.9642693626308168,0.6739262929428609,-0.2308381333194242,0.24082146820787242,-1.8105085545793853,0.36741409599511193,0.26821091014750087,1
-0.2445418776632581,0.7245542746926318,-0.42741463328650897,1.6563882327076231,-1.9191939826115751,-0.6036413166636958,0.5516526632852289,1.007171277117579,1
-0.08431414044195645,2.113876036206835,0.6652585301408593,-0.024197575462241577,-0.4194761376440789,-1.0582185843228082,0.8758821463112845,-0.011080933530929094,1
-0.35297953711749996,-1.5399108020803463,0.9447213447311468,0.057569834264783515,-0.8043449782883609,-0.86940483742862,0.9078069823168012,-0.7583776974944427,0
-0.35297953711749996,-0.828869368925676,0.8976449113629562,-0.8090512894301968,-0.49312237986153884,0.48097764550440925,2.5578511815073663,0.8132525047562524,0
-0.35297953711749996,-1.4956583659360887,0.9432020359438551,-1.3341870442318213,-2.378240604809983,-1.175319910479143,-0.31560340087618877,0.11531513066659194,0
-0.35297953711749996,-1.627286380201332,0.9476347826354019,-0.14854751250805553,-1.4321226704200438,-0.26235247059862965,0.07155888645029529,0.5224463196312195,0
-0.35297953711749996,-1.4527452610293108,0.9375223926997334,0.09253313832532417,-1.0764178406488958,0.5359927112851468,2.334907878612002,-0.05403973659506556,0
-0.35297953711749996,1.024598289098765,0.7313996040445969,0.15713290137202301,-0.21796502445563815,-1.6964174073475258,0.2260690623079877,0.9991967170567861,1
-0.35297953711749996,1.8894660258428078,0.6782601743438617,-0.3341584122480155,-0.10442478908782216,1.506504262439425,-1.2044247565047943,0.8470455876806362,0
-0.35297953711749996,-0.7790004777336699,0.8947556570956223,-0.7401711034778025,0.088702821187995,1.8740478803212044,-0.6777894558636852,0.6914641085115046,0
-0.35297953711749996,-1.9139274860203919,0.9663907517361506,-0.45903156037817305,-1.5970515969013774,-0.7988727173928163,0.5236509897976915,0.3861456693642908,0
-0.35297953711749996,2.2136138185908476,0.6594800216061916,0.11356279644254674,-1.3397213734198532,-0.925116981811127,0.5023054707108304,0.8858017157094078,1
-0.35297953711749996,-0.26746028159301294,1.3912855534622288,-0.24472908183166525,-1.2786443139507926,-1.0219593025816047,0.49493738766730655,-1.237174422879832,0
-1.5360275259239273,1.8645315802468045,0.6797048014775285,-0.3685985052242126,-0.132599597297534,-1.584200186248228,0.39987308063508215,0.9880914798593003,1
-0.35297953711749996,1.6650560154787803,0.691261818546864,-0.6441192490337894,0.005906306113131032,1.2039110909874235,2.67088557678432,-0.23072196881860096,0
-0.35297953711749996,1.90948881976533,0.7946994226774515,-0.49783747567311376,-0.029270812318460737,-1.6348925078746361,0.39130196713682125,1.188724159059516,0
-0.35297953711749996,-1.4956014419880754,-2.256332039846163,-1.0618845768831964,-1.800590349576444,-0.6990181423474211,0.540534511178745,-0.009063906346282402,0
-0.35297953711749996,-1.4900419108883403,0.9418320904638129,0.12645002021717772,-2.8081479387205013,-0.9147785638381645,-0.2782344443896938,0.944089843844375,0
-0.35297953711749996,-1.6803873368832063,-1.317196588845234,-1.2730640085818967,-0.550092503753985,-1.5241935409576222,0.21004317117658428,2.0009358027753215,0
-0.35297953711749996,-2.281503135878768,0.9946123507130464,-0.5708861994654322,-1.8104651647966377,-1.0794157701410605,0.08914094397995542,0.41390876235800506,0
-0.35297953711749996,-1.146576127592046,0.9229772560725181,-0.8520257425650618,-1.7399145281100123,-0.7179935882647077,0.5358728724741465,0.4704547545139052,0
-0.35297953711749996,-0.48381441466956765,0.8757270778530191,-0.4286281724982197,-0.46753239763642984,-1.3692881447643286,0.4293971025756092,2.033604185563881,0
-0.35297953711749996,-1.0919936708125655,0.9179339838329986,-0.8841479050086306,-1.5970515969013774,-0.7988727173928163,0.5236509897976915,0.3861456693642908,0
-0.35297953711749996,-0.8208391638841923,0.9011341042162058,0.954594345839717,-2.2997935779668834,-0.6080414574565606,0.35716870646898313,0.539567964446648,0
-0.35297953711749996,1.3650120010726472,-0.4675524187842419,0.8551360823018106,-1.7787911476633713,-0.6662924470379873,0.5402206586698711,1.4885830901916424,0
-0.35297953711749996,-1.1006436934233268,0.9141022091743705,0.40621620460505325,-0.4376243941736837,-0.9663749489185635,0.13721415390587852,2.276442195097289,0
-0.35297953711749996,1.8146626890547986,0.6825940557448624,-0.43747869117660687,1.7690117257340559,1.3572731276071508,-0.36763140907313396,0.9086861327505964,0
-0.35297953711749996,0.999663843502762,0.7328442311782638,0.12269280839582591,-0.30333045161374217,-1.8086346284468235,0.05226504398089321,1.010301954254272,1
-0.35297953711749996,1.9642693626308168,0.6739262929428609,-0.2308381333194242,-0.6537215387544667,-1.1359206282210528,0.669206440321072,-0.24484010465246842,1
-0.35297953711749996,1.049532734694768,0.7299549769109299,0.19157299434822,-1.1160382446817936,-1.0348542356333548,0.4837509751320012,1.320125466053444,1
-0.35297953711749996,-0.7322434645310293,0.8938027476494088,-0.5378194652009891,-1.198689908020066,-1.0105877914848673,0.49004655285099186,0.6139214683487542,0
-0.35297953711749996,-2.331372027070774,0.9975016049803802,-0.6397663854178265,-1.5323031080999856,-1.408501043409371,-0.16003891493442957,1.1750870728183758,0
-0.35297953711749996,1.6899904610747833,0.6898171914131971,-0.6096791560575923,0.4407546597586569,-0.5194551938078187,-0.6212663985172355,0.8906798592225202,0
-0.35297953711749996,0.37547203634858917,-0.4071898534151721,1.1742269310408637,-1.5970515969013774,-0.7988727173928163,0.5236509897976915,0.3861456693642908,0
-0.35297953711749996,-0.38960226026865635,0.8670257758061799,-0.460404919089927,0.7356676424485791,-0.31911535565819116,1.2972897282171667,0.8660609965486127,1
-0.35297953711749996,2.1637449273988416,0.6623692758735255,0.0446826104901526,0.4098162163928678,1.45550560730468,-0.9767811220761542,0.5793951791627572,1
0.17205023911212614,1.8146626890547986,0.6825940557448624,-0.43747869117660687,0.9461302665475961,-1.6763053641840817,-0.0801863346282411,-0.6906343231767611,1
-0.35297953711749996,2.088941590610832,0.6667031572745262,-0.05863766843843882,-0.4917400912931831,0.42696841391244456,1.4918473731162873,0.635952846223303,0
-0.35297953711749996,-2.106962016706747,0.9844999607773779,-0.3298055486320525,-0.4433857198063549,-1.3839220145835,0.4272981940854524,1.9870542562784643,0
-0.35297953711749996,2.088941590610832,0.6667031572745262,-0.05863766843843882,-1.7591374226598369,-0.785611408873952,0.44702487341447406,0.521559116959625,0
-0.35297953711749996,-1.3709861379560735,0.9359789002755204,-1.161986579350836,-1.9430989565727619,-1.206967702261572,-0.1259634359419336,0.37744804415747724,0
-0.35297953711749996,-0.828869368925676,0.8976449113629562,-0.8090512894301968,-0.132599597297534,-1.584200186248228,0.39987308063508215,0.9880914798593003,0
-0.35297953711749996,1.9144004714388108,0.6768155472101948,-0.2997183192718184,-0.31276935369644887,-0.917947057948686,1.0931371692201526,-0.024962480027786227,1
-0.35297953711749996,-1.4681267945542786,0.9435828669841719,0.3293683485804051,-0.6562266097736071,-1.4308130442372182,0.2641641977467756,1.8440767435611514,0
-1.5609944477656215,1.8395971346508015,0.6811494286111955,-0.4030385982004097,0.518467721018036,-1.3527946420332384,0.28022725237441076,0.22528712582339772,1
-1.8990081588531722,2.2136138185908476,0.6594800216061916,0.11356279644254674,-1.4184118876987661,-0.351188240734306,0.12163413280967172,0.2515104564903842,1
-0.35297953711749996,-1.94530905391824,-0.20694443858524925,-0.04157227075340378,-1.8940664539273575,-0.6423678175325187,0.5486597609720955,0.17113918734769396,0
-0.35297953711749996,-1.9139274860203919,0.9663907517361506,-0.45903156037817305,-1.6927592214386866,-0.7709888092904686,0.5309336146159376,-0.4388443256608836,0
-0.35297953711749996,1.8395971346508015,0.6811494286111955,-0.4030385982004097,0.034961872596442456,-1.4577216480767334,-0.13039492230161603,1.1735634677291271,1
-0.35297953711749996,1.7897282434587956,0.6840386828785293,-0.47191878415280386,-1.1771011962964544,-0.5318149936983316,1.0318427754854644,1.0326890978109269,1
-0.35297953711749996,1.8387664673967055,-0.49500033432391355,1.5094978488495554,-1.3056588606080088,-0.9310361394721022,0.4998514035855254,1.3136455270217806,0
-0.35297953711749996,-0.9784760425016943,0.9063126741649578,-1.0156918472873793,1.5355909411893354,-0.9445118140045319,1.324467197709514,-0.7763833343438444,0
-0.35297953711749996,-2.000811015137524,-1.0417400671000272,-1.6627420379321087,-1.9486649165611345,-0.0476298898128632,0.16711296360683608,0.6772420313830818,0
-0.35297953711749996,0.5489206198607608,0.8135738177404519,0.8820004643125086,-0.48096805768087914,0.601763907453561,-2.4397574515064617,0.9922198719874564,0
-0.35297953711749996,-1.4457894747440827,0.9403127816765213,-1.265306858279427,-2.0007732378749874,-0.7826393439066408,0.3314047380632274,0.1850207338445512,0
-1.9322973879754306,2.537761611338887,0.6406998688685216,0.5612840051331088,-1.0495625791336967,-0.5943844761742092,1.0212634585668088,1.2803298154293232,0
-0.35297953711749996,-1.3709861379560735,0.9359789002755204,-1.161986579350836,-1.0470046130272332,-1.0877911437799164,0.4773683274421794,0.8150122566817338,0
-0.35297953711749996,-0.4424904807226039,0.8731104337275397,-0.3608068696552909,-1.7591374226598369,-0.785611408873952,0.44702487341447406,0.521559116959625,0
-1.3785438650763184,-2.2565686902827653,0.9931677235793794,-0.5364461064892352,-1.5963271784685635,-1.4926639592338442,-0.2903919286797504,1.1834160007164902,0
-0.35297953711749996,0.6505816051587194,0.7530690110496008,-0.35946849327093355,-1.4560201315015902,-0.8843435270665567,0.511392071937853,0.11426542200363687,0
-0.35297953711749996,-1.3967512508061732,-0.23872623552592154,0.7161097747229325,-1.3056588606080088,-0.9310361394721022,0.4998514035855254,1.3136455270217806,0
-0.35297953711749996,-0.9101541811740008,0.9039890651186502,0.7154187987215758,-0.44256568694426146,-0.6995514989772627,1.1970194616172107,2.237857589328981,0
-0.35297953711749996,-2.1817653534947556,0.9888338421783787,-0.4331258275606439,-1.2121827562570953,-0.9876864642870046,0.49172615379217477,1.1334424333278044,0
-0.35297953711749996,-1.827592612223453,-0.21695796323037164,1.488468190732333,-1.4261121280388442,-0.4814303312207916,0.21920912326812234,0.3571034315370448,0
-0.35297953711749996,2.413089383358872,0.6479230045368563,0.38908354025212344,-2.1181720688379215,-0.5419256274913347,-0.4971313959173074,1.0250241891966643,1
-0.35297953711749996,-0.14025780430862592,0.8525795044695107,-0.11600398932795611,-1.168990519103645,-0.7006825396125317,0.8499135073650194,0.8635912413144363,1
-0.35297953711749996,-1.8889930404243889,0.9649461246024837,-0.42459146740197584,-1.5970515969013774,-0.7988727173928163,0.5236509897976915,0.3861456693642908,0
-0.35297953711749996,-0.6044593585616487,0.8846432671599539,-0.49909045264442287,-1.1054759723094651,-0.8474149379128825,0.7089811767010428,1.119560886830947,0
-0.35297953711749996,-1.5993326053433874,0.942994751847709,-0.28258565491888865,-1.5473321856077997,-0.7845722655718862,0.5208584422040929,1.7795430002924082,0
-0.35297953711749996,1.1406019907086198,-0.4545507745812396,0.5451752455160367,-0.846819077321088,-0.8325055040048394,0.16885506996949579,-0.7596568423279741,0
-0.35297953711749996,-1.0283449336937005,0.9092019284322916,-1.0845720332397735,-0.5773422163058711,-0.7530190163039737,0.052238893855935054,2.246313643088751,0
-0.35297953711749996,-1.4457894747440827,0.9403127816765213,-1.265306858279427,-0.5409531791527569,-0.9156826272921554,0.1457852674041394,2.0758095158970735,0
-0.35297953711749996,2.413089383358872,0.6479230045368563,0.38908354025212344,-2.5343071576131377,-1.4839969757772513,-0.7548703764811131,0.25442846632883703,0
-0.35297953711749996,1.8645315802468045,0.6797048014775285,-0.3685985052242126,-1.6229786047298713,-0.7861531231392055,0.5258016327846707,0.3358034046669057,0
-0.1997060680983879,1.8645315802468045,0.6797048014775285,-0.3685985052242126,-1.0196010215769629,-0.5043024026887608,1.1540705394374347,0.8441570762188363,0
-0.35297953711749996,-1.5205928115320917,0.9446466630775221,-1.3686271372080183,-1.8016974271973787,-1.0402969368459951,0.08990805027365395,1.8862526683804275,0
-0.35297953711749996,-2.5162041768405032,-0.17189255633692613,0.7954208906300921,-1.716454709080785,-0.7295027983243031,0.5339268825780212,0.5160064983608821,0
-0.35297953711749996,-1.1530171616737157,0.9164250641006262,-1.256772498120759,-1.1054759723094651,-0.8474149379128825,0.7089811767010428,1.119560886830947,0
0.1205397299160087,-0.9759714654433116,0.9068790735060358,0.5784166694860386,-0.5688656351707609,-1.254598721246579,0.5717251142388691,0.008353231564670938,1
-0.05195407835538607,-1.1760157081735487,1.9011665142729732,0.8681269977840489,-0.2783401631317902,-0.9060594864381183,-0.026820431307372106,0.15946274876137723,1
0.17205023911212614,2.088941590610832,0.6667031572745262,-0.05863766843843882,-0.7118926480152903,-1.2331250134641802,0.4502271339337087,2.1048517537243194,1
-0.35297953711749996,1.6899904610747833,0.6898171914131971,-0.6096791560575923,-1.7193612027161178,-0.6950397894457893,0.5353050107104558,1.6176708089251162,0
-0.35297953711749996,1.8395971346508015,0.6811494286111955,-0.4030385982004097,-0.7604283227020968,-1.2761921545951749,0.4519514174122039,-0.23095855815561128,0
-0.35297953711749996,-1.3499881493833572,0.9285484805110398,0.06181527484308236,-1.2044659813860517,0.36766687963620037,2.0742018511213605,-0.037381880798836975,0
-0.35297953711749996,-1.0532793792897035,0.9106465555659585,-1.1190121262159707,-0.48862639949187037,-0.9466239575274416,0.8842913160465347,2.4579244336247967,0
-0.35297953711749996,-1.602920612567542,1.9289205791993371,0.4511236525757286,-1.1079134596345843,-0.7975248603830093,0.8425454243214954,-1.2593848972748036,1
-0.35297953711749996,2.2136138185908476,0.6594800216061916,0.11356279644254674,-1.716454709080785,-0.7295027983243031,0.5339268825780212,0.5160064983608821,0
-0.35297953711749996,-1.1280827160777127,0.9149804369669593,-1.222332405144562,-1.9061727893339468,-1.0515318620387129,0.09642356879820144,-0.4110812326671691,0
-0.35297953711749996,-1.6032042879441777,0.9482987346841607,-0.012478311889486504,-2.271533820862353,-1.0350483841050209,-0.09834837796732065,0.1014335841697348,0
-0.35297953711749996,-1.4216856964021762,-0.23728160839225465,0.6816696817467354,-1.3397213734198532,-0.925116981811127,0.5023054707108304,0.8858017157094078,0
-0.35297953711749996,0.018890003111218794,0.8179073548970497,-1.1303775021061484,-1.690527701252291,-0.7422223925779139,0.5317762395910421,0.5663487630582671,0
-0.35297953711749996,1.3585578798590694,-0.8101792628727218,1.4042866124002122,-0.16374576011206743,-0.3888547619965098,0.6958787127891888,2.024465909904203,1
-0.35297953711749996,-2.0406688217022086,-1.1082800142347902,-1.815867355195379,-1.932201026252082,-0.5957585186776979,0.5527832782096098,1.0322462363288947,0
-0.35297953711749996,1.2661048859427317,0.7143758526855348,-1.1951607366529429,-1.4331974777707666,-0.8684666569962246,0.510430720504181,1.0660048094033843,0
-0.35297953711749996,-1.602351934605329,0.946190155501735,-0.11410741953185846,-0.7415920369317112,-1.543030265336516,0.09036017941968111,1.8551819807586372,0
-0.35297953711749996,-1.3211172467640675,0.9330896460081867,-1.0931063933984415,-1.2786443139507926,-1.0219593025816047,0.49493738766730655,-1.237174422879832,0
-0.35297953711749996,1.024598289098765,0.7313996040445969,0.15713290137202301,0.16848814711376514,-1.048221653719295,0.026557736657882525,0.9386364178335099,0
-0.35297953711749996,-1.1031482704817095,0.9135358098332924,-1.1878923121683649,-1.8579373646685489,-0.6708841297975568,0.5452914409659331,-0.12041414901481318,0
-0.35297953711749996,-0.1562080157958069,1.8413704024515511,0.6860622930347118,0.7181037304872635,-2.0997610365293857,0.325927155242883,-0.6518931188472163,0
-0.35297953711749996,1.8645315802468045,0.6797048014775285,-0.3685985052242126,1.147859905462985,-1.733461100925331,0.9685728820142179,-0.5050637778258114,1
-0.35297953711749996,-1.5205928115320917,0.9446466630775221,-1.3686271372080183,-2.6562666550247918,-1.2051443734889111,-0.5177389298780583,0.6813694338912917,0
-0.35297953711749996,1.5154493419027621,0.6999295813488655,-0.850759806890972,-1.4961661489692617,-0.8375747024123387,0.5156539661640063,0.9437390418267099,0
-0.35297953711749996,1.8894660258428078,0.6782601743438617,-0.3341584122480155,-1.609747925133155,-0.589231271950181,0.7511819054868893,0.502124951864025,1
-0.35297953711749996,1.8645315802468045,0.6797048014775285,-0.3685985052242126,-0.8233969939005918,-1.245300200011289,0.45717466307202925,-0.35322432573228557,0
-0.35297953711749996,2.1886793729948444,0.6609246487398586,0.0791227034663497,-1.4591799742920082,-0.022994015253657518,0.48678598774899784,-0.1813658277393293,0
-0.35297953711749996,2.2385482641868504,0.6580353944725247,0.1480028894187439,0.19875572374187178,-1.211436835529332,-0.014811522734302807,1.1499829547299711,1
-0.35297953711749996,-0.828869368925676,0.8976449113629562,-0.8090512894301968,1.1321490210168328,0.7066078173629484,-1.445335410119214,0.7774611860346667,0
-0.35297953711749996,-1.963796377212398,0.9692800060034845,-0.5279117463305671,-1.9171719487442678,-1.2196872965151826,-0.1281140789289127,0.4277903088548623,0
3.141592653589793,2.1388104818028384,0.6638139030071923,0.010242517513955385,0.6642706050298361,-1.440386297083427,1.0106080512234552,0.42719894985714474,1
-0.35297953711749996,-1.895440162726234,-0.20983369285258313,0.027307915198990396,-1.1268173290989913,-0.8754692431877069,0.6655301721192692,1.1223371961303186,0
-0.35297953711749996,1.5902526786907711,0.6955956999478647,-0.7474395279623807,0.3441502531869456,-1.8612008762057934,0.3588429824968511,0.4688435893477163,1
-0.35297953711749996,-1.4707239203400857,0.9417574088101882,-1.2997469512556241,-1.2095143490327072,-0.9782039108184524,0.49187622492535177,1.5003285597474203,0
-0.35297953711749996,1.9393349170348138,0.6753709200765278,-0.2652782262956213,-1.1747924469385196,-0.38859673501694036,0.050213367363434125,1.0221023659763366,0
-0.35297953711749996,-1.3779419242413016,0.9331885112987326,0.19585341725391536,-2.1648270369147227,-0.8947768577308987,0.11890664494154743,0.08755203767287756,0
-0.35297953711749996,-0.7291315865416639,0.8918664028282886,-0.6712909175254084,-1.716454709080785,-0.7295027983243031,0.5339268825780212,0.5160064983608821,0
-0.35297953711749996,-1.602351934605329,0.946190155501735,-0.11410741953185846,-0.608563863036217,-1.2838173350905882,0.4416560204354478,2.305484432924535,0
-0.35297953711749996,2.462958274550878,0.6450337502695224,0.45796372620451753,-2.0319894098847073,-1.1910912769751048,-0.16343983371733573,0.61076971184821,0
-0.35297953711749996,1.2774603729127554,-1.368206184639421,-2.3786281063872874,-1.9514134690194624,-0.6142338049826545,0.5534166907592836,0.05978894467916318,1
-0.35297953711749996,-1.4956583659360887,0.9432020359438551,-1.3341870442318213,-2.7102253723596172,-1.1724431940287778,-0.5130486610663803,0.7853909681969123,0
-0.35297953711749996,1.5653182330947681,0.6970403270815317,-0.7818796209385778,-0.640318237250822,-0.5646329803671695,1.3464136610176418,-0.8820347990325188,0
-0.35297953711749996,1.6899904610747833,0.6898171914131971,-0.6096791560575923,-0.7023430459950843,0.22379092645375565,-0.3884809946961667,0.7800611671745135,0
-1.4668883577469283,2.2136138185908476,0.6594800216061916,0.11356279644254674,-1.198689908020066,-1.0105877914848673,0.49004655285099186,0.6139214683487542,0
-0.35297953711749996,1.8395971346508015,0.6811494286111955,-0.4030385982004097,-0.7845889684101105,-0.38740654618707504,0.24395236474150972,1.5586840944484661,1
-0.35297953711749996,2.413089383358872,0.6479230045368563,0.38908354025212344,0.6323169528584638,-2.1009422651983516,-0.7324996318118542,-0.6611483823744289,1
-0.35297953711749996,-1.0034104880976973,0.9077573012986246,-1.0501319402635763,0.17341939887073754,-2.085635318404389,0.011234945842662103,0.49105406374268784,0
-1.570597110012427,1.5154493419027621,0.6999295813488655,-0.850759806890972,-1.0177585461836212,-1.1499478901768643,0.47329693649906507,-0.7306146045007282,1
-0.35297953711749996,-1.2912683482797103,-1.1574892104223278,-2.646880425712286,-0.7604283227020968,-1.2761921545951749,0.4519514174122039,-0.23095855815561128,0
-0.35297953711749996,-0.853803814521679,0.8990895384966231,-0.8434913824063939,-0.8233969939005918,-1.245300200011289,0.45717466307202925,-0.35322432573228557,0
-0.35297953711749996,2.014138253822823,0.671037038675527,-0.16195794736703006,-1.4961661489692617,-0.8375747024123387,0.5156539661640063,0.9437390418267099,1
-0.35297953711749996,2.088941590610832,0.6667031572745262,-0.05863766843843882,-1.4331974777707666,-0.8684666569962246,0.510430720504181,1.0660048094033843,1
-0.35297953711749996,1.8146626890547986,0.6825940557448624,-0.43747869117660687,-0.6051858640676602,-1.0928534870900581,0.6674821568425768,2.0909702072274623,0
-0.35297953711749996,1.340908222730741,0.7100419712845341,-1.0918404577243517,-2.234038467713572,-0.4429515496083031,0.5779833832651484,0.6046329930440957,0
-0.35297953711749996,-2.3064375814747713,0.9960569778467133,-0.6053262924416294,-0.546714504785428,-1.333229692957092,0.4358693075837133,1.7864215770782488,0
-0.35297953711749996,-0.21909896587878785,-1.2502284110912367,-2.658245801602464,-2.2200214560564437,-0.44482581603516486,0.5769928395923649,0.799514751311962,0
-0.35297953711749996,-1.1538478289278122,-0.2597246988344827,0.6557639489292063,-1.0177585461836212,-1.1499478901768643,0.47329693649906507,-0.7306146045007282,0
-0.35297953711749996,1.98920380822682,0.672481665809194,-0.1963980403432271,-0.7978196480068271,-0.5843283973760997,0.018572092039291,1.3923625472513468,0
-0.35297953711749996,1.5653182330947681,0.6970403270815317,-0.7818796209385778,-1.4331974777707666,-0.8684666569962246,0.510430720504181,1.0660048094033843,0
-0.35297953711749996,-1.0782138248857065,0.9120911826996254,-1.1534522191921677,-0.4006919011327277,-0.3331475437519469,0.5277252291607358,1.087166588298236,0
-0.35297953711749996,-1.4442003037842686,0.9372497825578788,0.09359202143478967,-0.7842747505107632,-1.5991388758861649,0.0034581702561338745,1.86073459935738,0
-0.35297953711749996,-1.2945936302082501,0.9285820197558773,0.3002325792919722,0.2908495395244295,-1.2140779287522698,1.0430670358634255,1.1470795195689443,0
-1.4214357564453828,-0.9535415969056913,0.9048680470312909,-0.9812517543111822,-0.18173672724569678,-0.7227312295940997,1.31067611207092,2.249958246937106,0
-0.35297953711749996,1.8645315802468045,0.6797048014775285,-0.3685985052242126,1.3792644404918746,-1.1190415805794969,0.7882855285502227,-0.758319207852429,1
-0.35297953711749996,1.8146626890547986,0.6825940557448624,-0.43747869117660687,-1.4331974777707666,-0.8684666569962246,0.510430720504181,1.0660048094033843,0
-0.35297953711749996,1.8395971346508015,0.6811494286111955,-0.4030385982004097,-1.3478320506126624,-0.756249435896927,0.6842347388312755,1.0548995722058985,0
-0.35297953711749996,1.7647937978627926,0.6854833100121963,-0.506358877129001,-1.285080662639057,-0.5669011408945319,0.20695020540828377,0.08522318417639096,1
-0.35297953711749996,-0.6896462746747896,-0.291788461524926,1.038850412245673,-2.301601264333392,-0.5249698532566924,0.44793796722023754,0.6197838720990096,0
-0.35297953711749996,-1.3530074786452986,0.9317438841650657,0.23029351023011246,0.6788835731949086,-1.297473677486367,0.169984515534595,0.41622083852131453,1
-0.35297953711749996,1.5902526786907711,0.6955956999478647,-0.7474395279623807,-1.3028582528869812,-0.36533854401683913,1.177566701511275,0.29415876517633416,0
-0.35297953711749996,-1.2712483555720613,0.9302003917408528,-1.0242262074460473,-0.029270812318460737,-1.6348925078746361,0.39130196713682125,1.188724159059516,0
-0.35297953711749996,-1.9887308228084009,0.9707246331371514,-0.5623518393067641,-1.3397213734198532,-0.925116981811127,0.5023054707108304,0.8858017157094078,0
-1.4214357564453828,-0.6140122706326837,0.8800274200091822,-0.7703657558757009,-1.1989520766603787,-0.7907646130979801,0.7171064264943934,1.2997639805249235,0
-0.35297953711749996,1.6899904610747833,0.6898171914131971,-0.6096791560575923,-1.7158224764648762,-0.6971844016218732,0.5349974130100458,1.6108488577683167,0
-0.35297953711749996,1.440646005114753,0.7042634627498663,-0.9540800858195633,-1.3264906938231364,-0.7281951306221025,0.7276857434130491,1.052123262906527,1
-0.35297953711749996,2.014138253822823,0.671037038675527,-0.16195794736703006,-0.48862639949187037,-0.9466239575274416,0.8842913160465347,2.4579244336247967,1
-0.35297953711749996,1.7647937978627926,0.6854833100121963,-0.506358877129001,0.3441502531869456,-1.8612008762057934,0.3588429824968511,0.4688435893477163,1
-0.35297953711749996,1.7647937978627926,0.6854833100121963,-0.506358877129001,-0.7020399673871305,-1.2271670102756858,0.4497812702287984,2.485687526618511,1
-0.35297953711749996,-1.3460516923600705,0.9345342731418536,-1.1275464863746385,-1.8940664539273575,-0.6423678175325187,0.5486597609720955,0.17113918734769396,0
-0.35297953711749996,1.5653182330947681,0.6970403270815317,-0.7818796209385778,0.6642706050298361,-1.440386297083427,1.0106080512234552,0.42719894985714474,1
-0.35297953711749996,-2.266859720880473,-0.18633882767359533,1.1398218203920631,-1.9514134690194624,-0.6142338049826545,0.5534166907592836,0.05978894467916318,0
-0.35297953711749996,1.8395971346508015,0.6811494286111955,-0.4030385982004097,-1.0562246788390741,-1.064198319355384,0.4787894451800379,1.4362649906783944,0
-0.35297953711749996,-1.3460516923600705,0.9345342731418536,-1.1275464863746385,-0.029270812318460737,-1.6348925078746361,0.39130196713682125,1.188724159059516,0
-0.35297953711749996,0.1435740093184425,0.8413044531499461,0.5341123366414899,0.5046901625920035,-2.3803040892776295,-0.1085828905748531,-0.6241300258535021,0
-0.35297953711749996,-0.916561440407479,0.8779854324682426,-0.5737172151969421,-1.6257792124508992,-1.3518507185944686,-0.15191366514107896,1.355290166512352,0
-0.35297953711749996,-1.702089716989341,0.9519686640364027,-0.2518677914366468,-1.716454709080785,-0.7295027983243031,0.5339268825780212,0.5160064983608821,0
-0.35297953711749996,-1.80265816662745,-0.21840259036403853,1.52290828370853,-1.583820917304661,-0.6019508662037918,0.7490312624999103,0.55246721656141,0
-0.35297953711749996,1.6650560154787803,0.691261818546864,-0.6441192490337894,0.8141757252640633,-0.745763562138976,-0.6537253831572057,0.17079928951072065,1
-0.35297953711749996,2.31335160097486,0.6537015130715239,0.25132316834733515,0.8385880728609263,-0.931980062910872,0.9319923211010152,0.1836424863328262,1
-0.35297953711749996,2.088941590610832,0.6667031572745262,-0.05863766843843882,1.4321071140709543,1.286824103705455,-0.5672752832652456,-0.9693548900610764,1
-0.35297953711749996,-1.9708429905622742,0.9707823560189103,-0.46117169567831934,-1.5457238547645766,-0.5050683561257077,0.8815349192322103,0.4937960239659106,0
-0.35297953711749996,1.6899904610747833,0.6898171914131971,-0.6096791560575923,-1.4560201315015902,-0.8843435270665567,0.511392071937853,0.11426542200363687,0
-0.35297953711749996,1.5902526786907711,0.6955956999478647,-0.7474395279623807,-0.8233969939005918,-1.245300200011289,0.45717466307202925,-0.35322432573228557,0
-0.35297953711749996,-0.8641873938468108,-0.28167607158925745,0.7977697614122934,-1.1171734441961003,0.32252259986249543,-0.4893632395612756,0.468937142421487,0
-0.35297953711749996,1.7149249066707863,0.6883725642795302,-0.5752390630813952,-1.2197839098755063,-0.5879236042479804,0.9449407663219173,1.0382417164096698,0
-0.35297953711749996,2.014138253822823,0.671037038675527,-0.16195794736703006,-1.2184016213071507,-0.6419328358399451,-0.12106304206916185,0.8609420578767203,0
-0.35297953711749996,-0.7885533898047049,0.8901398099448508,-1.0114464067090805,-1.8940664539273575,-0.6423678175325187,0.5486597609720955,0.17113918734769396,0
-0.35297953711749996,-0.3727172028828869,0.8483576534997558,0.2849671786753569,-1.8579373646685489,-0.6708841297975568,0.5452914409659331,-0.12041414901481318,1
-0.35297953711749996,-1.9169468152823335,0.9695861553901766,-0.2905533249911427,-1.9514134690194624,-0.6142338049826545,0.5534166907592836,0.05978894467916318,0
-0.35297953711749996,1.7398593522667893,0.6869279371458632,-0.5407989701051981,-0.24504450629076024,0.09487322506137374,1.4778777161036771,1.3239334738700057,0
-0.35297953711749996,2.113876036206835,0.6652585301408593,-0.024197575462241577,-1.6987158010694152,-0.7075517433546644,0.5335104446378927,1.5778706346118594,0
-0.35297953711749996,2.388154937762869,0.6493676316705231,0.35464344727592645,-1.7774063153483284,-0.1336230022778434,0.15283910673673404,0.9435793753928357,0
-0.35297953711749996,1.6899904610747833,0.6898171914131971,-0.6096791560575923,-1.4331974777707666,-0.8684666569962246,0.510430720504181,1.0660048094033843,0
-0.35297953711749996,1.9144004714388108,0.6768155472101948,-0.2997183192718184,-1.6229786047298713,-0.7861531231392055,0.5258016327846707,0.3358034046669057,0
-0.35297953711749996,1.795540865769163,2.860620919267133,0.5309067964087711,-0.01506619872011461,-2.054152273903849,-0.8060478621699296,0.29469485830768355,0
-0.35297953711749996,1.6401215698827774,0.692706445680531,-0.6785593420099865,-0.18707406564590623,-0.21144716215476544,-0.5691880617401138,-0.3283701787923914,1
-0.35297953711749996,-1.8391241492323827,0.9620568703351499,-0.3557112814495817,-0.632889705539339,-1.3387616370710522,0.44137210049354825,0.016682159462785173,0
-0.35297953711749996,-1.5774174890093258,0.944745528368068,-0.07966732655566136,-1.716454709080785,-0.7295027983243031,0.5339268825780212,0.5160064983608821,0
-0.35297953711749996,-2.0869392227842245,1.1009392091109678,-0.4934846120571508,-0.545939947456114,-0.3895349154493357,0.4475896291760544,-0.8022801409214904,0
-0.35297953711749996,1.9144004714388108,0.6768155472101948,-0.2997183192718184,-1.0185456224068798,-0.38924753228040143,1.2896467988425808,0.7135623807440478,0
-0.35297953711749996,-0.42991823938962737,0.8745308772242854,-0.25800980181104316,0.07743597162916949,-1.494620981500514,0.6085569900456893,1.1748426125626588,1
-0.35297953711749996,-2.2316342446867616,0.9917230964457125,-0.502006013513038,-1.3378788980265115,-1.5707624692992304,-0.17846813222753932,-0.6889699650101568,0
-0.35297953711749996,-1.7892552580403767,0.959167616067816,-0.28683109549718744,-1.5970515969013774,-0.7988727173928163,0.5236509897976915,0.3861456693642908,0
-0.35297953711749996,0.24331179170245476,0.8355259446152784,0.6718727085462782,-1.9908198832435886,-0.41416605502608755,-0.28167093908100216,0.97134246838655,0
-0.35297953711749996,1.9144004714388108,0.6768155472101948,-0.2997183192718184,-1.1160382446817936,-1.0348542356333548,0.4837509751320012,1.320125466053444,1
-0.35297953711749996,-2.569360996060781,-1.0706341610079062,-2.167634684914142,-1.6299108286082165,-0.24742845745225284,0.13917795109480885,-0.15915535334435793,0
-1.6339746808413427,-0.828869368925676,0.8976449113629562,-0.8090512894301968,-1.2212972988586874,-1.0500933151314689,0.49018045788011844,-1.1258241802113014,0
-0.35297953711749996,-1.2532696962612864,0.925965375630398,0.36805388213490087,-0.608563863036217,-1.2838173350905882,0.4416560204354478,2.305484432924535,0
0.17205023911212614,1.8395971346508015,0.6811494286111955,-0.4030385982004097,1.0895225834208988,-1.4834419100678828,0.08241659655399564,-0.72183580745936,1
-0.35297953711749996,-1.2687437785136786,0.9307667910819308,0.5698823093273706,-1.412365644555639,-1.0713076658462244,0.28259638067665727,1.3275270735186377,0
-0.35297953711749996,2.1886793729948444,0.6609246487398586,0.0791227034663497,-1.817067912747862,-0.6430951690816887,0.5435478007213344,1.5623729804819877,0
-0.35297953711749996,-0.4394711514606623,0.8699150300735138,-0.5292851050423212,-1.2116732326826969,-0.7567911501621805,0.7630114982014722,0.8691438599131792,1
-0.35297953711749996,-1.8141897036363797,0.960612243201483,-0.32127118847338454,0.08755149343757185,-0.5468682636454641,0.9070733185179652,1.9545883803479494,0
-0.35297953711749996,0.6270567164243555,-1.9245162987115787,-1.0279583779764239,-1.1047093202530007,-0.8082211253094413,-0.4078127039850946,1.6003287339390377,0
-0.08431414044195645,1.1991394082707862,0.7212872141089284,0.39821355220540255,-1.690527701252291,-0.7422223925779139,0.5317762395910421,0.5663487630582671,1
-0.35297953711749996,0.8999260611187498,0.7386227397129316,-0.015067563508962545,-1.4560201315015902,-0.8843435270665567,0.511392071937853,0.11426542200363687,1
3.141592653589793,1.7149249066707863,0.6883725642795302,-0.5752390630813952,1.1512379044315422,-1.5424972529248009,1.1943990184213469,-0.7195780035228843,1
-0.35297953711749996,-1.2283352506652834,0.924520748496731,0.40249397511109797,0.3441502531869456,-1.8612008762057934,0.3588429824968511,0.4688435893477163,1
-0.35297953711749996,1.4769359376807796,-1.379763201708756,-2.1031073625777106,-1.6524456959522231,-0.5306531291247487,0.7560188220333186,1.680498826870795,0
-0.35297953711749996,-1.1031482704817095,0.9135358098332924,-1.1878923121683649,-1.6390098920476157,-1.5487725697834929,-0.3772939378432977,1.188968619315233,0
-0.35297953711749996,-1.1280827160777127,0.9149804369669593,-1.222332405144562,-1.2121827562570953,-0.9876864642870046,0.49172615379217477,1.1334424333278044,0
-0.35297953711749996,1.9393349170348138,0.6753709200765278,-0.2652782262956213,-0.9855385087651185,-0.5102215603497359,1.1516164723121296,1.272000887531209,0
-0.35297953711749996,-0.37448453444544844,-0.3091247412489807,1.5202534712431812,-1.3207121968711666,0.4223771749078906,-0.4724797181802224,0.07372756671091385,0
-0.35297953711749996,-1.1014743606774235,-0.2620475537607385,2.3187526516550183,-2.9017844905545207,-1.074046751143758,-0.4970067614954521,0.5615537337234852,0
-0.35297953711749996,1.7398593522667893,0.6869279371458632,-0.5407989701051981,-0.4433857198063549,-1.3839220145835,0.4272981940854524,1.9870542562784643,0
-0.35297953711749996,-1.3959205835520765,0.9374235274091874,-1.196426672327033,-0.8998745833464648,0.9721647945155605,-2.2237527043935206,0.36367869982304846,0
-0.35297953711749996,-2.331372027070774,0.9975016049803802,-0.6397663854178265,-1.2121827562570953,-0.9876864642870046,0.49172615379217477,1.1334424333278044,0
-1.618610421246454,1.6650560154787803,0.691261818546864,-0.6441192490337894,-0.9783540723115293,0.40681971595120703,1.2160344971473627,0.3623058177000747,1
-0.35297953711749996,2.039072699418826,0.6695924115418601,-0.12751785439083296,-1.4961661489692617,-0.8375747024123387,0.5156539661640063,0.9437390418267099,0
-0.35297953711749996,-0.3397333690766503,0.8641365215388461,-0.3915247331375328,0.20213372271042873,-1.020472987528802,0.2110146136728261,0.9354687290328986,0
-0.35297953711749996,-1.8326831151507132,0.9686090623070418,0.04903547410611553,-0.9987691883618351,-0.7071434115387604,0.926236199609911,1.1056793403340899,0
-0.35297953711749996,1.4520014920847766,-1.3783185745750894,-2.137547455553908,-1.3431506478463249,-0.34666555348523787,0.11681763784811286,1.786770147900711,0
-0.35297953711749996,-1.1280827160777127,0.9149804369669593,-1.222332405144562,-1.2081320604643513,-1.032213142410417,-0.5741275834657273,1.323028901214471,0
-0.35297953711749996,-0.3646678146726533,0.865581148672513,-0.4259648261137299,-1.297038659840801,-0.8690083712614782,0.5892074798743776,0.8802490971106649,0
-0.35297953711749996,1.7398593522667893,0.6869279371458632,-0.5407989701051981,-1.174543230189991,-1.0252216613040388,0.48794764436083504,0.5673715390633374,0
-0.35297953711749996,2.2385482641868504,0.6580353944725247,0.1480028894187439,-1.5336579362075775,-0.25320411642547436,0.13262020042659386,1.4168636627056403,0
-0.35297953711749996,-1.0283449336937005,0.9092019284322916,-1.0845720332397735,-0.5311004985245971,-0.9097246241036611,0.1453394036992291,2.4566452887912655,0
-0.35297953711749996,-1.4208550291480797,0.9388681545428543,-1.23086676530323,-1.2121827562570953,-0.9876864642870046,0.49172615379217477,1.1334424333278044,0
-0.35297953711749996,2.014138253822823,0.671037038675527,-0.16195794736703006,-1.7873596699797272,-0.5020962911583966,0.7659147838809636,0.15725764085083682,0
-0.35297953711749996,-1.3211172467640675,0.9330896460081867,-1.0931063933984415,-1.4331974777707666,-0.8684666569962246,0.510430720504181,1.0660048094033843,0
-0.35297953711749996,1.5154493419027621,0.6999295813488655,-0.850759806890972,-1.1747924469385196,-0.38859673501694036,0.050213367363434125,1.0221023659763366,0
-0.35297953711749996,-2.0665534888583514,0.9782539181921781,-0.49719388284832533,-1.690527701252291,-0.7422223925779139,0.5317762395910421,0.5663487630582671,0
-0.35297953711749996,1.9385042497807174,-0.5007788428585811,1.6472582207543438,-1.452039135867338,-0.46871073696718074,0.22135976625510145,0.3067611668396598,1
-0.35297953711749996,-1.0507748022313206,0.9112129549070366,0.47509639055744757,-1.690527701252291,-0.7422223925779139,0.5317762395910421,0.5663487630582671,0
-0.35297953711749996,-1.3831768129231181,0.9387587022902513,0.466216614546918,-1.690527701252291,-0.7422223925779139,0.5317762395910421,0.5663487630582671,0
-0.35297953711749996,-0.5392089338446746,0.8756935386081814,-0.6670454769471095,-1.4331974777707666,-0.8684666569962246,0.510430720504181,1.0660048094033843,0
-0.35297953711749996,-2.1318964623027497,0.9859445879110449,-0.3642456416082497,-1.5536444648895116,-1.4365553486841953,-0.2034899195162031,1.177863382117747,0
-0.35297953711749996,-1.4002133990664762,-0.7762461437565711,-0.9456031955120638,-2.51147610597741,-0.8076575181810206,0.013120323702091319,0.6407250139359244,0
-0.35297953711749996,1.9393349170348138,0.6753709200765278,-0.2652782262956213,-1.4951342992466066,-0.19396094012554166,1.2839585188560845,-0.16761140710412747,1
-0.21641029021218988,2.2136138185908476,0.6594800216061916,0.11356279644254674,-0.4433857198063549,-1.3839220145835,0.4272981940854524,1.9870542562784643,0
-0.35297953711749996,-1.5782481562634225,-0.23140423456704096,1.832869120494304,-1.4321226704200438,-0.26235247059862965,0.07155888645029529,0.5224463196312195,0
-1.4809722623755763,-0.4893400426526685,0.8728042843408477,-0.5981652909947153,-0.7897320101232888,-0.72649221783156,0.06718344662794085,-0.769355808830273,0
-0.35297953711749996,-2.0665534888583514,0.9782539181921781,-0.49719388284832533,-1.8016974271973787,-1.0402969368459951,0.08990805027365395,1.8862526683804275,0
-0.35297953711749996,1.9144004714388108,0.6768155472101948,-0.2997183192718184,0.0036070952355837793,-0.35538416779844456,0.8176606130362489,2.216769661206304,1
-0.35297953711749996,2.113876036206835,0.6652585301408593,-0.024197575462241577,0.19875572374187178,-1.211436835529332,-0.014811522734302807,1.1499829547299711,1
-0.35297953711749996,-1.3709861379560735,0.9359789002755204,-1.161986579350836,-2.0473488070377703,-0.5671686526037973,0.5613745184915604,-0.12648793741607867,0
-0.35297953711749996,-0.7854819531939855,0.8967659294503156,0.8876192636025613,-1.8612585555684993,-0.9666568347765093,0.18416820293685318,0.5885592374532386,0
-0.35297953711749996,1.6151871242867744,0.6941510728141979,-0.7129994349861837,-1.345274084506199,-1.2496561035026341,0.14033960770664602,0.5895820134583089,1
-0.23678384981960948,-1.0034104880976973,0.9077573012986246,-1.0501319402635763,-0.7604283227020968,-1.2761921545951749,0.4519514174122039,-0.23095855815561128,0
-0.35297953711749996,-1.5774174890093258,0.944745528368068,-0.07966732655566136,-1.8378558043551236,-1.246102763332005,-1.2523554186561026,0.15365225755773249,0
-1.570597110012427,2.363220492166866,0.65081225880419,0.32020335429972935,2.4063014856235934,0.5611692245777491,-0.8760873802830695,-0.703535372962206,1
-0.35297953711749996,1.7398593522667893,0.6869279371458632,-0.5407989701051981,1.929019223344202,0.8504217065277495,-0.8346004395308406,0.2165686560325112,1
-0.35297953711749996,1.7398593522667893,0.6869279371458632,-0.5407989701051981,0.557563821082206,-1.5806578234575492,0.7933530283145873,0.441080496354002,1
-0.35297953711749996,-2.0520026225874806,-0.20395631902736933,1.1785073539465591,-1.6397343104804296,-0.8549813279424652,0.43674898063414436,0.39169828796303363,0
-0.35297953711749996,-0.9292590110132302,-0.3719785297473701,1.038510890407862,-1.0879937510603135,-1.0051924332749265,0.48291907623292407,2.829898895783228,1
-0.35297953711749996,-0.8787382601176822,0.9005341656302901,-0.877931475382591,-1.0562246788390741,-1.064198319355384,0.4787894451800379,1.4362649906783944,0
-0.35297953711749996,-2.057093125514741,0.9816107065100441,-0.26092536267965827,-1.9514134690194624,-0.6142338049826545,0.5534166907592836,0.05978894467916318,0
-0.35297953711749996,1.7398593522667893,0.6869279371458632,-0.5407989701051981,0.6059332829877497,-1.1903671062259789,0.12445176576323316,0.210426920223596,1
-0.35297953711749996,-1.616783929753057,1.1302258748497893,0.05567275929267318,-0.025892813349903898,-1.4439286598741057,0.6171281035439502,0.9742099333624432,0
-0.35297953711749996,-1.0782138248857065,0.9120911826996254,-1.1534522191921677,-1.6229786047298713,-0.7861531231392055,0.5258016327846707,0.3358034046669057,0
-0.35297953711749996,-2.281503135878768,0.9946123507130464,-0.5708861994654322,-1.903941269147551,-1.022765445326158,0.09726619377330598,0.5941118560519815,0
-0.35297953711749996,2.039072699418826,0.6695924115418601,-0.12751785439083296,0.08081397059772621,-1.3036571334999838,0.8343831264528184,0.9603283868655861,1
-0.35297953711749996,0.9497949523107558,0.7357334854455977,0.05381262244343171,-1.4321226704200438,-0.26235247059862965,0.07155888645029529,0.5224463196312195,1
-0.24335371123675337,1.6328727844843567,1.6229283513872752,-0.1530219119716615,-0.3921509411763803,-0.10324936593812373,0.9402749292065277,0.7207448663647604,0
-0.35297953711749996,-1.6396485844643585,0.9504998532658144,-0.08019053764000489,0.12580543353471296,-1.1043302642689439,-0.06034427250566465,0.9441890364322528,0
-0.35297953711749996,-0.8787382601176822,0.9005341656302901,-0.877931475382591,-1.5970515969013774,-0.7988727173928163,0.5236509897976915,0.3861456693642908,0
-0.05195407835538607,-1.7643208124443737,0.9577229889341491,-0.2523910025209903,-0.132599597297534,-1.584200186248228,0.39987308063508215,0.9880914798593003,1
-0.35297953711749996,-1.3411372394717163,-1.154599956154994,-2.71576061166468,-1.6987158010694152,-0.7075517433546644,0.5335104446378927,1.5778706346118594,0
-0.1286956510790455,2.512827165742884,0.6421444960021885,0.5268439121569117,-1.2212972988586874,-1.0500933151314689,0.49018045788011844,-1.1258241802113014,1
-0.35297953711749996,-2.038599714000407,0.9736138874044853,-0.6312320252591586,-1.9298682769760451,-1.0100458510725474,0.09941683676028512,0.5437695913545965,0
-0.35297953711749996,0.8541396924401148,-0.535046992190376,0.3074773023388012,-1.8363921726251315,-1.0666961758874498,0.09129158696693451,0.36356649766062005,0
-0.35297953711749996,-1.6211612611702007,-0.22572459132291922,0.40614893793715856,-0.891046535609212,-1.1643029988482956,0.46443161883004247,1.1178348140323242,0
-1.618610421246454,1.8395971346508015,0.6811494286111955,-0.4030385982004097,1.0293824198097132,-0.8202448487300207,0.7676457209915766,0.36941495993324003,1
-0.35297953711749996,-1.9388619316163953,0.9678353788698175,-0.49347165335437004,-1.9514134690194624,-0.6142338049826545,0.5534166907592836,0.05978894467916318,0
-0.35297953711749996,1.7149249066707863,0.6883725642795302,-0.5752390630813952,0.0073509981464414675,-0.4971324788263196,1.7449022379467571,-0.06660711951835785,1
-0.35297953711749996,2.064007145014829,0.6681477844081932,-0.09307776141463578,1.012926917585942,2.56556527669127,0.6018128692176918,0.797878221031456,1
-0.35297953711749996,-2.431940476708883,-0.172869649420061,1.1350096897273505,-1.54879006627948,0.22607674525915944,-0.8153308250472233,-0.015412201562645333,0
-0.35297953711749996,-0.95405634910925,0.9086298500263948,0.7813349978492661,-1.2095143490327072,-0.9782039108184524,0.49187622492535177,1.5003285597474203,0
-0.35297953711749996,2.064007145014829,0.6681477844081932,-0.09307776141463578,-0.5470147548068366,-0.9956491018469307,0.8864614632299401,-0.25872165114932555,1
-0.35297953711749996,1.7897282434587956,0.6840386828785293,-0.47191878415280386,-1.0385748801701737,-0.6607615246464275,0.1874343583957825,1.4712863219201744,0
-0.35297953711749996,1.5154493419027621,0.6999295813488655,-0.850759806890972,-1.3397213734198532,-0.925116981811127,0.5023054707108304,0.8858017157094078,0
-0.35297953711749996,2.2136138185908476,0.6594800216061916,0.11356279644254674,-1.6748708027705574,-0.7220027830960086,0.5314377591227486,1.5319022826740116,1
-0.35297953711749996,1.4905148963067592,0.7013742084825325,-0.8851998998671691,-0.632889705539339,-1.3387616370710522,0.44137210049354825,0.016682159462785173,1
-0.35297953711749996,2.5876305025308928,0.6378106146011877,0.6301641910855031,-0.5744441620317926,0.6584142322684636,-2.4316322017131107,1.1724229656814327,0
-0.35297953711749996,1.5403837874987651,0.6984849542151986,-0.8163197139147749,-1.2197839098755063,-0.5879236042479804,0.9449407663219173,1.0382417164096698,0
-0.35297953711749996,-1.1160252269482949,0.920162683458809,0.6430514148601341,1.4033358971100314,-1.058805009053613,0.7347298937376087,-0.7513217482616925,0
-0.35297953711749996,-1.5383091144822372,0.9445036715800814,0.09003893819323971,-1.3188895402047254,-1.1279579906611268,0.27447113088330666,1.1473239798246615,0
-0.35297953711749996,-1.766054369158744,-0.2192108464931033,0.098506031684013,-2.2847645004590693,-1.2319702352940451,-0.32372865066953926,-0.06488796302738442,0
-0.35297953711749996,2.025493740792847,-1.4115449986494286,-1.3454253171013746,-2.018963440316302,0.06317811849398369,0.12153241623880623,0.6442620652163837,0
-0.35297953711749996,-1.4707239203400857,0.9417574088101882,-1.2997469512556241,-2.2847645004590693,-1.2319702352940451,-0.32372865066953926,-0.06488796302738442,0
-0.35297953711749996,-2.2565686902827653,0.9931677235793794,-0.5364461064892352,-0.892062404414205,-0.5668718851646383,1.143491222518779,1.0917977938372327,0
-0.35297953711749996,1.9393349170348138,0.6753709200765278,-0.2652782262956213,-1.0917357691383502,-0.4195977725990339,1.205646793812559,1.0215838606134413,1
-0.35297953711749996,-0.8168236580234668,0.8722069239335748,-0.4359568432921538,-1.0177585461836212,-1.1499478901768643,0.47329693649906507,-0.7306146045007282,0
-0.35297953711749996,-2.9755969140645044,-2.566296733892824,-0.25698919538492876,-0.7020399673871305,-1.2271670102756858,0.4497812702287984,2.485687526618511,0
-0.35297953711749996,-0.79853057538284,1.6874926405479505,-0.5702658813393344,-1.1497007831899877,-1.0075479945404815,0.48691469497338846,1.6164680843723709,0
-0.35297953711749996,1.7647937978627926,0.6854833100121963,-0.506358877129001,-0.7118926480152903,-1.2331250134641802,0.4502271339337087,2.1048517537243194,1
-0.35297953711749996,-1.762791430036185,1.0821590563732977,-0.045763403366588545,-1.5970515969013774,-0.7988727173928163,0.5236509897976915,0.3861456693642908,0
-0.35297953711749996,-0.5920971542986221,0.8817781965295413,-0.5674474275124735,-1.4331974777707666,-0.8684666569962246,0.510430720504181,1.0660048094033843,0
-0.35297953711749996,-0.828869368925676,0.8976449113629562,-0.8090512894301968,-1.3836380290061174,-0.5183296646445721,0.9581610356154279,0.3583825763705764,0
-0.35297953711749996,1.9642693626308168,0.6739262929428609,-0.2308381333194242,0.5494779713305196,0.866719142146466,-1.6208074932277163,2.1087356855967583,1
-0.35297953711749996,-1.6242670509393904,0.9444393789813759,-0.31702574789508575,-1.690527701252291,-0.7422223925779139,0.5317762395910421,0.5663487630582671,0
-0.35297953711749996,0.3743795006887395,0.8236862076761204,0.6409198134791286,-0.054140921890358906,1.1628500129500496,-1.5707373598709893,0.9366936860000278,1
-0.35297953711749996,1.4905148963067592,0.7013742084825325,-0.8851998998671691,-0.6051858640676602,-1.0928534870900581,0.6674821568425768,2.0909702072274623,0
-0.35297953711749996,-1.7001675096833604,-1.0592079972394137,-2.7768380373189903,-1.9171719487442678,-1.2196872965151826,-0.1281140789289127,0.4277903088548623,0
-0.35297953711749996,1.3290329857266123,-1.003771788221142,-2.354836050465593,-1.716454709080785,-0.7295027983243031,0.5339268825780212,0.5160064983608821,1
-0.35297953711749996,-1.4208550291480797,0.9388681545428543,-1.23086676530323,-2.320893589717878,-1.203453923029007,-0.32036033066337677,0.2266653733351227,0
-0.35297953711749996,-1.4527452610293108,0.9375223926997334,0.09253313832532417,0.4992264990401196,-1.3306386326001012,-0.09280325714563492,0.22430846672045324,0
-0.35297953711749996,-1.7639768533353402,1.1437527759850825,0.1520407722564056,-1.6299108286082165,-0.24742845745225284,0.13917795109480885,-0.15915535334435793,0
-1.4675285352300487,-1.0919936708125655,0.9179339838329986,-0.8841479050086306,-1.4794344431368054,-0.21124090653283845,0.07644365164182709,1.36573407167029,0
-0.35297953711749996,-1.8141897036363797,0.960612243201483,-0.32127118847338454,-1.716454709080785,-0.7295027983243031,0.5339268825780212,0.5160064983608821,0
-0.35297953711749996,1.5403837874987651,0.6984849542151986,-0.8163197139147749,-0.608563863036217,-1.2838173350905882,0.4416560204354478,2.305484432924535,0
-0.35297953711749996,-0.8165071646626495,0.8947798407325436,-0.8774082642982474,-1.9514134690194624,-0.6142338049826545,0.5534166907592836,0.05978894467916318,0
-0.35297953711749996,1.41571155951875,0.7057080898835333,-0.9885201787957604,-1.3056588606080088,-0.9310361394721022,0.4998514035855254,1.3136455270217806,0
-0.35297953711749996,-0.6268892270992691,0.8866542936346988,1.060577971152798,-1.0041693520963915,-1.3141051218004622,-0.8167811977795374,2.3018398290761795,0
-0.35297953711749996,1.98920380822682,0.672481665809194,-0.1963980403432271,-1.9664623472295952,-0.6189760276849094,0.5103523016904343,0.9596053217195654,0
-0.35297953711749996,-1.5149763564843433,0.9432767175974799,0.09200992724098062,-0.13597759626609085,-1.7751640342487582,0.17404694422795317,1.202605705556373,0
-0.35297953711749996,-1.4707239203400857,0.9417574088101882,-1.2997469512556241,-1.690527701252291,-0.7422223925779139,0.5317762395910421,0.5663487630582671,0
-0.35297953711749996,2.064007145014829,0.6681477844081932,-0.09307776141463578,-0.15504555795275554,1.993628994468835,-0.6575705495535451,0.21817982119870005,0
-0.08431414044195645,1.8395971346508015,0.6811494286111955,-0.4030385982004097,0.621587891450784,-1.4964949076330758,0.9237060420599081,0.4327515684558877,1
-0.35297953711749996,-1.071772790804037,0.9186433746715174,-0.7487054636364705,-1.1116948373595206,-0.5016613094658229,0.09619198083970623,0.8470605113798632,0
-0.35297953711749996,1.049532734694768,0.7299549769109299,0.19157299434822,-1.0435016760195468,-1.6760358946728766,-0.24543480307957954,2.530108475408454,1
-0.35297953711749996,1.6151871242867744,0.6941510728141979,-0.7129994349861837,-1.800590349576444,-0.6990181423474211,0.540534511178745,-0.009063906346282402,1
-0.35297953711749996,-2.441400840052494,-0.1762264377379269,0.8987411695586833,-1.690527701252291,-0.7422223925779139,0.5317762395910421,0.5663487630582671,0
-0.35297953711749996,2.064007145014829,0.6681477844081932,-0.09307776141463578,-1.4331974777707666,-0.8684666569962246,0.510430720504181,1.0660048094033843,1
-0.35297953711749996,-0.99010498674562,0.30186647791510957,-1.5337753403810896,-1.716454709080785,-0.7295027983243031,0.5339268825780212,0.5160064983608821,0
-0.35297953711749996,2.014138253822823,0.671037038675527,-0.16195794736703006,-0.5953331834395004,-1.0868954839015639,0.6670362931376664,2.471805980121654,0
-0.35297953711749996,2.288417155378857,0.6551461402051908,0.21688307537113805,-0.2751556434040303,1.2820698202408298,-1.5520327931589832,0.8692560620756076,0
-0.35297953711749996,-2.2316342446867616,0.9917230964457125,-0.502006013513038,-2.1327142341958742,-0.6793858737030951,0.387570500164466,-0.11538270021859287,0
-0.35297953711749996,2.014138253822823,0.671037038675527,-0.16195794736703006,-1.2095143490327072,-0.9782039108184524,0.49187622492535177,1.5003285597474203,1
-0.35297953711749996,0.9538774748241268,-0.5408255007250435,0.44523767424358973,-2.0260782530553634,-0.5445667207142724,0.5607471626804212,1.0221207540356374,0
-0.35297953711749996,-1.4707239203400857,0.9417574088101882,-1.2997469512556241,-1.1420977827743675,-1.9851749669611987,-0.6446190941088927,2.374892165408821,0
-0.35297953711749996,1.98920380822682,0.672481665809194,-0.1963980403432271,-1.609747925133155,-0.589231271950181,0.7511819054868893,0.502124951864025,0
0.14828691058203125,-1.8920123696863302,0.9681415282565098,-0.25611323201494557,0.08081397059772621,-1.3036571334999838,0.8343831264528184,0.9603283868655861,1
-0.35297953711749996,1.5403837874987651,0.6984849542151986,-0.8163197139147749,-0.6253356509638751,0.054157200955541995,-0.5310929263013259,0.516509847711974,0
-0.35297953711749996,-1.7280308798783472,-1.1263036755244735,-1.4014182792791379,-1.5970515969013774,-0.7988727173928163,0.5236509897976915,0.3861456693642908,0
-0.35297953711749996,-1.3724162962582007,0.936111304810904,0.36539053575041114,-0.7660640377557086,-1.311329926100159,0.3194282564834775,2.4940164545166255,0
-0.35297953711749996,-0.828869368925676,0.8976449113629562,-0.8090512894301968,-0.475797540996013,-0.19322507738862194,1.78728111258521,1.236836187072301,0
-0.35297953711749996,1.7149249066707863,0.6883725642795302,-0.5752390630813952,-2.005432851408661,-0.5570786746231475,0.5589525966078582,0.9823205797223805,0
-0.35297953711749996,1.8395971346508015,0.6811494286111955,-0.4030385982004097,-0.9758629088278278,-0.33313892173075255,1.376548808006128,0.7080097621453049,1
-0.35297953711749996,1.7897282434587956,0.6840386828785293,-0.47191878415280386,1.102456767245057,-1.5017755976091167,0.45599533453104996,-0.7086984496681767,1
-0.35297953711749996,1.9642693626308168,0.6739262929428609,-0.2308381333194242,0.030108252837973914,2.7011789738655394,0.23245658070049485,0.6285511084818989,0
-0.35297953711749996,-1.4247914861713662,0.9328823619120405,-0.041505004085509,-1.5970515969013774,-0.7988727173928163,0.5236509897976915,0.3861456693642908,1
-0.35297953711749996,1.8395971346508015,0.6811494286111955,-0.4030385982004097,0.1785913760370479,-0.04180272250290018,2.363795619010243,-0.35311616732795437,1
-0.35297953711749996,-0.6543282497536547,0.8875325214272878,-0.5679706385968171,-1.2197839098755063,-0.5879236042479804,0.9449407663219173,1.0382417164096698,0
-0.35297953711749996,1.5653182330947681,0.6970403270815317,-0.7818796209385778,-0.8912957523577405,-0.5276780725611971,0.026697341832641608,1.5725656409453233,0
-0.35297953711749996,1.4905148963067592,0.7013742084825325,-0.8851998998671691,-1.4331974777707666,-0.8684666569962246,0.510430720504181,1.0660048094033843,0
-1.3158064717305231,-1.0283449336937005,0.9092019284322916,-1.0845720332397735,-1.369682930976587,-1.0151990552965755,0.36949838984020444,1.3219744549198948,0
-0.35297953711749996,-1.1339536369993553,1.7126819937600717,0.8454257409270585,-1.690527701252291,-0.7422223925779139,0.5317762395910421,0.5663487630582671,0
-0.24335371123675337,1.7149249066707863,0.6883725642795302,-0.5752390630813952,-0.27045254405969754,-0.5291262883706319,0.4786236898803207,2.03834745640106,0
-0.35297953711749996,-1.7900859252944734,-0.2169821468672929,1.6257053515527777,-2.045992323455578,-0.13587650516906946,0.2720545483634261,0.5426125320603925,0
-0.35297953711749996,-1.3460516923600705,0.9345342731418536,-1.1275464863746385,-1.189276476723088,-0.6136819744789969,0.942038762188392,0.7357728551390192,0
-0.35297953711749996,1.8146626890547986,0.6825940557448624,-0.43747869117660687,0.8911446626213209,1.3595951285387278,-0.7485088372854924,-1.7986641160720946,1
-0.35297953711749996,-1.2213794643800553,0.9273111374735189,-0.9553460214936531,-0.627088793690619,-0.3598939551775043,0.36618012869348,1.3701520728563756,0
-0.35297953711749996,-1.2760154798494447,-0.25193516382507,2.077672000821639,-1.9514134690194624,-0.6142338049826545,0.5534166907592836,0.05978894467916318,0
-0.35297953711749996,-1.450556599021466,-0.24182277388940154,1.8365913499882591,1.7156056554489423,0.5698786537795051,-1.2691104853485768,0.24433174902622556,0
-0.12593491144099037,-1.7368408823581394,-0.22129259875142426,1.6599104129440672,-0.7604283227020968,-1.2761921545951749,0.4519514174122039,-0.23095855815561128,0
-0.35297953711749996,-0.8568231437836205,0.9022849421506491,-0.6750131470193637,-1.4331974777707666,-0.8684666569962246,0.510430720504181,1.0660048094033843,0
-0.35297953711749996,-2.266859720880473,-0.18633882767359533,1.1398218203920631,-2.5276301023366647,-1.3717000474029137,-0.6197604329486041,0.13474929576219186,0
-0.35297953711749996,-2.3563064726667773,0.9989462321140472,-0.6742064783940236,-2.905685881222631,-1.4294991084124669,-0.9040410413268329,0.5950059749171038,0
-0.35297953711749996,2.064007145014829,0.6681477844081932,-0.09307776141463578,1.985781387986831,-0.0037392028106434383,-1.7456557003755506,-0.6601678856630162,0
-1.618610421246454,1.6899904610747833,0.6898171914131971,-0.6096791560575923,-0.9644445069096781,-0.9328857475866228,0.6967222588412043,0.8476806394702934,1
0.17205023911212614,2.039072699418826,0.6695924115418601,-0.12751785439083296,0.7709773889774663,-1.300114770709305,1.2278630741323235,0.4133174033602876,1
-0.35297953711749996,-1.3211172467640675,0.9330896460081867,-1.0931063933984415,0.5076411063882467,-0.7425710280034952,1.7034032180882908,0.9048022008781573,0
-0.35297953711749996,-2.142039259079479,-0.5150674968648186,-1.3495797539727312,-1.823161493028415,-0.8697743246984252,0.3166718596691532,0.5298880448577392,0
-0.35297953711749996,2.014138253822823,0.671037038675527,-0.16195794736703006,-0.029270812318460737,-1.6348925078746361,0.39130196713682125,1.188724159059516,1
-0.35297953711749996,2.288417155378857,0.6551461402051908,0.21688307537113805,-1.3056588606080088,-0.9310361394721022,0.4998514035855254,1.3136455270217806,0
-0.35297953711749996,-1.2712483555720613,0.9302003917408528,-1.0242262074460473,-1.3056588606080088,-0.9310361394721022,0.4998514035855254,1.3136455270217806,0
-0.35297953711749996,-0.9471005628240219,0.9114202390031827,-0.5765049987554851,-1.6930084381872152,-0.13436388300337032,0.09319933761853677,0.015886501252115548,0
-0.35297953711749996,-0.5392089338446746,0.8756935386081814,-0.6670454769471095,-1.9514134690194624,-0.6142338049826545,0.5534166907592836,0.05978894467916318,0
-0.35297953711749996,-2.3563064726667773,0.9989462321140472,-0.6742064783940236,-2.4853452628950246,-1.2442434637993487,-0.48648117786566003,1.177824234608114,0
-0.35297953711749996,-1.4707239203400857,0.9417574088101882,-1.2997469512556241,-2.258366350066696,-1.400351258368731,-0.5507447246861475,1.4539692883703075,0
-0.35297953711749996,1.8645315802468045,0.6797048014775285,-0.3685985052242126,-0.029270812318460737,-1.6348925078746361,0.39130196713682125,1.188724159059516,1
-0.35297953711749996,-1.3031385874532926,0.9288546298977318,0.2991736961825068,-1.800590349576444,-0.6990181423474211,0.540534511178745,-0.009063906346282402,0
0.17205023911212614,1.9144004714388108,0.6768155472101948,-0.2997183192718184,-1.233014589472223,-0.7848454554370049,0.7195604936196984,0.8719201692125507,1
-0.35297953711749996,-1.7643208124443737,0.9577229889341491,-0.2523910025209903,-0.029270812318460737,-1.6348925078746361,0.39130196713682125,1.188724159059516,0
-0.35297953711749996,1.240339773092632,-0.46032928311590715,0.6829356174208252,-1.801820136238889,-0.8417200194236008,0.3601228642509268,0.5271117355583679,1
-0.35297953711749996,-1.5897796932723525,0.9476105989984807,-0.011310351687610687,-0.1531309309669454,2.3779318304991324,-0.2055166854506716,-0.22024908162975643,0
-1.3036430995512363,1.240339773092632,-0.46032928311590715,0.6829356174208252,-0.9568108932155969,0.04275644085191643,1.8271811272509002,0.3028563903831477,1
-0.35297953711749996,-1.3959205835520765,0.9374235274091874,-1.196426672327033,-2.0579598258119427,-1.111925407634489,-0.11510406394403039,1.451281154587909,0
-0.35297953711749996,-1.1658941181403009,0.9230519377261428,0.57417122890774,0.7244107686410215,-2.1035833584212895,0.32537892678587443,-0.6640518175354553,0
-0.35297953711749996,2.2136138185908476,0.6594800216061916,0.11356279644254674,-2.166741663900533,-1.2790796937611961,-0.33314721916132584,0.5259809405013339,0
-0.35297953711749996,-0.9317190292990538,0.9053597647187441,-0.8133402090105659,-1.7873596699797272,-0.5020962911583966,0.7659147838809636,0.15725764085083682,0
-0.35297953711749996,-2.1318964623027497,0.9859445879110449,-0.3642456416082497,-2.130585516639528,-1.5002303492634268,-0.562624124746649,0.4555534018485766,0
-0.35297953711749996,1.8146626890547986,0.6825940557448624,-0.43747869117660687,0.02196396631151387,-0.35421985922925986,0.9042787022578965,-0.07758523085418811,0
-0.35297953711749996,-2.206699799090759,0.9902784693120457,-0.46756592053684104,-0.132599597297534,-1.584200186248228,0.39987308063508215,0.9880914798593003,0
-0.35297953711749996,2.064007145014829,0.6681477844081932,-0.09307776141463578,0.7787498018872847,-2.2065619687054423,0.2304540325810749,-0.4457078210482579,1
-0.35297953711749996,-1.4956583659360887,0.9432020359438551,-1.3341870442318213,-2.6608656035040923,-1.0040376551047916,-0.2910367083703239,0.6601591790315244,0
-0.35297953711749996,2.413089383358872,0.6479230045368563,0.38908354025212344,-0.25946864003393266,-1.5650700054022098,0.40891311585357804,-0.7031984102490143,0
-0.35297953711749996,2.1388104818028384,0.6638139030071923,0.010242517513955385,-0.7118926480152903,-1.2331250134641802,0.4502271339337087,2.1048517537243194,1
-0.35297953711749996,-0.979306709755791,-0.2698370887701511,0.8968445997625858,-1.2121827562570953,-0.9876864642870046,0.49172615379217477,1.1334424333278044,0
-0.35297953711749996,-1.602351934605329,0.946190155501735,-0.11410741953185846,-1.9514134690194624,-0.6142338049826545,0.5534166907592836,0.05978894467916318,0
-0.35297953711749996,-0.7017833909519253,0.8952809140279132,-0.3338422537282963,-1.4331974777707666,-0.8684666569962246,0.510430720504181,1.0660048094033843,0
-0.35297953711749996,2.113876036206835,0.6652585301408593,-0.024197575462241577,1.3421845899435358,0.7961870221106624,-1.2366515007086065,0.9642123187380252,1
-0.35297953711749996,1.4905148963067592,0.7013742084825325,-0.8851998998671691,0.2517534394602594,-0.986214747327959,0.5299412599232491,0.9312861490383403,1
-0.35297953711749996,-0.9784760425016943,0.9063126741649578,-1.0156918472873793,-1.174543230189991,-1.0252216613040388,0.48794764436083504,0.5673715390633374,0
-0.35297953711749996,-1.5430226800697118,0.9466576895522669,0.19104128658920266,-1.4687948416178962,-0.5375389417704404,0.13230711410457505,0.3626560501357877,0
-0.35297953711749996,1.6392909026286808,-0.483443317254578,1.2339771050399788,-2.176691452621467,-0.47108556215816727,0.5732264534779603,0.7159832357126265,0
-0.35297953711749996,-1.1685725789828727,-0.7893671542829064,-2.1293345142358255,-1.7540992415493668,-0.6739871236655747,0.538324555061509,1.684638748058662,0
-0.24335371123675337,1.9393349170348138,0.6753709200765278,-0.2652782262956213,0.12580543353471296,-1.1043302642689439,-0.06034427250566465,0.9441890364322528,0
-0.35297953711749996,-0.9784760425016943,0.9063126741649578,-1.0156918472873793,-1.1268173290989913,-0.8754692431877069,0.6655301721192692,1.1223371961303186,0
-0.35297953711749996,-1.4118624223560032,0.9360770114460149,0.19509517458466402,-1.2377611181370145,-0.3577047804330544,0.05543661302325947,0.8998365983996623,0
-0.35297953711749996,1.5154493419027621,0.6999295813488655,-0.850759806890972,0.18414275557679938,-1.3543494551263917,0.8258120129545575,1.1609610660658016,1
-0.35297953711749996,2.2385482641868504,0.6580353944725247,0.1480028894187439,-1.4095650368346113,-0.5056100703909613,0.960311678602407,0.3080403116731914,0
-0.35297953711749996,-1.3709861379560735,0.9359789002755204,-1.161986579350836,-1.3397213734198532,-0.925116981811127,0.5023054707108304,0.8858017157094078,0
-1.3036430995512363,0.8500571699267438,0.7415119939802653,-0.08394774946135672,-0.46753239763642984,-1.3692881447643286,0.4293971025756092,2.033604185563881,1
-0.35297953711749996,1.98920380822682,0.672481665809194,-0.1963980403432271,-0.36730664737916785,-0.6634398115562596,0.2609228032665423,2.4330647757921096,0
-0.35297953711749996,1.4484838642308167,0.7068409427722592,0.7426144819673735,-0.7020399673871305,-1.2271670102756858,0.4497812702287984,2.485687526618511,1
-0.35297953711749996,-1.4776797066253138,0.9389670198334004,0.05809304534912707,-1.4318734536715154,-0.8989773968857281,0.5092931634476962,0.0677154927182203,0
-0.35297953711749996,1.6401215698827774,0.692706445680531,-0.6785593420099865,-1.4758801913498185,-0.9245752675458735,0.42352871134063375,1.071557428002127,0
-0.35297953711749996,-2.3064375814747713,0.9960569778467133,-0.6053262924416294,-2.1648270369147227,-0.8947768577308987,0.11890664494154743,0.08755203767287756,0
-0.35297953711749996,1.3238116362508014,0.7140640784405938,0.5704140170863881,-1.716454709080785,-0.7295027983243031,0.5339268825780212,0.5160064983608821,0
-0.35297953711749996,-1.9139274860203919,0.9663907517361506,-0.45903156037817305,0.038339871564999184,-1.2667578000762032,0.09543121410551289,0.9590492420320545,0
-0.35297953711749996,-1.3138991041182098,0.9315020273770791,0.3999997749790136,-1.690527701252291,-0.7422223925779139,0.5317762395910421,0.5663487630582671,0
-0.35297953711749996,1.8146626890547986,0.6825940557448624,-0.43747869117660687,-1.9061727893339468,-1.0515318620387129,0.09642356879820144,-0.4110812326671691,0
-1.5609944477656215,1.6151871242867744,0.6941510728141979,-0.7129994349861837,-0.5953331834395004,-1.0868954839015639,0.6670362931376664,2.471805980121654,1
-0.35297953711749996,-1.3724162962582007,0.936111304810904,0.36539053575041114,-1.690527701252291,-0.7422223925779139,0.5317762395910421,0.5663487630582671,0
-0.35297953711749996,-1.0258403566353176,0.9097683277733697,0.5095364835336444,-1.690527701252291,-0.7422223925779139,0.5317762395910421,0.5663487630582671,0
-0.35297953711749996,-1.2278204984617247,0.920758945501627,-1.3600927770493503,-2.2091570097051334,-1.2252339403583918,-0.3284918352651912,1.5509312273358709,0
-0.35297953711749996,-0.5890778250366807,0.8785827928755153,-0.7359256628995038,-0.9917573738151738,-0.16446793190267628,0.538827276450793,0.9995005120801251,0
-0.35297953711749996,-1.8988836116086565,-1.5503407307033794,0.9892412306059561,-1.5970515969013774,-0.7988727173928163,0.5236509897976915,0.3861456693642908,0
-0.35297953711749996,1.4896842290526624,-0.47477555445257646,1.0273365471827962,-1.3056588606080088,-0.9310361394721022,0.4998514035855254,1.3136455270217806,1
-0.35297953711749996,1.7398593522667893,0.6869279371458632,-0.5407989701051981,-0.765347746432194,-0.4095625556202124,0.6169828742615553,1.5596627535514107,0
-0.35297953711749996,1.6151871242867744,0.6941510728141979,-0.7129994349861837,-0.4194761376440789,-1.0582185843228082,0.8758821463112845,-0.011080933530929094,1
-0.35297953711749996,1.5980905378068349,0.6981731799702576,0.9492550398245563,-0.3366789358587249,-1.243650488209378,0.6445532169943204,1.9731727097816072,1
-0.35297953711749996,-1.0651546162938321,-0.8031672039397177,-2.3820077189572126,-0.7604283227020968,-1.2761921545951749,0.4519514174122039,-0.23095855815561128,0
-0.35297953711749996,-2.2952289584281123,-0.5307164482824342,1.4860540221272376,-2.0581202529670923,-0.7545053313567766,0.3361616678504155,0.07367049117602043,0
-2.1608407494493997,-0.3147989234806473,0.8626918944051791,-0.3570846401613356,0.7244107686410215,-2.1035833584212895,0.32537892678587443,-0.6640518175354553,1
-0.35297953711749996,-1.3211172467640675,0.9330896460081867,-1.0931063933984415,-1.2121827562570953,-0.9876864642870046,0.49172615379217477,1.1334424333278044,0
-0.35297953711749996,-1.6718318154587821,1.8821663861062259,0.41090679942212305,1.1449308662777842,-1.538674931032897,1.1949472468783555,-0.7074193048346451,1
-0.2445418776632581,1.1492705170787803,0.7241764683762623,0.32933336625300846,-0.7020399673871305,-1.2271670102756858,0.4497812702287984,2.485687526618511,1
-0.35297953711749996,1.7647937978627926,0.6854833100121963,-0.506358877129001,-1.4961661489692617,-0.8375747024123387,0.5156539661640063,0.9437390418267099,1
-0.35297953711749996,-0.7041971409456607,0.8904217756946216,-0.6368508245492113,-1.4331974777707666,-0.8684666569962246,0.510430720504181,1.0660048094033843,0
-0.35297953711749996,1.3023948185087584,-1.3696508117730875,-2.3441880134110904,-2.2723152327980625,-0.4197542716520045,0.5813105253166115,0.6784228833344411,0
-0.35297953711749996,-2.331372027070774,0.9975016049803802,-0.6397663854178265,-2.7201001875798108,-1.5528408218224174,-0.9644422282651699,1.2083636369011999,0
-0.35297953711749996,2.064007145014829,0.6681477844081932,-0.09307776141463578,-1.4034587282978037,-0.25001565910272217,0.07008979105762081,1.4629248800356482,0
-0.35297953711749996,-1.8141897036363797,0.960612243201483,-0.32127118847338454,0.18752075454535633,-1.1633856071258617,1.0516381493616864,0.946446840368729,0
-0.35297953711749996,1.1782874851881544,-0.5538271449280461,0.7551985110293635,-1.3386465660691305,-0.3190027954135321,0.06343363665694474,0.3422432259372432,0
-0.35297953711749996,-1.4707239203400857,0.9417574088101882,-1.2997469512556241,-1.3294518125770538,-1.315397288381599,0.04924092931426499,1.3478885590471583,0
-0.35297953711749996,1.8395971346508015,0.6811494286111955,-0.4030385982004097,-0.47939218895962143,0.8832011913579685,2.033478334407711,0.1293528473180411,0
-0.35297953711749996,-1.2673654572386832,-0.2481033891664418,0.787307891207955,-1.9514134690194624,-0.6142338049826545,0.5534166907592836,0.05978894467916318,0
-0.35297953711749996,-1.4189599055216668,-1.1470706710999672,-2.6506026552062414,-1.4961661489692617,-0.8375747024123387,0.5156539661640063,0.9437390418267099,0
-0.35297953711749996,1.1243360714827773,0.7256210955099291,0.29489327327681136,-1.690527701252291,-0.7422223925779139,0.5317762395910421,0.5663487630582671,1
-0.35297953711749996,-1.348121483244772,1.1157049218594952,-1.0261232824181576,-1.971321203892652,-0.9234525845460164,0.19292647452455597,0.013146568048689189,0
-0.35297953711749996,-1.6645830300603615,0.9519444803994814,-0.11463063061620199,-1.83009371690676,-0.33104965901147254,-0.0699518220207086,0.03492928684647578,0
-0.35297953711749996,-0.8641873938468108,-0.28167607158925745,0.7977697614122934,-0.3999217137529697,-1.0011534369658959,0.13352634954430082,1.8039292685364197,0
-0.35297953711749996,-2.5411386224365065,-0.17044792920325924,0.7609807976538949,-1.5970515969013774,-0.7988727173928163,0.5236509897976915,0.3861456693642908,0
-0.35297953711749996,-0.5920971542986221,0.8817781965295413,-0.5674474275124735,-0.546714504785428,-1.333229692957092,0.4358693075837133,1.7864215770782488,0
-0.35297953711749996,-1.3411372394717163,-1.154599956154994,-2.71576061166468,-1.8948478658630674,-0.02707370507950224,1.2283186642560278,0.7481284865124004,0
-0.35297953711749996,-0.15563933783359396,0.8586399787539492,0.12083122092712495,-1.8940664539273575,-0.6423678175325187,0.5486597609720955,0.17113918734769396,0
-0.35297953711749996,1.6899904610747833,0.6898171914131971,-0.6096791560575923,-1.3397213734198532,-0.925116981811127,0.5023054707108304,0.8858017157094078,0
-0.35297953711749996,2.1886793729948444,0.6609246487398586,0.0791227034663497,-1.023697339845187,0.26587227504759303,-0.4974884893546262,0.2887340487275107,1
-0.35297953711749996,-2.3563064726667773,0.9989462321140472,-0.6742064783940236,-2.9275317958386085,-1.1814069449245297,-0.6306869172922361,0.49609277133125407,0
-1.5360275259239273,1.5653182330947681,0.6970403270815317,-0.7818796209385778,-0.4194761376440789,-1.0582185843228082,0.8758821463112845,-0.011080933530929094,1
-0.35297953711749996,-1.3441565687336579,-1.1514045525009677,-2.5472823762776504,-1.276239329026636,0.51755770840115,2.17189312062004,0.9961068744014303,0
-0.35297953711749996,1.9642693626308168,0.6739262929428609,-0.2308381333194242,0.08081397059772621,-1.3036571334999838,0.8343831264528184,0.9603283868655861,0
-0.35297953711749996,-1.4152385741003313,0.9374982090628121,0.22977029914576896,0.038339871564999184,-1.2667578000762032,0.09543121410551289,0.9590492420320545,0
-0.35297953711749996,-1.5334697679986768,0.9512735367030387,0.46231658982048074,0.12580543353471296,-1.1043302642689439,-0.06034427250566465,0.9441890364322528,1
-0.35297953711749996,-1.4457894747440827,0.9403127816765213,-1.265306858279427,-1.8940664539273575,-0.6423678175325187,0.5486597609720955,0.17113918734769396,0
-0.35297953711749996,-1.146576127592046,0.9229772560725181,-0.8520257425650618,-1.2197839098755063,-0.5879236042479804,0.9449407663219173,1.0382417164096698,0
-0.35297953711749996,-2.156830907898753,0.9873892150447118,-0.3986857345844468,-2.271533820862353,-1.0350483841050209,-0.09834837796732065,0.1014335841697348,0
-0.35297953711749996,-1.7768930537773502,0.9563025454374035,-0.3551880703652382,-2.0581202529670923,-0.7545053313567766,0.3361616678504155,0.07367049117602043,0
-0.35297953711749996,1.465580450710756,0.7028188356161994,-0.9196399928433662,-1.0177585461836212,-1.1499478901768643,0.47329693649906507,-0.7306146045007282,0
-0.35297953711749996,-2.4664278343759216,-0.17604086943716568,0.829294293519875,-1.2121827562570953,-0.9876864642870046,0.49172615379217477,1.1334424333278044,0
-0.35297953711749996,-0.598018324479979,0.8911954591318457,-0.09434369708872567,-1.8940664539273575,-0.6423678175325187,0.5486597609720955,0.17113918734769396,0
-0.35297953711749996,1.8395971346508015,0.6811494286111955,-0.4030385982004097,-1.161432828961299,-0.27384750369291244,0.3267954992017503,0.8911162910003081,0
-0.35297953711749996,1.7398593522667893,0.6869279371458632,-0.5407989701051981,0.04513733034578804,2.0772501960280545,-0.4484407764380276,0.02409518100786645,0
-0.35297953711749996,2.438023828954875,0.6464783774031893,0.42352363322832054,-1.7774063153483284,-0.1336230022778434,0.15283910673673404,0.9435793753928357,0
-1.388146527323124,-1.6645830300603615,0.9519444803994814,-0.11463063061620199,-1.690527701252291,-0.7422223925779139,0.5317762395910421,0.5663487630582671,0
-0.35297953711749996,-2.3064375814747713,0.9960569778467133,-0.6053262924416294,-1.5323031080999856,-1.408501043409371,-0.16003891493442957,1.1750870728183758,0
-0.35297953711749996,-0.7915727190666465,0.8933352135988768,-0.8429681713220503,-1.3397213734198532,-0.925116981811127,0.5023054707108304,0.8858017157094078,0
-0.35297953711749996,0.9909953171326015,-0.44588301177923806,0.3385346876588542,-1.2965597971686094,0.3703079728591381,1.0163232925236318,-0.03447844563781011,1
-0.35297953711749996,1.049532734694768,0.7299549769109299,0.19157299434822,-1.562479560515135,-0.5738965609289675,0.792482267081684,0.5496909072620385,1
-0.35297953711749996,-0.4644055970566655,0.8713596572071807,-0.5637251980185183,-0.5894888538395635,-0.9587497684231501,0.14750955088263462,-0.2600007959828572,0
-0.35297953711749996,1.8395971346508015,0.6811494286111955,-0.4030385982004097,0.06579654165398785,1.5000433905131962,-1.1281020642599024,1.0891336867002896,0
-0.35297953711749996,2.088941590610832,0.6667031572745262,-0.05863766843843882,-0.5515269365210088,0.9679058214476957,2.0850545887828353,0.30677963171264594,0
-0.35297953711749996,1.8645315802468045,0.6797048014775285,-0.3685985052242126,-0.5032766420577016,-0.8244856208889225,1.1089397317986336,-0.39486896522285697,0
-0.35297953711749996,-1.7039993237426176,-1.1285323751502836,-2.9286175991479024,-2.193086794019253,-0.4677699310824385,0.5744237293778512,0.5256864179497908,0
-0.35297953711749996,-1.4208550291480797,0.9388681545428543,-1.23086676530323,-1.9514134690194624,-0.6142338049826545,0.5534166907592836,0.05978894467916318,0
-0.35297953711749996,-1.0782138248857065,0.9120911826996254,-1.1534522191921677,-1.4484501912347907,-0.44934252833376226,0.9648171900161039,1.4790642304689816,0
-0.35297953711749996,1.5653182330947681,0.6970403270815317,-0.7818796209385778,-2.436813800943519,-0.7531509284902467,-0.6451734776410083,0.7122652700157234,0
-0.35297953711749996,1.98920380822682,0.672481665809194,-0.1963980403432271,-1.1116948373595206,-0.5016613094658229,0.09619198083970623,0.8470605113798632,0
-1.5539524954512973,-1.4900419108883403,0.9418320904638129,0.12645002021717772,-0.49263923379359786,-1.0366578629028593,-0.23663442419052005,-1.480516071142718,0
-0.35297953711749996,1.390777113922747,0.7071527170172002,-1.0229602717719575,-0.025892813349903898,-1.4439286598741057,0.6171281035439502,0.9742099333624432,1
-0.35297953711749996,1.6650560154787803,0.691261818546864,-0.6441192490337894,-1.583820917304661,-0.6019508662037918,0.7490312624999103,0.55246721656141,0
-0.35297953711749996,2.413089383358872,0.6479230045368563,0.38908354025212344,-1.6066754610321201,0.09081143992075202,0.500447143390923,0.9213689009978642,0
-0.35297953711749996,-2.3064375814747713,0.9960569778467133,-0.6053262924416294,-2.2847645004590693,-1.2319702352940451,-0.32372865066953926,-0.06488796302738442,0
-0.08431414044195645,1.8146626890547986,0.6825940557448624,-0.43747869117660687,-1.3397213734198532,-0.925116981811127,0.5023054707108304,0.8858017157094078,1
-0.35297953711749996,-2.013665268404404,0.9721692602708184,-0.5967919322829613,-0.2541188297411696,-1.0887450920160844,0.8639071483933454,2.005841092570167,0
-0.35297953711749996,1.6151871242867744,0.6941510728141979,-0.7129994349861837,-0.029270812318460737,-1.6348925078746361,0.39130196713682125,1.188724159059516,0
-0.35297953711749996,0.9316999128860854,-2.0966109684363468,-0.6961347758868943,-2.036778896177567,-0.7264510260819521,0.37961267243218916,0.07089418187664898,0
-0.35297953711749996,0.009348869267392312,0.8439117416675092,0.09063656852922652,-1.4331974777707666,-0.8684666569962246,0.510430720504181,1.0660048094033843,0
-0.35297953711749996,-1.0034104880976973,0.9077573012986246,-1.0501319402635763,0.08081397059772621,-1.3036571334999838,0.8343831264528184,0.9603283868655861,0
-1.5609944477656215,0.8999260611187498,0.7386227397129316,-0.015067563508962545,-0.608563863036217,-1.2838173350905882,0.4416560204354478,2.305484432924535,1
-0.35297953711749996,2.2136138185908476,0.6594800216061916,0.11356279644254674,-1.043685554012115,-1.1372282959232534,0.4754475794860442,-0.780956869198113,1
-0.35297953711749996,-0.5641433794406777,0.8771381657418484,-0.7014855699233067,-1.1130771259278762,-0.4476520778738583,1.1621957892307853,1.0243601699128126,0
-0.35297953711749996,-1.963796377212398,0.9692800060034845,-0.5279117463305671,-1.4294554596927296,-1.4540613176721173,-0.2122969970754539,2.8743198445731712,0
-0.35297953711749996,-2.0321586799187377,0.9801660793763771,-0.2264852697034612,-1.690527701252291,-0.7422223925779139,0.5317762395910421,0.5663487630582671,0
-0.35297953711749996,-0.4644055970566655,0.8713596572071807,-0.5637251980185183,-0.46753239763642984,-1.3692881447643286,0.4293971025756092,2.033604185563881,1
-1.6339746808413427,-0.8787382601176822,0.9005341656302901,-0.877931475382591,-1.7158224764648762,-0.6971844016218732,0.5349974130100458,1.6108488577683167,0
-0.35297953711749996,1.6899904610747833,0.6898171914131971,-0.6096791560575923,-0.04718629553627751,-0.24262523243389322,0.9126878719931467,2.3914201363015377,0
-0.35297953711749996,2.263482709782854,0.6565907673388578,0.182442982394941,-1.2121827562570953,-0.9876864642870046,0.49172615379217477,1.1334424333278044,1
0.014653133671615304,-0.3646678146726533,0.865581148672513,-0.4259648261137299,0.4508570371345759,-1.7209293498316711,0.5760980054057192,0.4549620428508591,1
-0.35297953711749996,-2.2316342446867616,0.9917230964457125,-0.502006013513038,-1.6579992498694018,-1.9915770484215967,-0.8302332009541435,-0.6473253255195852,0
-0.35297953711749996,1.41571155951875,0.7057080898835333,-0.9885201787957604,-1.609747925133155,-0.589231271950181,0.7511819054868893,0.502124951864025,0
-0.35297953711749996,-1.1779516072697187,0.9178696912342932,-1.291212591096956,-1.3264906938231364,-0.7281951306221025,0.7276857434130491,1.052123262906527,0
-0.35297953711749996,0.03911088311974703,0.8186167457355684,-0.9949350607339884,-1.9514134690194624,-0.6142338049826545,0.5534166907592836,0.05978894467916318,0
-0.35297953711749996,-1.1126490752039666,0.9187414858420115,0.6083762902990293,0.45654378546106744,-1.3867472431497498,-0.17970526630918215,0.22986108531919613,0
-0.35297953711749996,-1.7270241625853442,0.9534132911700697,-0.28630788441284394,-1.3397213734198532,-0.925116981811127,0.5023054707108304,0.8858017157094078,0
-0.35297953711749996,-1.7707679347462189,-0.21705682852091768,0.1995083800799759,-1.3056588606080088,-0.9310361394721022,0.4998514035855254,1.3136455270217806,0
-0.35297953711749996,-1.5308838421297994,-0.2348598881754529,0.30764078967328,-0.8053687523662038,-1.1764746886492778,0.4583523837270593,2.2850548474182957,0
-0.35297953711749996,2.014138253822823,0.671037038675527,-0.16195794736703006,-0.6326415047769649,-0.6844330768690113,0.004214265689295671,1.0739323706052766,1
-0.35297953711749996,-1.7393863668483707,0.9562783618004822,-0.2179509095447932,0.97630510712104,1.4278052476429544,-0.7517874015922437,2.0532094996093297,0
-0.35297953711749996,-1.870505717130231,-0.2112783199862499,0.061748008175187497,-1.1497007831899877,-1.0075479945404815,0.48691469497338846,1.6164680843723709,0
-0.35297953711749996,-2.3272270944492095,-1.6749814593648509,0.026085392399877116,-0.943103150120152,-0.9048314423117984,0.740173263422978,0.8449043301709219,0
-0.35297953711749996,-1.8455712715342278,-0.2127229471199169,0.09618810115138454,-2.2141868057702476,-1.063182396654885,-0.10310530775450882,0.21278382683826558,0
-0.35297953711749996,1.5653182330947681,0.6970403270815317,-0.7818796209385778,-0.15389307948390762,-0.3828967588080154,0.6954328490842785,2.4053016827983953,0
-0.35297953711749996,-1.1285974682812712,0.9187422399620634,0.5402543470158864,-1.4331974777707666,-0.8684666569962246,0.510430720504181,1.0660048094033843,0
-0.35297953711749996,2.1886793729948444,0.6609246487398586,0.0791227034663497,-0.4436349365548834,-0.7472970882964016,-0.010436082911948419,2.441785083191464,1
-0.35297953711749996,1.8395971346508015,0.6811494286111955,-0.4030385982004097,-0.4436349365548834,-0.7472970882964016,-0.010436082911948419,2.441785083191464,1
-0.35297953711749996,-0.5047215761776365,0.8788647586252861,-0.3613300807396344,-0.526182921591709,-1.1984901106969303,0.6586271234024164,0.00280061296592804,1
-0.35297953711749996,-0.6419660454906282,0.8846674507968753,-0.6363276134648677,-1.4331974777707666,-0.8684666569962246,0.510430720504181,1.0660048094033843,0
-0.35297953711749996,-2.331372027070774,0.9975016049803802,-0.6397663854178265,-2.2847645004590693,-1.2319702352940451,-0.32372865066953926,-0.06488796302738442,0
-0.35297953711749996,-1.4208550291480797,0.9388681545428543,-1.23086676530323,-1.3521333517010707,-2.074754171708913,-0.8533030035195,2.1881410327054622,0
-0.35297953711749996,-0.8359159822755515,0.899147261378382,-0.7423112387779488,-2.6608656035040923,-1.0040376551047916,-0.2910367083703239,0.6601591790315244,0
-0.35297953711749996,1.7647937978627926,0.6854833100121963,-0.506358877129001,-1.716454709080785,-0.7295027983243031,0.5339268825780212,0.5160064983608821,1
-0.35297953711749996,-1.1917314531965775,0.9237124923676663,-1.021908276913419,-0.9656801801316676,-1.426558418080682,-1.052814329169605,2.127580733482186,0
-0.35297953711749996,-1.3460516923600705,0.9345342731418536,-1.1275464863746385,-1.8940664539273575,-0.6423678175325187,0.5486597609720955,0.17113918734769396,0
-0.35297953711749996,-1.1915305658956978,-1.1632677189569953,-2.509120053807498,-1.6748708027705574,-0.7220027830960086,0.5314377591227486,1.5319022826740116,0
-0.21714415771091342,-1.9469148398575835,-1.0429362677287608,-1.4921236672449323,-1.8940664539273575,-0.6423678175325187,0.5486597609720955,0.17113918734769396,0
-0.35297953711749996,-1.104515376024117,0.9194061920108222,0.6763235476344553,-0.132599597297534,-1.584200186248228,0.39987308063508215,0.9880914798593003,0
-0.35297953711749996,-0.7515614550792842,0.8938774293030335,0.8883775062718127,0.09542693876279862,-1.160744513902924,-0.006240409236042022,0.9493502755297557,1
-0.35297953711749996,-1.3709861379560735,0.9359789002755204,-1.161986579350836,-1.716454709080785,-0.7295027983243031,0.5339268825780212,0.5160064983608821,0
-0.35297953711749996,1.6151871242867744,0.6941510728141979,-0.7129994349861837,-1.4331974777707666,-0.8684666569962246,0.510430720504181,1.0660048094033843,0
-0.35297953711749996,-1.071772790804037,0.9186433746715174,-0.7487054636364705,-2.193086794019253,-0.4677699310824385,0.5744237293778512,0.5256864179497908,0
-0.35297953711749996,1.7647937978627926,0.6854833100121963,-0.506358877129001,-1.4318734536715154,-0.8989773968857281,0.5092931634476962,0.0677154927182203,1
-0.35297953711749996,0.7964211181210232,-2.859534876123338,-0.5713028957866655,-1.7193612027161178,-0.6950397894457893,0.5353050107104558,1.6176708089251162,0
-0.35297953711749996,-1.546957415430222,0.9462236947465725,0.12430988491703154,-0.608563863036217,-1.2838173350905882,0.4416560204354478,2.305484432924535,0
-0.35297953711749996,-1.439121576979366,1.7938597720744727,0.7650775992963466,-0.7020399673871305,-1.2271670102756858,0.4497812702287984,2.485687526618511,0
-0.35297953711749996,-2.1981829175756658,-2.4865364592040193,-0.9566642171081546,-0.9500255716686333,-1.732686219487779,-0.25356005287293015,2.349905381714478,0
-0.35297953711749996,-1.0782138248857065,0.9120911826996254,-1.1534522191921677,-1.4331974777707666,-0.8684666569962246,0.510430720504181,1.0660048094033843,0
-0.35297953711749996,-1.1964450187840523,0.925866510339852,-0.920905928517456,-0.519689558339138,-0.04067988346224627,0.9508542461251833,0.473104148746364,0
-0.35297953711749996,-0.45234810792724767,0.8765419036990304,1.3016586219861779,-3.0253997088107676,-1.561887836800591,-1.12016544931132,0.6339624806252767,0
-0.35297953711749996,-2.0820275711107437,0.983055333643711,-0.2953654556558554,-0.3501588322039699,-0.803947413111304,-0.018561332705299027,2.2615819894974876,0
-0.35297953711749996,-1.4956583659360887,0.9432020359438551,-1.3341870442318213,-1.9819730323794333,-0.5685878846827429,0.557006606711733,1.0278723235693574,0
-0.35297953711749996,-0.9535415969056913,0.9048680470312909,-0.9812517543111822,-1.1054759723094651,-0.8474149379128825,0.7089811767010428,1.119560886830947,0
-0.35297953711749996,-1.8141897036363797,0.960612243201483,-0.32127118847338454,0.12580543353471296,-1.1043302642689439,-0.06034427250566465,0.9441890364322528,0
-0.35297953711749996,1.6650560154787803,0.691261818546864,-0.6441192490337894,-1.7158224764648762,-0.6971844016218732,0.5349974130100458,1.6108488577683167,0
-0.35297953711749996,2.31335160097486,0.6537015130715239,0.25132316834733515,-1.716454709080785,-0.7295027983243031,0.5339268825780212,0.5160064983608821,1
-0.35297953711749996,-1.0782138248857065,0.9120911826996254,-1.1534522191921677,-1.6748708027705574,-0.7220027830960086,0.5314377591227486,1.5319022826740116,0
-0.35297953711749996,2.1637449273988416,0.6623692758735255,0.0446826104901526,-0.132599597297534,-1.584200186248228,0.39987308063508215,0.9880914798593003,1
-0.35297953711749996,-1.4707239203400857,0.9417574088101882,-1.2997469512556241,-1.205170941710434,-0.4450109846509205,0.10431723063305681,1.0272636050738395,0
-0.35297953711749996,-0.5545904673696426,0.88175401289262,-0.43021026669202866,-1.5188102598629563,-1.4314023706072336,-0.16171851587561248,0.6555661078393257,0
-0.35297953711749996,-1.1667970076005745,0.9222678652339994,-0.9874681839372218,-1.8589498062105645,-0.8234385760951181,-0.797461205185177,0.5779725056186482,0
-0.35297953711749996,-1.7643208124443737,0.9577229889341491,-0.2523910025209903,-1.716454709080785,-0.7295027983243031,0.5339268825780212,0.5160064983608821,0
-0.35297953711749996,1.7149249066707863,0.6883725642795302,-0.5752390630813952,0.7244107686410215,-2.1035833584212895,0.32537892678587443,-0.6640518175354553,1
-0.35297953711749996,-0.5844365646391266,1.0010825154935437,-0.6627695160695211,-0.27521283159661025,-0.6660809047791973,1.3188013618642709,2.4301613406310825,0
-0.35297953711749996,-1.3959205835520765,0.9374235274091874,-1.196426672327033,-2.1173548370428117,-1.3033084980744023,-0.3372438520444302,0.6218749490456958,0
-0.35297953711749996,-0.8792530123212406,0.9042959686253941,0.8846552767778575,-1.8104651647966377,-1.0794157701410605,0.08914094397995542,0.41390876235800506,0
-0.35297953711749996,-0.828869368925676,0.8976449113629562,-0.8090512894301968,-1.4961661489692617,-0.8375747024123387,0.5156539661640063,0.9437390418267099,0
-0.35297953711749996,1.7897282434587956,0.6840386828785293,-0.47191878415280386,-0.7020399673871305,-1.2271670102756858,0.4497812702287984,2.485687526618511,0
-0.35297953711749996,2.088941590610832,0.6667031572745262,-0.05863766843843882,0.18752075454535633,-1.1633856071258617,1.0516381493616864,0.946446840368729,1
-0.35297953711749996,1.390777113922747,0.7071527170172002,-1.0229602717719575,0.3441502531869456,-1.8612008762057934,0.3588429824968511,0.4688435893477163,0
-0.35297953711749996,1.4905148963067592,0.7013742084825325,-0.8851998998671691,2.2025729548506483,0.4677676979381311,-1.0853195181506854,-0.9024452043538034,1
-0.35297953711749996,1.390777113922747,0.7071527170172002,-1.0229602717719575,-1.8940664539273575,-0.6423678175325187,0.5486597609720955,0.17113918734769396,0
-0.35297953711749996,1.8645315802468045,0.6797048014775285,-0.3685985052242126,-0.029270812318460737,-1.6348925078746361,0.39130196713682125,1.188724159059516,1
-0.35297953711749996,1.8395971346508015,0.6811494286111955,-0.4030385982004097,0.18414275557679938,-1.3543494551263917,0.8258120129545575,1.1609610660658016,1
-0.35297953711749996,1.440646005114753,0.7042634627498663,-0.9540800858195633,-1.0385748801701737,-0.6607615246464275,0.1874343583957825,1.4712863219201744,0
-0.35297953711749996,-1.8640585948283859,0.9635014974688167,-0.3901513744257788,-1.3836380290061174,-0.5183296646445721,0.9581610356154279,0.3583825763705764,0
-0.35297953711749996,-1.5275485978173198,0.9418562741007341,-0.010787140603267131,-1.716454709080785,-0.7295027983243031,0.5339268825780212,0.5160064983608821,0
-0.35297953711749996,-1.0507748022313206,0.9112129549070366,0.47509639055744757,-2.391471284406699,-1.3722417616681675,-0.5409836735784076,-0.05100641653052729,0
-0.35297953711749996,-1.7963018713902523,0.9606699660832418,-0.22009104484493947,-1.9917874332405798,-0.5271241568509122,-0.515114726526294,0.05475483144331572,0
-0.35297953711749996,-2.331372027070774,0.9975016049803802,-0.6397663854178265,-2.455495354775277,-1.4564046774926407,-0.6713366873237283,-0.04267748863241305,0
-0.35297953711749996,1.340908222730741,0.7100419712845341,-1.0918404577243517,-1.4961661489692617,-0.8375747024123387,0.5156539661640063,0.9437390418267099,0
-1.3951884796374479,1.6899904610747833,0.6898171914131971,-0.6096791560575923,-1.4331974777707666,-0.8684666569962246,0.510430720504181,1.0660048094033843,0
-0.09794310827539326,2.363220492166866,0.65081225880419,0.32020335429972935,-1.4051812081020496,-0.1542663895452815,0.34701440551189044,0.41783200368750334,1
-0.35297953711749996,-1.6043902064533078,-0.22269636280325522,2.1705304095458917,-1.9940961825985144,-0.6703424155323033,0.4665146815957364,0.06534156327790608,0
-0.35297953711749996,-1.2712483555720613,0.9302003917408528,-1.0242262074460473,-1.0604412597626731,-1.206056500726513,0.38639492733551783,-0.7250619859019853,0
-0.35297953711749996,-2.156830907898753,0.9873892150447118,-0.3986857345844468,-1.126307805524593,-0.6445739290628828,0.9368155165285666,0.8580386227156935,0
-0.35297953711749996,1.0907330995166138,-0.4516615203139056,0.4762950595636426,-0.5573290844062424,-0.0031446864452120415,0.954632755556523,1.0391750430108309,1
-0.08431414044195645,2.31335160097486,0.6537015130715239,0.25132316834733515,-0.5470147548068366,-0.9956491018469307,0.8864614632299401,-0.25872165114932555,1
-0.35297953711749996,1.6899904610747833,0.6898171914131971,-0.6096791560575923,-1.4331974777707666,-0.8684666569962246,0.510430720504181,1.0660048094033843,0
-0.17202877957510088,1.8645315802468045,0.6797048014775285,-0.3685985052242126,0.37268621390016143,1.723936118446538,-0.7017172682355168,0.881167500012599,1
-0.35297953711749996,1.9144004714388108,0.6768155472101948,-0.2997183192718184,0.2908495395244295,-1.2140779287522698,1.0430670358634255,1.1470795195689443,1
-0.35297953711749996,-1.1006436934233268,0.9141022091743705,0.40621620460505325,-1.0495625791336967,-0.5943844761742092,1.0212634585668088,1.2803298154293232,0
-0.35297953711749996,2.088941590610832,0.6667031572745262,-0.05863766843843882,0.6318589127750274,0.952046366540124,-1.4038363902607478,-0.19394813436184843,1
-1.4668883577469283,1.9144004714388108,0.6768155472101948,-0.2997183192718184,-0.2175103448876945,-0.815170153011533,1.3098580434945672,-1.5060213601999566,0
-0.35297953711749996,-0.8787382601176822,0.9005341656302901,-0.877931475382591,-2.002618434026136,-0.5560759307738677,0.5588011727842961,1.0676724978826142,0
-0.35297953711749996,-1.7393863668483707,0.9562783618004822,-0.2179509095447932,-1.412365644555639,-1.0713076658462244,0.28259638067665727,1.3275270735186377,0
-0.35297953711749996,-2.3064375814747713,0.9960569778467133,-0.6053262924416294,-1.5323031080999856,-1.408501043409371,-0.16003891493442957,1.1750870728183758,0
0.014653133671615304,-0.3800493481976213,0.8716416229569515,-0.18912961585864901,0.456001866979606,0.9233694669613686,-1.6126822434343657,2.288938779290735,1
-0.35297953711749996,-2.2565686902827653,0.9931677235793794,-0.5364461064892352,-1.8940664539273575,-0.6423678175325187,0.5486597609720955,0.17113918734769396,0
-0.35297953711749996,0.6505816051587194,0.7530690110496008,-0.35946849327093355,-1.3194053440912141,-0.34115880484666944,0.4364641461769904,0.34322188504018764,0
-0.35297953711749996,1.6401215698827774,0.692706445680531,-0.6785593420099865,-1.6748708027705574,-0.7220027830960086,0.5314377591227486,1.5319022826740116,0
-0.35297953711749996,-1.6396485844643585,0.9504998532658144,-0.08019053764000489,-1.065026910801641,-1.1652826011980777,0.43199657490427057,-0.7781805598987419,0
-0.35297953711749996,2.014138253822823,0.671037038675527,-0.16195794736703006,-1.3110123381785321,-0.13002472301563417,1.4056810964180464,1.3541103291099088,0
-0.35297953711749996,1.5403837874987651,0.6984849542151986,-0.8163197139147749,-1.5970515969013774,-0.7988727173928163,0.5236509897976915,0.3861456693642908,0
-0.35297953711749996,-1.963796377212398,0.9692800060034845,-0.5279117463305671,-1.6390098920476157,-1.5487725697834929,-0.3772939378432977,1.188968619315233,0
-0.35297953711749996,-1.8018274993733532,0.9577471725710704,-0.3896281633414353,-1.5970515969013774,-0.7988727173928163,0.5236509897976915,0.3861456693642908,0
-0.35297953711749996,1.7149249066707863,0.6883725642795302,-0.5752390630813952,-0.2884435111933269,-0.863002755968222,1.0934210891620522,2.263839793433964,1
-1.5609944477656215,2.088941590610832,0.6667031572745262,-0.05863766843843882,-1.295983260670718,-0.753953500853119,0.7247837392795239,0.7496544016358764,1
-0.35297953711749996,-1.652220825797335,0.9490794097690688,-0.18298760548425258,-1.690527701252291,-0.7422223925779139,0.5317762395910421,0.5663487630582671,0
-0.35297953711749996,1.7897282434587956,0.6840386828785293,-0.47191878415280386,-1.4961661489692617,-0.8375747024123387,0.5156539661640063,0.9437390418267099,1
-0.35297953711749996,1.5653182330947681,0.6970403270815317,-0.7818796209385778,-1.716454709080785,-0.7295027983243031,0.5339268825780212,0.5160064983608821,0
-0.35297953711749996,-0.5815940206674473,-1.1986952616129884,-1.649285689604446,-2.0373564728593854,-0.5350232649936532,0.5618207171353493,1.13464043701616,0
-0.35297953711749996,1.6151871242867744,0.6941510728141979,-0.7129994349861837,-0.871647288363899,0.5470912423253291,1.433289520056231,0.34842427120321745,0
-0.35297953711749996,-1.9574924506307116,-0.30333155466472184,0.09957080880752878,-2.549559871077162,-1.064872847114789,-0.30048390696919014,0.6674878873944344,0
-0.08431414044195645,1.2739427450587955,0.7169533327079276,0.501533831133994,-0.08760813436054715,-1.3848733170171879,-0.4948543183234009,0.9719521294259672,1
-0.35297953711749996,-0.5920971542986221,0.8817781965295413,-0.5674474275124735,-1.3894593650216316,-0.6973031760382166,0.7329089890728744,0.9298574953298527,0
-0.35297953711749996,-2.1920563840924636,-0.1906727090745962,1.2431420993206543,-1.6930084381872152,-0.13436388300337032,0.09319933761853677,0.015886501252115548,0
-0.35297953711749996,-0.7974938892480036,0.9027524762011812,-0.3698644408983024,0.29422753849298644,-1.0231140807517396,1.2688931722705545,0.9325652938718717,0
-0.35297953711749996,2.014138253822823,0.671037038675527,-0.16195794736703006,-0.9855385087651185,-0.5102215603497359,1.1516164723121296,1.272000887531209,1
-0.35297953711749996,1.5902526786907711,0.6955956999478647,-0.7474395279623807,-1.3813486878288221,-0.8661707219524166,0.5509797209524294,0.7607596388333622,0
-0.35297953711749996,-2.013665268404404,0.9721692602708184,-0.5967919322829613,-1.4331974777707666,-0.8684666569962246,0.510430720504181,1.0660048094033843,0
-0.35297953711749996,-1.4457894747440827,0.9403127816765213,-1.265306858279427,-1.3397213734198532,-0.925116981811127,0.5023054707108304,0.8858017157094078,0
-0.35297953711749996,-2.3064375814747713,0.9960569778467133,-0.6053262924416294,-1.9596460477769946,-1.1827879630914022,-0.8670659912762182,0.4265111640213307,0
-0.08431414044195645,1.6899904610747833,0.6898171914131971,-0.6096791560575923,0.368308036111596,-0.8811688857430605,0.3702690999184305,-0.47204138931918616,1
-0.1286956510790455,2.388154937762869,0.6493676316705231,0.35464344727592645,0.06667008433786603,0.9543801959615974,-1.805370573837369,2.8476643741525245,1
-0.35297953711749996,-0.803934923329673,0.8962002842292893,-0.7746111964539997,-1.2095143490327072,-0.9782039108184524,0.49187622492535177,1.5003285597474203,0
-0.35297953711749996,-2.3563064726667773,0.9989462321140472,-0.6742064783940236,-2.185841849408847,-1.5452744317928346,-0.6922100321982712,1.9362262357691131,0
3.141592653589793,1.5653182330947681,0.6970403270815317,-0.7818796209385778,-0.20606256974881876,-0.7776755315745639,1.3103921921290205,-0.03884402652464336,1
-0.35297953711749996,-1.3031385874532926,0.9288546298977318,0.2991736961825068,-0.10237634655575689,0.7822022807088937,-2.019605232038721,0.6460266023476716,0
-0.35297953711749996,0.7538224993546094,2.40760238810381,0.565821552768327,0.6318589127750274,0.952046366540124,-1.4038363902607478,-0.19394813436184843,0
-0.35297953711749996,1.9378147459594117,2.201993959885412,0.35280929233600866,0.18414275557679938,-1.3543494551263917,0.8258120129545575,1.1609610660658016,1
-0.35297953711749996,-1.2283352506652834,0.924520748496731,0.40249397511109797,-1.276931245058487,-0.37805813827045,1.1754160585242959,0.3445010298737192,0
-0.35297953711749996,-1.1031482704817095,0.9135358098332924,-1.1878923121683649,-2.2288511072833006,-0.978939773555372,-0.011446368803773477,0.0958809655709919,0
-0.35297953711749996,-0.2898644778846442,0.8612472672715122,-0.3226445471851385,-2.176691452621467,-0.47108556215816727,0.5732264534779603,0.7159832357126265,0
-0.35297953711749996,-1.4779956216758519,-0.2409445460968126,0.2080427402386439,-1.716454709080785,-0.7295027983243031,0.5339268825780212,0.5160064983608821,0
-0.35297953711749996,-0.11532335871262278,0.8511348773358437,-0.08156389635175892,-1.3397213734198532,-0.925116981811127,0.5023054707108304,0.8858017157094078,0
-0.35297953711749996,1.8645315802468045,0.6797048014775285,-0.3685985052242126,0.22794900249529082,0.7004518502228674,2.243830308599726,-1.0040652823432066,0
-0.35297953711749996,0.3284193498835693,1.473980310144451,-0.31463191487582276,-1.0177585461836212,-1.1499478901768643,0.47329693649906507,-0.7306146045007282,1
-0.35297953711749996,-1.235132641176137,-0.2533805450787887,2.180234037080979,-2.065233545433494,-0.11372049573593201,-0.10097596115661955,0.5416338729574479,0
-0.09794310827539326,2.039072699418826,0.6695924115418601,-0.12751785439083296,0.557563821082206,-1.5806578234575492,0.7933530283145873,0.441080496354002,1
3.141592653589793,2.338286046570863,0.652256885937857,0.28576326132353225,-1.4331974777707666,-0.8684666569962246,0.510430720504181,1.0660048094033843,1
-0.35297953711749996,-2.363864355378684,-1.1530204326383806,-2.0778757643980628,-1.3386465660691305,-0.3190027954135321,0.06343363665694474,0.3422432259372432,0
-0.35297953711749996,-0.7137500530166959,0.88580592854385,-0.9081261277804892,-1.6161036125136083,-1.1747680799754852,0.07301867055291955,0.7912990411264479,0
-0.35297953711749996,-0.2553771202176061,0.8644184872886169,-0.01692915097766351,-1.4331974777707666,-0.8684666569962246,0.510430720504181,1.0660048094033843,0
-0.35297953711749996,1.8645315802468045,0.6797048014775285,-0.3685985052242126,-1.4331974777707666,-0.8684666569962246,0.510430720504181,1.0660048094033843,0
-0.35297953711749996,1.8645315802468045,0.6797048014775285,-0.3685985052242126,0.9378243365362817,-1.8230403056730453,0.7598889726036107,-0.6918149105291698,1
-0.35297953711749996,-1.0877146296079636,0.9172968587083448,0.6428163832752263,-2.176691452621467,-0.47108556215816727,0.5732264534779603,0.7159832357126265,0
-0.35297953711749996,1.7398593522667893,0.6869279371458632,-0.5407989701051981,-1.2121827562570953,-0.9876864642870046,0.49172615379217477,1.1334424333278044,1
-0.35297953711749996,-1.1874524119919758,0.9230753672430123,0.505056011370438,-2.1221443233356707,-0.8386682471812499,0.20580865410509466,0.08199941907413477,0
-0.35297953711749996,-0.23692415008191864,0.8649841325096432,1.6453013090788975,-1.7283436993669448,-1.1485194120518787,-1.0806503088191648,0.09599709107483001,0
-0.35297953711749996,-1.4278108154333078,0.9360777655660665,0.12697323130152127,-1.5970515969013774,-0.7988727173928163,0.5236509897976915,0.3861456693642908,0
-0.35297953711749996,1.7149249066707863,0.6883725642795302,-0.5752390630813952,-0.363928648410611,-0.47247596355572946,0.4867489396736713,2.2185505500950367,1
-0.35297953711749996,1.98920380822682,0.672481665809194,-0.1963980403432271,-1.7158224764648762,-0.6971844016218732,0.5349974130100458,1.6108488577683167,0
-0.35297953711749996,1.8146626890547986,0.6825940557448624,-0.43747869117660687,-1.583820917304661,-0.6019508662037918,0.7490312624999103,0.55246721656141,0
-0.35297953711749996,2.3436903945176955,1.4435492422565182,0.4901085764381975,-1.0177585461836212,-1.1499478901768643,0.47329693649906507,-0.7306146045007282,0
-0.35297953711749996,0.8999260611187498,0.7386227397129316,-0.015067563508962545,-1.9013833030410878,-1.5161721129318653,-0.4466289373513236,0.12879429730439185,0
-0.35297953711749996,-1.2912683482797103,-1.1574892104223278,-2.646880425712286,-2.3838714198422877,-0.98082968122414,-0.13295611211008712,1.1888030111150931,0
-0.35297953711749996,-0.5427568934103401,2.5133432329757217,0.26722609187273116,0.7244107686410215,-2.1035833584212895,0.32537892678587443,-0.6640518175354553,1
-0.35297953711749996,1.7647937978627926,0.6854833100121963,-0.506358877129001,0.6694154348748662,1.2039125197096125,-1.1781721976166295,2.2611756862970203,0
-0.35297953711749996,1.6401215698827774,0.692706445680531,-0.6785593420099865,-1.1747924469385196,-0.38859673501694036,0.050213367363434125,1.0221023659763366,1
-0.35297953711749996,1.2490082994627925,0.7183979598415946,0.46709373815779687,-1.9982666051165046,-1.0488907688157751,-0.961454989799527,-0.40817779750614225,0
-0.35297953711749996,-1.1370422457325327,1.9459134746308955,-0.3557752571841172,-1.800590349576444,-0.6990181423474211,0.540534511178745,-0.009063906346282402,0
-0.35297953711749996,-2.106962016706747,0.9844999607773779,-0.3298055486320525,1.1287710220482756,0.5156439693624182,-1.671161546526343,0.9919754117317394,0
-0.35297953711749996,-1.9419738096057606,0.9697717236909378,-0.36000020102995095,-1.8940664539273575,-0.6423678175325187,0.5486597609720955,0.17113918734769396,0
-0.35297953711749996,-1.3211172467640675,0.9330896460081867,-1.0931063933984415,-1.6185947759973098,-0.43480944229352564,-0.08749564030584572,0.4455950966812177,0
-0.35297953711749996,-1.2785200569078274,-0.252501563166148,0.4835634840482207,-1.9940961825985144,-0.6703424155323033,0.4665146815957364,0.06534156327790608,0
-0.35297953711749996,-1.0009059110393146,0.9083237006397027,0.5439765765098417,-0.035209605980026315,-0.21907234265017894,-0.57948345871687,2.208072812287755,0
-0.35297953711749996,-1.981672068838543,-0.5263826571461674,-1.2437652749120556,-1.7037583808490075,-0.9391442437669384,0.3063959668888235,0.4000272158611479,0
-0.35297953711749996,-1.8141897036363797,0.960612243201483,-0.32127118847338454,-0.5367451939640373,-1.3859294084174025,0.4333969218333747,0.20336519218842497,0
-0.35297953711749996,2.039072699418826,0.6695924115418601,-0.12751785439083296,-0.8053687523662038,-1.1764746886492778,0.4583523837270593,2.2850548474182957,0
-0.35297953711749996,-1.3211172467640675,0.9330896460081867,-1.0931063933984415,-1.4026900446183481,-0.8942250272272411,0.5075287163706558,0.7635359481327336,0
-0.09794310827539326,1.8395971346508015,0.6811494286111955,-0.4030385982004097,-1.1665602710538217,0.3467514041757016,-0.48526660667817145,0.3730431338771251,1
-0.35297953711749996,-0.9011681286553024,0.902545192105035,0.6817369484146301,-1.6445237967732886,-0.39034107704931265,0.9798014867836693,-0.14817724200852744,0
-0.35297953711749996,1.8146626890547986,0.6825940557448624,-0.43747869117660687,-1.2121827562570953,-0.9876864642870046,0.49172615379217477,1.1334424333278044,1
-0.35297953711749996,1.465580450710756,0.7028188356161994,-0.9196399928433662,-1.3264906938231364,-0.7281951306221025,0.7276857434130491,1.052123262906527,0
-1.5609944477656215,2.2715807658496976,1.5100053532014255,0.6854503248694676,-1.5099733650638696,0.08976492011089376,0.5818132467058956,-0.00671535264409584,1
-0.35297953711749996,-1.4208550291480797,0.9388681545428543,-1.23086676530323,-1.4443080141052536,-1.644511817379803,-1.1364799467106153,1.1024922598466873,0
-0.35297953711749996,-1.1345641915380282,0.9169907093216525,0.40545796193580186,-1.5970515969013774,-0.7988727173928163,0.5236509897976915,0.3861456693642908,0
-0.35297953711749996,-1.44721963304621,0.9404451862119048,0.26207025682181984,-1.5970515969013774,-0.7988727173928163,0.5236509897976915,0.3861456693642908,0
-0.35297953711749996,-1.0258403566353176,0.9097683277733697,0.5095364835336444,-0.693929290194321,-1.396034556189886,0.26785200210835336,2.3165896701220206,0
-0.35297953711749996,1.739028685012693,-0.4892218257892458,1.371737476944767,-1.1771011962964544,-0.5318149936983316,1.0318427754854644,1.0326890978109269,0
-0.35297953711749996,1.8894660258428078,0.6782601743438617,-0.3341584122480155,-0.38191961554424025,-0.8063524311533194,1.1015463389554028,2.4440428871279396,1
-0.35297953711749996,-1.4442003037842686,0.9372497825578788,0.09359202143478967,-1.1562693630813268,-0.7346560025483312,0.8040084356579407,1.2942113619261806,0
-0.35297953711749996,-1.1779516072697187,0.9178696912342932,-1.291212591096956,-2.176691452621467,-0.47108556215816727,0.5732264534779603,0.7159832357126265,0
-0.35297953711749996,-1.1667970076005745,0.9222678652339994,-0.9874681839372218,-2.176691452621467,-0.47108556215816727,0.5732264534779603,0.7159832357126265,0
-0.35297953711749996,-1.677155271393338,0.9505240369027358,-0.21742769846044968,-1.5970515969013774,-0.7988727173928163,0.5236509897976915,0.3861456693642908,0
-0.35297953711749996,-0.4893400426526685,0.8728042843408477,-0.5981652909947153,-1.690527701252291,-0.7422223925779139,0.5317762395910421,0.5663487630582671,0
-0.35297953711749996,1.5403837874987651,0.6984849542151986,-0.8163197139147749,-1.8940664539273575,-0.6423678175325187,0.5486597609720955,0.17113918734769396,0
-0.35297953711749996,-1.0507748022313206,0.9112129549070366,0.47509639055744757,-1.2121827562570953,-0.9876864642870046,0.49172615379217477,1.1334424333278044,0
-0.35297953711749996,-2.281503135878768,0.9946123507130464,-0.5708861994654322,-2.194609587008106,-1.5843932650879,-0.6929771384919696,0.46388232974669097,0
-0.35297953711749996,1.8146626890547986,0.6825940557448624,-0.43747869117660687,-1.5681640188229273,-0.5817312567218865,0.7486927820316167,1.5180207361771545,0
-0.35297953711749996,1.9144004714388108,0.6768155472101948,-0.2997183192718184,0.6318589127750274,0.952046366540124,-1.4038363902607478,-0.19394813436184843,0
-0.35297953711749996,1.6151871242867744,0.6941510728141979,-0.7129994349861837,-1.2624666234545585,-0.6440322147976293,0.85803875715837,1.0437943350084127,1
-0.35297953711749996,0.8500571699267438,0.7415119939802653,-0.08394774946135672,-0.029270812318460737,-1.6348925078746361,0.39130196713682125,1.188724159059516,1
-0.09794310827539326,1.3029597131681696,-0.5610502805963804,0.9273989759103489,-1.126307805524593,-0.6445739290628828,0.9368155165285666,0.8580386227156935,1
-0.35297953711749996,-1.337059085567994,0.931743130045014,0.2984154535132554,-0.2884435111933269,-0.863002755968222,1.0934210891620522,2.263839793433964,0
-0.35297953711749996,2.1886793729948444,0.6609246487398586,0.0791227034663497,0.33584100246141646,-1.0147510595212297,0.14833963690494248,1.1309401691356111,0
-0.35297953711749996,-1.8889930404243889,0.9649461246024837,-0.42459146740197584,-0.4194761376440789,-1.0582185843228082,0.8758821463112845,-0.011080933530929094,0
-0.35297953711749996,-1.9139274860203919,0.9663907517361506,-0.45903156037817305,-0.24268438021372096,-1.9154355606228803,-0.04320807868091492,1.2164872520532302,0
-0.35297953711749996,-0.8414416102586525,0.8962244678662106,-0.9118483572744445,-1.5970515969013774,-0.7988727173928163,0.5236509897976915,0.3861456693642908,0
-0.35297953711749996,-1.7643208124443737,0.9577229889341491,-0.2523910025209903,-1.1244653301312513,-1.2902194165509862,0.25604191359019696,-0.7167330580038711,0
0.17205023911212614,2.039072699418826,0.6695924115418601,-0.12751785439083296,1.7604522142054813,-0.916063926063519,2.229200243342661,-0.5734180488193439,1
-0.35297953711749996,1.8886353585887115,-0.4978895885912473,1.5783780348019496,-1.2121827562570953,-0.9876864642870046,0.49172615379217477,1.1334424333278044,1
-0.35297953711749996,1.365842668326744,0.7085973441508671,-1.0574003647481547,-1.5882838593021185,-0.7597538840977508,0.5244180960913901,1.858489575386713,0
-0.35297953711749996,1.4905148963067592,0.7013742084825325,-0.8851998998671691,-0.9360786007484023,-0.6339969978188078,0.2693748376073664,1.581873227946382,0
-0.35297953711749996,-1.0034104880976973,0.9077573012986246,-1.0501319402635763,-2.2847645004590693,-1.2319702352940451,-0.32372865066953926,-0.06488796302738442,0
-0.35297953711749996,-1.3709861379560735,0.9359789002755204,-1.161986579350836,-2.119586357229207,-1.332074914786957,-0.33808647701953476,-0.38331813967345485,0
-0.35297953711749996,2.2136138185908476,0.6594800216061916,0.11356279644254674,0.18414275557679938,-1.3543494551263917,0.8258120129545575,1.1609610660658016,1
-0.35297953711749996,-1.7144519212523677,0.9548337346668152,-0.18351081656859614,-1.690527701252291,-0.7422223925779139,0.5317762395910421,0.5663487630582671,0
-0.35297953711749996,-1.4457894747440827,0.9403127816765213,-1.265306858279427,-2.2274174853669644,-1.2601042478439095,-0.3284855804567274,0.04646227964114635,0
3.141592653589793,2.1886793729948444,0.6609246487398586,0.0791227034663497,-0.8774494362491327,-0.4239592655675784,0.30286768682991866,1.0808196825014025,1
-0.35297953711749996,-1.5872068545353832,-0.5745974779965988,0.7879111338192875,-0.132599597297534,-1.584200186248228,0.39987308063508215,0.9880914798593003,0
-0.35297953711749996,1.5154493419027621,0.6999295813488655,-0.850759806890972,-1.2197839098755063,-0.5879236042479804,0.9449407663219173,1.0382417164096698,0
-1.3708617352788743,-0.9036727057136853,0.901978792763957,-0.9123715683587881,1.5780650402220626,-0.9814111474283126,2.0634191100568193,-0.7751041895103128,0
-0.35297953711749996,0.19983838151671823,0.8337985976117889,0.39983916264574915,-1.2121827562570953,-0.9876864642870046,0.49172615379217477,1.1334424333278044,0
-0.35297953711749996,1.2548209217731596,2.8949801962301986,1.4699193187193715,-2.762385027021451,-1.6802974054259825,-1.097721483348114,0.1652886980552778,0
-0.35297953711749996,-1.7110757695080394,0.9534125370500179,-0.21818594112970105,0.18752075454535633,-1.1633856071258617,1.0516381493616864,0.946446840368729,1
-0.35297953711749996,-2.3563064726667773,0.9989462321140472,-0.6742064783940236,-2.6608656035040923,-1.0040376551047916,-0.2910367083703239,0.6601591790315244,0
-0.35297953711749996,-1.0082684394397283,-0.2700855152750845,0.7606663220516066,-1.8579373646685489,-0.6708841297975568,0.5452914409659331,-0.12041414901481318,0
-0.35297953711749996,-0.4674249263186069,0.8745550608612067,-0.39524696263148806,-0.08058132283781816,0.730087029403514,3.0659147410354746,0.7219994670464932,0
-0.35297953711749996,2.338286046570863,0.652256885937857,0.28576326132353225,-1.972428281513587,-1.2647313790445902,-0.25769998638053504,1.9084631427753989,0
-0.35297953711749996,-1.6147141388683555,0.9490552261321475,-0.04575044466380779,1.555598157838796,1.0767300748589066,-0.8021414548908703,0.9364492257443107,1
-0.35297953711749996,-2.3064375814747713,0.9960569778467133,-0.6053262924416294,-1.9032168507147373,-1.716556687167186,-0.7167767247041361,1.3913821874041807,0
-0.35297953711749996,-0.803934923329673,0.8962002842292893,-0.7746111964539997,-0.632889705539339,-1.3387616370710522,0.44137210049354825,0.016682159462785173,0
-0.35297953711749996,1.8894660258428078,0.6782601743438617,-0.3341584122480155,0.046289808814635736,-0.29927555724879573,0.9045626221997961,2.2112170426075615,0
-0.35297953711749996,-0.1161757120514717,0.8532434565182695,0.020065211290613005,-1.5970515969013774,-0.7988727173928163,0.5236509897976915,0.3861456693642908,0
-0.35297953711749996,2.2385482641868504,0.6580353944725247,0.1480028894187439,-1.161456723511598,-0.19866777860126228,1.3934381877268625,1.8029633893992845,0
-0.35297953711749996,-1.4103856727601143,-2.885679731914416,-0.09330361794904513,-2.1432818448713054,-1.2905889038207916,-0.3350932090574511,0.5715326843483108,0
-0.35297953711749996,-1.627286380201332,0.9476347826354019,-0.14854751250805553,-1.690527701252291,-0.7422223925779139,0.5317762395910421,0.5663487630582671,0
-0.35297953711749996,1.7647937978627926,0.6854833100121963,-0.506358877129001,-1.716454709080785,-0.7295027983243031,0.5339268825780212,0.5160064983608821,1
-0.35297953711749996,2.1637449273988416,0.6623692758735255,0.0446826104901526,-1.7787911476633713,-0.6662924470379873,0.5402206586698711,1.4885830901916424,0
-0.35297953711749996,1.2774603729127554,-1.368206184639421,-2.3786281063872874,-1.6229786047298713,-0.7861531231392055,0.5258016327846707,0.3358034046669057,0
3.141592653589793,-1.4401730196963343,0.9389428361964791,0.19533020616957192,-0.7593535153513742,-0.6700779681975799,0.013079583358318214,-0.7745170479277759,1
-0.1777948813507857,1.8894660258428078,0.6782601743438617,-0.3341584122480155,-0.9841562201967627,-0.5642307919417004,0.08561266392105055,1.0947012289982596,0
-0.35297953711749996,1.6151871242867744,0.6941510728141979,-0.7129994349861837,-1.4961661489692617,-0.8375747024123387,0.5156539661640063,0.9437390418267099,1
-0.35297953711749996,0.7752538331387346,0.7458458753812661,-0.187268028389948,-1.5970515969013774,-0.7988727173928163,0.5236509897976915,0.3861456693642908,1
0.17205023911212614,1.8395971346508015,0.6811494286111955,-0.4030385982004097,-0.526182921591709,-1.1984901106969303,0.6586271234024164,0.00280061296592804,1
-0.35297953711749996,-1.6645830300603615,0.9519444803994814,-0.11463063061620199,-2.0581202529670923,-0.7545053313567766,0.3361616678504155,0.07367049117602043,0
-0.35297953711749996,-2.6314160414769074,-0.16131263235072557,0.8594889459177735,-1.023697339845187,0.26587227504759303,-0.4974884893546262,0.2887340487275107,0
-0.35297953711749996,-1.2283352506652834,0.924520748496731,0.40249397511109797,0.41176093707040584,-1.4930661684073605,0.06297222946554265,0.23916867232025496,0
-0.35297953711749996,-1.8018274993733532,0.9577471725710704,-0.3896281633414353,-1.4318734536715154,-0.8989773968857281,0.5092931634476962,0.0677154927182203,0
-0.35297953711749996,-2.206699799090759,0.9902784693120457,-0.46756592053684104,-1.690527701252291,-0.7422223925779139,0.5317762395910421,0.5663487630582671,0
-0.27700677796393186,-1.8889930404243889,0.9649461246024837,-0.42459146740197584,-1.9514134690194624,-0.6142338049826545,0.5534166907592836,0.05978894467916318,0
-0.35297953711749996,1.5902526786907711,0.6955956999478647,-0.7474395279623807,-1.3183800166303272,-0.8970626765363027,0.5457564752926041,0.8830254064100364,1
-0.35297953711749996,1.98920380822682,0.672481665809194,-0.1963980403432271,-0.31898821874650407,-0.5721934295016265,0.48034797335881596,-0.2974628554788703,0
-0.35297953711749996,1.8645315802468045,0.6797048014775285,-0.3685985052242126,-0.5426839876256029,0.029890756807054553,-0.5373885040203167,1.222713845416664,0
-0.35297953711749996,-0.517293817510613,0.8774443151285405,-0.46412714858388227,0.4992264990401196,-1.3306386326001012,-0.09280325714563492,0.22430846672045324,0
-0.35297953711749996,-1.7963018713902523,0.9606699660832418,-0.22009104484493947,-1.7169058992687618,-0.7563549394712972,0.5330325231060944,-0.3922943963754668,0
-0.35297953711749996,1.8146626890547986,0.6825940557448624,-0.43747869117660687,-0.30558491724285963,-0.0009057816477432423,1.1575551940553857,-0.9346575498589207,0
0.6194997369052659,0.13402109724740757,0.8366886059991745,0.26283703341021214,0.2908495395244295,-1.2140779287522698,1.0430670358634255,1.1470795195689443,1
-0.35297953711749996,-1.2463139099760583,0.9287557646071858,-0.9897861144698502,-1.8940664539273575,-0.6423678175325187,0.5486597609720955,0.17113918734769396,0
-0.35297953711749996,2.113876036206835,0.6652585301408593,-0.024197575462241577,1.5066646820891045,-1.109497330680021,0.7261587802393477,-0.550689069061477,1
-0.35297953711749996,0.37547203634858917,-0.4071898534151721,1.1742269310408637,-0.37936164943777684,-1.2997590987590266,0.5576512078307732,1.9787253283803499,0
-0.35297953711749996,-1.7458334891502156,-0.21850145565458468,0.23394847305617295,-1.8940664539273575,-0.6423678175325187,0.5486597609720955,0.17113918734769396,0
-0.35297953711749996,-1.6043902064533078,-0.22269636280325522,2.1705304095458917,-1.8940664539273575,-0.6423678175325187,0.5486597609720955,0.17113918734769396,0
-1.5360275259239273,1.9144004714388108,0.6768155472101948,-0.2997183192718184,-0.025892813349903898,-1.4439286598741057,0.6171281035439502,0.9742099333624432,1
-0.35297953711749996,-1.7519586081813472,0.9548579183037366,-0.32074797738904104,-1.369682930976587,-1.0151990552965755,0.36949838984020444,1.3219744549198948,0
-0.21095870307881517,1.7398593522667893,0.6869279371458632,-0.5407989701051981,-1.3483415741870608,-0.9871447500217511,0.4129493944219781,1.3191981456205235,0
0.17205023911212614,1.98920380822682,0.672481665809194,-0.1963980403432271,1.4859712244395045,-0.9787700542053748,1.0055405514590907,-0.7722007543492859,1
-0.35297953711749996,2.288417155378857,0.6551461402051908,0.21688307537113805,-0.47401343132679785,-0.8037113379303817,0.04366778035767421,2.4469463222889667,0
-1.3036430995512363,1.9393349170348138,0.6753709200765278,-0.2652782262956213,-1.190331875893171,-0.7287368448873561,0.8064625027832457,0.8663675506138078,0
-0.35297953711749996,2.1172201511988975,0.8889848079177011,0.10939541679796327,0.7146561145603816,0.7666144626535545,-1.6351653195777118,1.7903055089506879,1
-0.35297953711749996,1.7647937978627926,0.6854833100121963,-0.506358877129001,-1.0922452927127486,-0.650493086723858,0.9343614494032616,1.2858824340280663,0
-1.570597110012427,2.113876036206835,0.6652585301408593,-0.024197575462241577,-0.38191961554424025,-0.8063524311533194,1.1015463389554028,2.4440428871279396,1
-0.35297953711749996,1.5653182330947681,0.6970403270815317,-0.7818796209385778,0.6251745049656661,-1.2125231156591163,0.4974822752832789,0.21140557932654058,0
-0.35297953711749996,-1.9702434995142433,-0.20549981145158225,-0.07601236372960085,-2.237577193964814,-0.4408069374322191,0.5782909809655583,0.6114549442008954,0
-0.35297953711749996,1.6151871242867744,0.6941510728141979,-0.7129994349861837,-1.3397213734198532,-0.925116981811127,0.5023054707108304,0.8858017157094078,0
-0.35297953711749996,1.2774603729127554,-1.368206184639421,-2.3786281063872874,-2.0424097112098716,-0.5319607968269493,0.5622599611982908,1.1443820623251502,0
-0.35297953711749996,-1.7892552580403767,0.959167616067816,-0.28683109549718744,-1.9538727026868568,-0.6238189774186997,0.5532492686982099,-0.306691031110055,0
-0.35297953711749996,1.9393349170348138,0.6753709200765278,-0.2652782262956213,-1.2624666234545585,-0.6440322147976293,0.85803875715837,1.0437943350084127,0
-0.35297953711749996,-2.139168163638516,-0.19675736699595592,1.1435440498860183,-0.1286857103309399,-0.16242201783527654,-0.5713582089235194,2.388275905981731,0
-0.35297953711749996,2.014138253822823,0.671037038675527,-0.16195794736703006,-1.4961661489692617,-0.8375747024123387,0.5156539661640063,0.9437390418267099,1
-0.35297953711749996,-0.9326344353976224,0.9017303662590237,-1.0485498460697675,-1.9514134690194624,-0.6142338049826545,0.5534166907592836,0.05978894467916318,0
-0.18569269347990544,-0.3904329275227531,-0.3091239871289291,1.4521315279600382,-0.46215885122313094,-1.1143271948724571,0.7889801371477372,-0.005528314932186196,1
-0.35297953711749996,1.9144004714388108,0.6768155472101948,-0.2997183192718184,-1.716454709080785,-0.7295027983243031,0.5339268825780212,0.5160064983608821,0
-0.08431414044195645,2.1637449273988416,0.6623692758735255,0.0446826104901526,0.7628915392257798,1.14726219489471,-1.18629744740998,2.080972592603044,1
-0.08431414044195645,1.4775008323401908,-0.5711626705320489,1.1684796267437287,-1.1116948373595206,-0.5016613094658229,0.09619198083970623,0.8470605113798632,1
-0.35297953711749996,1.8645315802468045,0.6797048014775285,-0.3685985052242126,0.8569916656109318,2.884002870214883,0.886446709080165,0.591516973734133,0
-1.8990081588531722,1.6650560154787803,0.691261818546864,-0.6441192490337894,-0.526182921591709,-1.1984901106969303,0.6586271234024164,0.00280061296592804,1
0.014653133671615304,-0.7386844986126989,0.887250555677517,-0.9425662207566863,-1.9514134690194624,-0.6142338049826545,0.5534166907592836,0.05978894467916318,1
-0.35297953711749996,2.014138253822823,0.671037038675527,-0.16195794736703006,-1.189276476723088,-0.6136819744789969,0.942038762188392,0.7357728551390192,0
-0.35297953711749996,1.5403837874987651,0.6984849542151986,-0.8163197139147749,-1.3397213734198532,-0.925116981811127,0.5023054707108304,0.8858017157094078,0
-0.35297953711749996,-2.0820275711107437,0.983055333643711,-0.2953654556558554,-1.690527701252291,-0.7422223925779139,0.5317762395910421,0.5663487630582671,0
-0.35297953711749996,-1.0782138248857065,0.9120911826996254,-1.1534522191921677,-0.7499501473129724,-1.5734645171922175,-0.6531630271681198,0.22429652174986492,0
-0.35297953711749996,1.8395971346508015,0.6811494286111955,-0.4030385982004097,-0.132599597297534,-1.584200186248228,0.39987308063508215,0.9880914798593003,1
-0.35297953711749996,1.390777113922747,0.7071527170172002,-1.0229602717719575,-1.9581280340805756,-0.5830389244240871,0.5549339211965889,0.9819039716315097,0
-0.35297953711749996,-2.206699799090759,0.9902784693120457,-0.46756592053684104,-1.0177585461836212,-1.1499478901768643,0.47329693649906507,-0.7306146045007282,0
-0.35297953711749996,1.440646005114753,0.7042634627498663,-0.9540800858195633,-1.716454709080785,-0.7295027983243031,0.5339268825780212,0.5160064983608821,0
-0.35297953711749996,1.5902526786907711,0.6955956999478647,-0.7474395279623807,-1.126307805524593,-0.6445739290628828,0.9368155165285666,0.8580386227156935,0
-0.35297953711749996,-1.4527452610293108,0.9375223926997334,0.09253313832532417,-1.0470046130272332,-1.0877911437799164,0.4773683274421794,0.8150122566817338,0
-0.3322215707250347,-1.0894890937541826,0.9185003831740768,0.7099606117647874,-1.2488045667219976,-2.1254464933353208,-0.8618741170177608,2.388773711905678,0
-0.35297953711749996,1.5902526786907711,0.6955956999478647,-0.7474395279623807,-0.7978196480068271,-0.5843283973760997,0.018572092039291,1.3923625472513468,0
-0.35297953711749996,-1.1964450187840523,0.925866510339852,-0.920905928517456,-1.3056588606080088,-0.9310361394721022,0.4998514035855254,1.3136455270217806,0
-0.35297953711749996,1.5403837874987651,0.6984849542151986,-0.8163197139147749,-0.8996635580326161,-0.1671090251256141,1.5967058350485215,0.9965970769190983,0
-0.35297953711749996,1.3151431098806412,-0.4646631645169079,0.7862558963494164,-1.023697339845187,0.26587227504759303,-0.4974884893546262,0.2887340487275107,1
-0.35297953711749996,-0.848399466574846,1.6903818948152842,-0.6391460672917285,-1.2786443139507926,-1.0219593025816047,0.49493738766730655,-1.237174422879832,0
-0.08431414044195645,1.7149249066707863,0.6883725642795302,-0.5752390630813952,0.2908495395244295,-1.2140779287522698,1.0430670358634255,1.1470795195689443,1
-0.35297953711749996,-1.4457894747440827,0.9403127816765213,-1.265306858279427,-1.7301014980202432,-0.1595832520787831,0.14882043132546477,0.9431627673019649,0
-0.35297953711749996,1.1029192537407342,-1.3580937947037524,-2.619708757220667,-1.4851158016057302,-0.6173377455475447,0.7419807167006682,1.8514299800466556,0
-0.35297953711749996,1.465580450710756,0.7028188356161994,-0.9196399928433662,-1.0470046130272332,-1.0877911437799164,0.4773683274421794,0.8150122566817338,0
-0.35297953711749996,1.7897282434587956,0.6840386828785293,-0.47191878415280386,-1.4961661489692617,-0.8375747024123387,0.5156539661640063,0.9437390418267099,0
-0.35297953711749996,1.5902526786907711,0.6955956999478647,-0.7474395279623807,-1.2121827562570953,-0.9876864642870046,0.49172615379217477,1.1334424333278044,0
-0.35297953711749996,-1.677155271393338,0.9505240369027358,-0.21742769846044968,-1.7972344851999211,-0.882493918952036,0.31452121668217403,0.5802303095551242,0
-0.09333022685484543,-0.5993459396970425,1.8120001022362857,-0.041909997474148586,-0.5367451939640373,-1.3859294084174025,0.4333969218333747,0.20336519218842497,1
-0.35297953711749996,1.98920380822682,0.672481665809194,-0.1963980403432271,-0.8912957523577405,-0.5276780725611971,0.026697341832641608,1.5725656409453233,1
-0.35297953711749996,-0.9784760425016943,0.9063126741649578,-1.0156918472873793,-1.9514134690194624,-0.6142338049826545,0.5534166907592836,0.05978894467916318,0
-0.35297953711749996,2.014138253822823,0.671037038675527,-0.16195794736703006,-1.2121827562570953,-0.9876864642870046,0.49172615379217477,1.1334424333278044,1
-0.35297953711749996,-1.472154078642213,0.9418898133455718,0.22763016384562268,-0.132599597297534,-1.584200186248228,0.39987308063508215,0.9880914798593003,0
-0.35297953711749996,-1.9209740993702675,0.9678931017515764,-0.3922915097259251,-2.378240604809983,-1.175319910479143,-0.31560340087618877,0.11531513066659194,0
-0.35297953711749996,-1.8326831151507132,0.9686090623070418,0.04903547410611553,-1.3056588606080088,-0.9310361394721022,0.4998514035855254,1.3136455270217806,0
-0.08431414044195645,2.064007145014829,0.6681477844081932,-0.09307776141463578,-0.757511972704786,-0.08676588800443163,0.7455029824410054,1.2332596832016645,1
-0.3161114318244851,-2.2316342446867616,0.9917230964457125,-0.502006013513038,-1.2311721140788814,-1.4304909429251085,0.038786890681328845,-0.702851511507014,0
-0.09794310827539326,2.039072699418826,0.6695924115418601,-0.12751785439083296,-1.0693390131787412,-0.27648859691585015,1.3846740577994787,0.8882128558392812,1
-0.35297953711749996,-1.5533353967521717,0.9454094804168269,0.05640187406290764,-1.4331974777707666,-0.8684666569962246,0.510430720504181,1.0660048094033843,0
-0.35297953711749996,-1.8279057697623422,-2.399688919629904,-1.3164428516015276,-0.7604283227020968,-1.2761921545951749,0.4519514174122039,-0.23095855815561128,0
-0.35297953711749996,-1.3211172467640675,0.9330896460081867,-1.0931063933984415,-1.2212972988586874,-1.0500933151314689,0.49018045788011844,-1.1258241802113014,0
-0.35297953711749996,-1.3709861379560735,0.9359789002755204,-1.161986579350836,-1.4961661489692617,-0.8375747024123387,0.5156539661640063,0.9437390418267099,0
-0.35297953711749996,2.263482709782854,0.6565907673388578,0.182442982394941,-0.3805373269758845,-0.8603616627452841,0.035542530564323604,2.26674322859499,1
-0.3489956849815723,-0.7666382734706435,0.8918905864652098,-0.8085280783458532,-1.3992408508732277,-0.27422521032342284,1.1870700794370599,1.5760261694345448,0
-0.35297953711749996,-1.0782138248857065,0.9120911826996254,-1.1534522191921677,-0.8996635580326161,-0.1671090251256141,1.5967058350485215,0.9965970769190983,0
-0.35297953711749996,-0.9759714654433116,0.9068790735060358,0.5784166694860386,-1.9819730323794333,-0.5685878846827429,0.557006606711733,1.0278723235693574,0
-0.35297953711749996,2.2136138185908476,0.6594800216061916,0.11356279644254674,-1.6310892819226808,-0.6172855772250054,0.7077309009051158,0.5049012611633964,0
-0.35297953711749996,-1.3709861379560735,0.9359789002755204,-1.161986579350836,-2.1780577165114394,-1.0916987089199233,-0.10647362776067126,-0.07876950952424167,0
-1.4233562888947437,1.9144004714388108,0.6768155472101948,-0.2997183192718184,-1.2984744241544195,-0.013994863171159277,0.5642694284207586,0.4039504571906462,0
-0.35297953711749996,-1.7707679347462189,-0.21705682852091768,0.1995083800799759,-1.2197839098755063,-0.5879236042479804,0.9449407663219173,1.0382417164096698,0
-0.2628186729886105,1.7647937978627926,0.6854833100121963,-0.506358877129001,-1.6229786047298713,-0.7861531231392055,0.5258016327846707,0.3358034046669057,0
-0.35297953711749996,1.365842668326744,0.7085973441508671,-1.0574003647481547,-0.8061874536817026,-0.2237593499405165,1.5885805852551709,0.8163939832251219,0
-1.3785438650763184,-1.4208550291480797,0.9388681545428543,-1.23086676530323,-1.0778650978594642,-1.808004107163296,-1.16631598354733,2.359731474078432,0
-0.1997060680983879,0.7752538331387346,0.7458458753812661,-0.187268028389948,-1.9514134690194624,-0.6142338049826545,0.5534166907592836,0.05978894467916318,1
-0.35297953711749996,1.8645315802468045,0.6797048014775285,-0.3685985052242126,0.12580543353471296,-1.1043302642689439,-0.06034427250566465,0.9441890364322528,1
-0.35297953711749996,-1.3002100852559986,0.9299519652359195,-1.1604044851570268,-1.3397213734198532,-0.925116981811127,0.5023054707108304,0.8858017157094078,0
-0.35297953711749996,-1.0751823550037825,-0.5867091612222934,-1.9366038395322414,-2.0007732378749874,-0.7826393439066408,0.3314047380632274,0.1850207338445512,0
-0.35297953711749996,-1.4956583659360887,0.9432020359438551,-1.3341870442318213,-2.6199139298097736,-1.0288560365789268,-0.2945963622576211,0.5812126039372195,0
-0.35297953711749996,2.288417155378857,0.6551461402051908,0.21688307537113805,0.029174731189085534,0.36228336146487994,-2.481702335069838,2.3444649652781635,1
-0.35297953711749996,1.390777113922747,0.7071527170172002,-1.0229602717719575,-0.4194761376440789,-1.0582185843228082,0.8758821463112845,-0.011080933530929094,0
-0.35297953711749996,1.5154493419027621,0.6999295813488655,-0.850759806890972,0.557563821082206,-1.5806578234575492,0.7933530283145873,0.441080496354002,1
-0.35297953711749996,0.9497949523107558,0.7357334854455977,0.05381262244343171,-1.690527701252291,-0.7422223925779139,0.5317762395910421,0.5663487630582671,1
-1.359978718065828,1.2661048859427317,0.7143758526855348,-1.1951607366529429,-2.176691452621467,-0.47108556215816727,0.5732264534779603,0.7159832357126265,0
-0.35297953711749996,1.315973777134738,0.7114865984182009,-1.1262805507005487,-1.1989520766603787,-0.7907646130979801,0.7171064264943934,1.2997639805249235,0
-0.35297953711749996,1.390777113922747,0.7071527170172002,-1.0229602717719575,-1.3880333929268516,-0.29477399110032587,0.06753026954004904,0.2463492173928813,0
-0.35297953711749996,2.0947542129211993,2.84328539366313,0.9441879121231362,0.5609418200507625,-1.389693975457019,1.019179164721716,0.22656627065692925,1
-0.35297953711749996,0.974729397906759,0.7342888583119307,0.08825271541962876,-1.0148841718205095,-1.2191218309507397,0.3390401350366849,1.0100242173054879,1
-0.35297953711749996,-1.2123868575879788,0.9245199943766793,0.4706159183942409,-1.2377611181370145,-0.3577047804330544,0.05543661302325947,0.8998365983996623,0
-0.35297953711749996,-2.408727123197862,-1.525846362029747,-0.003305036077720036,-0.501857079088587,-1.143545808716466,0.6589110433443159,2.291602886427678,0
-0.35297953711749996,2.064007145014829,0.6681477844081932,-0.09307776141463578,0.18414275557679938,-1.3543494551263917,0.8258120129545575,1.1609610660658016,1
-0.35297953711749996,-2.013665268404404,0.9721692602708184,-0.5967919322829613,-1.7296853886775017,-0.9264246495133276,0.3085466098758026,0.34968495116376286,0
-0.08431414044195645,1.9144004714388108,0.6768155472101948,-0.2997183192718184,0.547461443706287,-0.37918366743369647,-0.40401137560836753,0.8767983127256631,1
-0.35297953711749996,0.08415220605540147,0.8395778602665083,0.193956847457818,-2.159584777226006,-0.4814529038909585,0.5717394851058072,0.6830050125561692,0
-0.35297953711749996,1.7897282434587956,0.6840386828785293,-0.47191878415280386,1.5780650402220626,-0.9814111474283126,2.0634191100568193,-0.7751041895103128,1
-0.35297953711749996,-1.9243110653455235,-0.2143748583497299,1.1822295834405143,-1.690527701252291,-0.7422223925779139,0.5317762395910421,0.5663487630582671,0
-0.35297953711749996,1.8444174509228402,1.7062396651417584,0.19421423557649803,-0.14741204579353961,-0.9484735656419623,1.0811621713022135,1.9919595460733097,0
-0.35297953711749996,-1.1280827160777127,0.9149804369669593,-1.222332405144562,-1.0922452927127486,-0.650493086723858,0.9343614494032616,1.2858824340280663,0
0.17205023911212614,1.6650560154787803,0.691261818546864,-0.6441192490337894,0.37268621390016143,1.723936118446538,-0.7017172682355168,0.881167500012599,1
0.6194997369052659,-0.9388752659700503,1.8368407292583944,-0.2527959959096299,0.8311175525886516,-1.9633118320471672,0.5426339496947425,-0.6779333640323126,1
-0.35297953711749996,1.7657867742696058,1.4421003884127224,-0.328226224702212,0.8776841729250964,-1.159843244335183,1.4451180970411914,0.39943585686343047,1
-0.35297953711749996,2.113876036206835,0.6652585301408593,-0.024197575462241577,-1.5405329284238407,0.1354108404108053,0.5854031626583451,0.9613680262460982,0
0.17205023911212614,1.8894660258428078,0.6782601743438617,-0.3341584122480155,0.557563821082206,-1.5806578234575492,0.7933530283145873,0.441080496354002,1
-0.35297953711749996,-1.3460516923600705,0.9345342731418536,-1.1275464863746385,-0.9706633719597333,-0.5871321191395633,0.08393306297986763,0.5751802640192094,0
-0.35297953711749996,-1.7892552580403767,0.959167616067816,-0.28683109549718744,-0.46215885122313094,-1.1143271948724571,0.7889801371477372,-0.005528314932186196,0
-0.11363389431952942,-1.6645830300603615,0.9519444803994814,-0.11463063061620199,-1.3836380290061174,-0.5183296646445721,0.9581610356154279,0.3583825763705764,0
-1.5609944477656215,2.1388104818028384,0.6638139030071923,0.010242517513955385,-0.029270812318460737,-1.6348925078746361,0.39130196713682125,1.188724159059516,1
-0.35297953711749996,-2.156830907898753,0.9873892150447118,-0.3986857345844468,-1.0489377569126617,-2.0592327350131887,-0.6094271881291923,0.26999661537333947,0
-0.2445418776632581,1.8146626890547986,0.6825940557448624,-0.43747869117660687,-1.233014589472223,-0.7848454554370049,0.7195604936196984,0.8719201692125507,1
-1.8586769774165894,2.288417155378857,0.6551461402051908,0.21688307537113805,-1.2984744241544195,-0.013994863171159277,0.5642694284207586,0.4039504571906462,0
-0.35297953711749996,-1.4408750218557285,-1.1488214476203262,-2.8535209835694686,-0.9702127251988526,-0.7198636751276605,-0.1401418388466582,2.8118611891073404,0
-0.35297953711749996,1.7398593522667893,0.6869279371458632,-0.5407989701051981,-0.43783300872000896,-1.0593828928919928,0.7892640570896368,2.2832739585295636,0
-0.35297953711749996,-2.107792683960844,-0.1916498021577311,1.5827308984179127,-1.690527701252291,-0.7422223925779139,0.5317762395910421,0.5663487630582671,0
-0.35297953711749996,0.13402109724740757,0.8366886059991745,0.26283703341021214,0.6822615721634655,-1.106509829485837,0.39581065194172405,0.20170661282424196,0
-0.35297953711749996,1.440646005114753,0.7042634627498663,-0.9540800858195633,-1.1537113969748631,-1.2280626701540385,0.2601133045333112,0.828893803178591,0
-0.35297953711749996,-1.9169468152823335,0.9695861553901766,-0.2905533249911427,-0.6654181569222282,-0.08940698122736945,1.8033815410387342,1.2303562480406376,0
-0.35297953711749996,0.8749916155227468,0.7400673668465985,-0.04950765648515967,-0.029270812318460737,-1.6348925078746361,0.39130196713682125,1.188724159059516,1
-0.35297953711749996,1.5653182330947681,0.6970403270815317,-0.7818796209385778,-1.2197839098755063,-0.5879236042479804,0.9449407663219173,1.0382417164096698,1
-0.35297953711749996,1.98920380822682,0.672481665809194,-0.1963980403432271,-1.4331974777707666,-0.8684666569962246,0.510430720504181,1.0660048094033843,1
-0.35297953711749996,1.4905148963067592,0.7013742084825325,-0.8851998998671691,-1.9514134690194624,-0.6142338049826545,0.5534166907592836,0.05978894467916318,0
-0.35297953711749996,1.4905148963067592,0.7013742084825325,-0.8851998998671691,-1.3264906938231364,-0.7281951306221025,0.7276857434130491,1.052123262906527,1
0.17205023911212614,2.2385482641868504,0.6580353944725247,0.1480028894187439,-0.40486316947900647,-0.9153059647257483,0.035258610622424025,-0.02205904486675947,1
-0.35297953711749996,-1.4956583659360887,0.9432020359438551,-1.3341870442318213,-2.176691452621467,-0.47108556215816727,0.5732264534779603,0.7159832357126265,0
-0.35297953711749996,1.8390284566885886,1.6638798523087974,0.16219247390717728,-0.132599597297534,-1.584200186248228,0.39987308063508215,0.9880914798593003,1
-0.35297953711749996,1.7897282434587956,0.6840386828785293,-0.47191878415280386,1.929019223344202,0.8504217065277495,-0.8346004395308406,0.2165686560325112,1
-0.35297953711749996,-0.6608097252139704,0.889542793781981,1.0598197284835469,-2.385353897276384,-0.5345350748582984,-0.752741029883224,0.5832785124480194,0
-0.35297953711749996,-1.1908285637363039,0.9244965648598098,0.5397311359315429,-1.391024287766113,-1.0432533605713998,0.32604738525843086,1.3247507642192664,0
-0.35297953711749996,-1.4956583659360887,0.9432020359438551,-1.3341870442318213,-2.1585345583353295,-0.8714647751583292,0.1192932604544718,0.9845921054139082,0
-0.35297953711749996,-1.3998570405753632,0.9314377347783735,-0.007064911109311844,0.08081397059772621,-1.3036571334999838,0.8343831264528184,0.9603283868655861,0
-0.35297953711749996,1.8146626890547986,0.6825940557448624,-0.43747869117660687,-1.126307805524593,-0.6445739290628828,0.9368155165285666,0.8580386227156935,1
-0.35297953711749996,-1.7957023803422218,-0.2156122013872508,0.1650682871037788,-1.4331974777707666,-0.8684666569962246,0.510430720504181,1.0660048094033843,0
-0.35297953711749996,-1.881934286454531,-0.5321611656808352,-1.1060049030072672,-1.8295171804088688,-1.4553111327237294,-0.3614913752648167,0.8190621341201623,0
-0.35297953711749996,-1.772198093048346,-0.21692442398553413,1.7268854951812227,-1.9346817631870061,0.01209999089684577,0.11420637623710439,0.4817839745227432,0
-0.35297953711749996,-1.2213794643800553,0.9273111374735189,-0.9553460214936531,-2.2141868057702476,-1.063182396654885,-0.10310530775450882,0.21278382683826558,0
-0.35297953711749996,-1.9822897887267312,0.9772768251090433,-0.15760508375106705,-0.7118926480152903,-1.2331250134641802,0.4502271339337087,2.1048517537243194,0
-0.35297953711749996,-0.9559486715207892,1.0233183218396258,0.41473760606094057,0.41176093707040584,-1.4930661684073605,0.06297222946554265,0.23916867232025496,0
-0.35297953711749996,1.98920380822682,0.672481665809194,-0.1963980403432271,-0.25946864003393266,-1.5650700054022098,0.40891311585357804,-0.7031984102490143,1
-0.35297953711749996,0.6800416481080579,-0.002562855821771959,-0.7530251557012977,-1.716454709080785,-0.7295027983243031,0.5339268825780212,0.5160064983608821,0
-0.35297953711749996,2.338286046570863,0.652256885937857,0.28576326132353225,-1.534325141967293,-0.7924550635578841,0.519727827279712,1.7544680410810924,1
-0.35297953711749996,-1.8640585948283859,0.9635014974688167,-0.3901513744257788,0.12580543353471296,-1.1043302642689439,-0.06034427250566465,0.9441890364322528,0
-0.35297953711749996,-2.281503135878768,0.9946123507130464,-0.5708861994654322,-2.130585516639528,-1.5002303492634268,-0.562624124746649,0.4555534018485766,0
-0.35297953711749996,-1.2712483555720613,0.9302003917408528,-1.0242262074460473,-1.217225943769043,-1.0813302718536877,0.40104563519728775,0.5729241576620803,0
-0.35297953711749996,-1.3912070179646019,0.9352695094370018,-1.297429020722996,-1.4095650368346113,-0.5056100703909613,0.960311678602407,0.3080403116731914,0
-0.35297953711749996,-0.8060047142143743,1.077370932946931,-0.6731879924975186,-1.6927592214386866,-0.7709888092904686,0.5309336146159376,-0.4388443256608836,0
-0.35297953711749996,0.8121086603641723,-0.5295802579006492,1.935291684173344,0.5440834447377301,-0.5701475154342267,-0.6298375120154964,1.0913125384227358,1
-0.35297953711749996,-1.3959205835520765,0.9374235274091874,-1.196426672327033,-2.014003917471704,-0.9795611950956653,0.10602446536100874,0.018699186647431976,0
-1.8990081588531722,1.024598289098765,0.7313996040445969,0.15713290137202301,0.8776841729250964,-1.159843244335183,1.4451180970411914,0.39943585686343047,1
-0.35297953711749996,-1.1513432518694295,-0.25915829949340463,2.2498724657026243,-0.44440428912743046,-0.08520289773645473,-0.5478425426532526,-0.8280262251375083,0
-0.35297953711749996,1.3899464466686502,-0.4689970459179087,0.8895761752780078,-1.4095650368346113,-0.5056100703909613,0.960311678602407,0.3080403116731914,0
-0.35297953711749996,1.8975640819096515,1.5316747602064296,0.16884893022651115,-0.6526661395843838,-1.0208657578126936,0.8047826997262182,-0.37543480012725694,1
-0.05195407835538607,-0.3147989234806473,0.8626918944051791,-0.3570846401613356,-0.632889705539339,-1.3387616370710522,0.44137210049354825,0.016682159462785173,1
-0.35297953711749996,-0.6888156074206927,0.884361301410183,-0.8736860348042921,-0.46753239763642984,-1.3692881447643286,0.4293971025756092,2.033604185563881,0
-0.35297953711749996,1.1777225905287432,-1.3624276761047531,-2.516388478292076,-1.412365644555639,-1.0713076658462244,0.28259638067665727,1.3275270735186377,0
-0.35297953711749996,1.3771981552967676,-1.3739846931740884,-2.2408677344824994,-1.4750326723313556,-0.8172889971768922,0.5149559490590635,2.0121943849558956,0
-0.35297953711749996,-1.4457894747440827,0.9403127816765213,-1.265306858279427,-1.9685808094692967,-0.5794125123504895,0.5557492961683332,0.9112772685732171,0
-0.35297953711749996,2.288417155378857,0.6551461402051908,0.21688307537113805,-2.4801579024647538,-1.7802316877464177,-1.0759109299345817,0.6690722071350101,0
-0.35297953711749996,1.689159793820687,-0.486332571521912,1.302857290992373,0.4992264990401196,-1.3306386326001012,-0.09280325714563492,0.22430846672045324,1
-0.35297953711749996,-1.6686103141482957,0.9502514267608811,-0.21636881535098418,0.12580543353471296,-1.1043302642689439,-0.06034427250566465,0.9441890364322528,0
-1.4579258729832432,-1.627286380201332,0.9476347826354019,-0.14854751250805553,-0.9279679235555929,-0.8028645437330079,0.08744556948692134,1.4127753714498914,0
-0.35297953711749996,2.039072699418826,0.6695924115418601,-0.12751785439083296,-0.920796300275817,-0.10215538642700905,0.9012049272829896,0.9925416227861954,1
-0.35297953711749996,-1.702089716989341,0.9519686640364027,-0.2518677914366468,-1.3785954492265249,-0.2867371642322981,1.185275513364497,1.536225995121288,0
-0.35297953711749996,2.088941590610832,0.6667031572745262,-0.05863766843843882,-1.4331974777707666,-0.8684666569962246,0.510430720504181,1.0660048094033843,0
-0.18055562098884081,-0.09340824237856121,0.8528856538562027,0.12135443201146845,0.02663975227076243,-0.2684847005166826,-0.5852701715686045,1.6890099564414687,1
-0.35297953711749996,1.573416289161612,1.5504549129440997,-0.27887227846405116,-1.5399042617183967,-1.0087381833703468,0.2931756975953129,1.0798863559002414,0
-0.35297953711749996,-1.146576127592046,0.9229772560725181,-0.8520257425650618,-1.964644148616179,-0.811155656171679,0.32803641805706496,-0.10653260251795593,0
-0.35297953711749996,-0.20213207728127192,0.8601080354044857,0.017275910413625806,-1.2827525810740015,-0.5570316496640945,0.9501640119817426,0.9159759488329956,0
-0.35297953711749996,-0.16821157916657048,0.8572195352572035,0.01803415308287709,0.3441502531869456,-1.8612008762057934,0.3588429824968511,0.4688435893477163,1
-0.35297953711749996,-1.6841131277095314,1.7446814638518096,0.055274591522266214,-1.823612683216392,-0.8966264658454193,0.31577750019722634,-0.3784128498786097,0
-0.35297953711749996,-2.3563064726667773,0.9989462321140472,-0.6742064783940236,-2.406500361914513,-0.7483129838306827,0.13991368356011505,0.5534495109435051,0
-0.27700677796393186,-1.7892552580403767,0.959167616067816,-0.28683109549718744,-0.132599597297534,-1.584200186248228,0.39987308063508215,0.9880914798593003,0
-0.35297953711749996,-1.0507748022313206,0.9112129549070366,0.47509639055744757,-1.5882838593021185,-0.7597538840977508,0.5244180960913901,1.858489575386713,0
-0.35297953711749996,-1.1530171616737157,0.9164250641006262,-1.256772498120759,-1.716454709080785,-0.7295027983243031,0.5339268825780212,0.5160064983608821,0
-1.634614858324463,1.5154493419027621,0.6999295813488655,-0.850759806890972,-0.570861182615503,-1.3185958231379207,0.4379682160738701,1.8329715063636656,0
-0.35297953711749996,-1.6903481429104612,-0.22276065540196055,1.763465723457566,-1.6930084381872152,-0.13436388300337032,0.09319933761853677,0.015886501252115548,0
-0.35297953711749996,-1.7892552580403767,0.959167616067816,-0.28683109549718744,-0.132599597297534,-1.584200186248228,0.39987308063508215,0.9880914798593003,0
-0.35297953711749996,-2.1318964623027497,0.9859445879110449,-0.3642456416082497,-2.1648270369147227,-0.8947768577308987,0.11890664494154743,0.08755203767287756,0
-1.5539524954512973,-1.0034104880976973,0.9077573012986246,-1.0501319402635763,-0.0719535258975128,-1.691001118424285,0.304399957973274,1.1942767776582588,0
-0.35297953711749996,2.088941590610832,0.6667031572745262,-0.05863766843843882,-1.609747925133155,-0.589231271950181,0.7511819054868893,0.502124951864025,0
-0.35297953711749996,2.1257096101661377,2.296847750223961,0.6732387831025181,1.1658508725966144,-1.399584633327741,0.35377548273248643,-0.7305561148587147,1
-0.35297953711749996,1.6899904610747833,0.6898171914131971,-0.6096791560575923,0.18414275557679938,-1.3543494551263917,0.8258120129545575,1.1609610660658016,1
-0.11363389431952942,-1.1410967800442808,-0.35755644204762227,0.8313471214663357,-0.6380158970185525,-1.1430040944512125,0.5801342839741193,2.4773585987203965,0
-0.35297953711749996,0.7752538331387346,0.7458458753812661,-0.187268028389948,-1.063517677163227,-0.09751508552220589,1.6099261043420319,0.3167379368800049,0
-0.35297953711749996,2.2385482641868504,0.6580353944725247,0.1480028894187439,-0.6508051887571559,0.053505638369690356,0.9627580053498737,1.2193781367048073,0
-0.35297953711749996,2.064007145014829,0.6681477844081932,-0.09307776141463578,-0.501857079088587,-1.143545808716466,0.6589110433443159,2.291602886427678,1
-0.35297953711749996,1.290208664284638,-0.46321853738324115,0.7518158033732194,-1.023697339845187,0.26587227504759303,-0.4974884893546262,0.2887340487275107,0
-0.35297953711749996,1.365842668326744,0.7085973441508671,-1.0574003647481547,-0.5409531791527569,-0.9156826272921554,0.1457852674041394,2.0758095158970735,0
-0.35297953711749996,1.440646005114753,0.7042634627498663,-0.9540800858195633,-0.132599597297534,-1.584200186248228,0.39987308063508215,0.9880914798593003,0
-0.35297953711749996,-2.0416190432623487,0.9768092910585113,-0.46275378987212834,-1.690527701252291,-0.7422223925779139,0.5317762395910421,0.5663487630582671,0
-0.35297953711749996,2.039072699418826,0.6695924115418601,-0.12751785439083296,-1.3397213734198532,-0.925116981811127,0.5023054707108304,0.8858017157094078,1
-0.35297953711749996,-1.2712483555720613,0.9302003917408528,-1.0242262074460473,-1.5963271784685635,-1.4926639592338442,-0.2903919286797504,1.1834160007164902,0
-0.35297953711749996,-2.2887748372145342,-0.18808960419395437,0.9369034920288357,-1.1171734441961003,0.32252259986249543,-0.4893632395612756,0.468937142421487,0
-0.35297953711749996,-1.2132175248420756,-0.25162976855842956,2.3831523654442064,-2.6199139298097736,-1.0288560365789268,-0.2945963622576211,0.5812126039372195,0
-0.35297953711749996,2.1637449273988416,0.6623692758735255,0.0446826104901526,-1.3397213734198532,-0.925116981811127,0.5023054707108304,0.8858017157094078,1
-0.2445418776632581,1.8395971346508015,0.6811494286111955,-0.4030385982004097,-1.2121827562570953,-0.9876864642870046,0.49172615379217477,1.1334424333278044,1
-0.35297953711749996,-2.106962016706747,0.9844999607773779,-0.3298055486320525,-0.7978196480068271,-0.5843283973760997,0.018572092039291,1.3923625472513468,1
-0.35297953711749996,1.6899904610747833,0.6898171914131971,-0.6096791560575923,-0.4194761376440789,-1.0582185843228082,0.8758821463112845,-0.011080933530929094,0
-0.35297953711749996,1.0159297627286046,-0.44732763891290483,0.3729747806350512,-1.8940664539273575,-0.6423678175325187,0.5486597609720955,0.17113918734769396,0
-0.35297953711749996,1.7398593522667893,0.6869279371458632,-0.5407989701051981,-1.673771995501733,-0.6733941877746543,0.6208288917415685,0.5104538797621392,1
-0.35297953711749996,-0.6389467162286867,0.8814720471428492,-0.804805848851898,-2.1093252179737663,-0.6963474571479898,0.3415461498754279,1.0815540443794713,0
-1.618610421246454,2.088941590610832,0.6667031572745262,-0.05863766843843882,0.8193468508830097,-0.9098240534777348,0.5589618115809694,0.18266382722988173,1
-0.35297953711749996,1.4905148963067592,0.7013742084825325,-0.8851998998671691,-1.205170941710434,-0.4450109846509205,0.10431723063305681,1.0272636050738395,0
-0.35297953711749996,-2.2316342446867616,0.9917230964457125,-0.502006013513038,-2.023878732691898,-1.3599588228893047,-0.3453691018377808,0.44167185535171943,0
0.34772413987798945,2.462958274550878,0.6450337502695224,0.45796372620451753,1.0382240823301538,-1.6789464574070192,0.9776922239694873,-0.693537758337788,1
-0.35297953711749996,1.4905148963067592,0.7013742084825325,-0.8851998998671691,-1.233014589472223,-0.7848454554370049,0.7195604936196984,0.8719201692125507,0
-0.35297953711749996,-2.3064375814747713,0.9960569778467133,-0.6053262924416294,-1.690527701252291,-0.7422223925779139,0.5317762395910421,0.5663487630582671,0
-0.35297953711749996,2.113876036206835,0.6652585301408593,-0.024197575462241577,-1.9990797077748947,-0.5582205429499517,0.5584935750838861,1.0608505467258147,0
-0.08431414044195645,1.6401215698827774,0.692706445680531,-0.6785593420099865,0.8922971410901686,-1.0169306247381231,0.6044945613523312,0.3884577455276002,1
-0.35297953711749996,0.6497509379046228,-0.4230807518855082,1.5530679537790317,-1.7754916883625182,0.25067983375245406,0.6048929708396074,0.5051504725643793,0
-0.35297953711749996,-1.2213794643800553,0.9273111374735189,-0.9553460214936531,-1.3264906938231364,-0.7281951306221025,0.7276857434130491,1.052123262906527,0
-0.35297953711749996,-0.5641433794406777,0.8771381657418484,-0.7014855699233067,-0.7118926480152903,-1.2331250134641802,0.4502271339337087,2.1048517537243194,0
-0.35297953711749996,-1.9775762231392569,0.9751228071368576,-0.25860743214702997,-0.7118926480152903,-1.2331250134641802,0.4502271339337087,2.1048517537243194,0
-0.35297953711749996,-1.8640585948283859,0.9635014974688167,-0.3901513744257788,-1.0177585461836212,-1.1499478901768643,0.47329693649906507,-0.7306146045007282,0
-0.35297953711749996,0.034283314863395364,0.8424671145338422,0.12507666150542374,-1.1497007831899877,-1.0075479945404815,0.48691469497338846,1.6164680843723709,0
-0.35297953711749996,-2.156830907898753,0.9873892150447118,-0.3986857345844468,0.1341146842602423,-1.9507800809535074,0.15015907308624385,0.282092456644358,0
-0.35297953711749996,-1.2463139099760583,0.9287557646071858,-0.9897861144698502,0.18414275557679938,-1.3543494551263917,0.8258120129545575,1.1609610660658016,1
-0.35297953711749996,-1.906800170439182,0.9690958720972567,-0.25702533795322097,-0.8912957523577405,-0.5276780725611971,0.026697341832641608,1.5725656409453233,0
-1.210817364498784,-0.6044593585616487,0.8846432671599539,-0.49909045264442287,-0.9187850906706261,0.25782333699630855,-0.5046965617211012,1.9477609874755728,0
-0.35297953711749996,1.4769359376807796,-1.379763201708756,-2.1031073625777106,-2.2149682177059575,-0.4478882842018687,0.5765535955294234,0.7897731260029719,0
-0.35297953711749996,-1.0283449336937005,0.9092019284322916,-1.0845720332397735,-1.716454709080785,-0.7295027983243031,0.5339268825780212,0.5160064983608821,0
-0.35297953711749996,-1.9784068903933534,-0.20102695579825125,1.653929014902935,-1.9191939826115751,-0.6036413166636958,0.5516526632852289,1.007171277117579,0
-1.5609944477656215,1.6899904610747833,0.6898171914131971,-0.6096791560575923,-0.48862639949187037,-0.9466239575274416,0.8842913160465347,2.4579244336247967,1
-0.35297953711749996,-1.4707239203400857,0.9417574088101882,-1.2997469512556241,-1.673771995501733,-0.6733941877746543,0.6208288917415685,0.5104538797621392,0
-0.35297953711749996,-0.45787201424757196,0.8791709080119783,-0.12397165940021013,0.02196396631151387,-0.35421985922925986,0.9042787022578965,-0.07758523085418811,1
-0.35297953711749996,-1.2527953854363738,0.9307660369618791,0.6380042526105136,-1.690527701252291,-0.7422223925779139,0.5317762395910421,0.5663487630582671,0
-0.2521601212214356,1.1521896515538426,1.2785392460730483,0.19359774001646002,0.8890431993497969,-1.782318650357361,0.021485288713313733,-0.6809353566744623,0
-0.35297953711749996,-0.31781825274258874,0.8658872980592052,-0.18860640477430554,-0.1035105626159114,-1.641581860470589,0.3959764072414411,-0.40037585289842403,0
-0.35297953711749996,1.9393349170348138,0.6753709200765278,-0.2652782262956213,-1.3251084052547808,-0.7822043622140672,-0.3383180649780301,0.8748236043735775,0
-0.35297953711749996,-1.04524917424822,0.9141357484192081,0.6446335090539431,-2.4636060319680864,-1.2875371315784405,-0.48940741920328334,0.12642036786407762,0
-1.3036430995512363,1.440646005114753,0.7042634627498663,-0.9540800858195633,0.3975563234720598,-1.0738064023781475,1.2603220587722936,1.1331979730720871,1
-0.35297953711749996,1.5154493419027621,0.6999295813488655,-0.850759806890972,-1.4961661489692617,-0.8375747024123387,0.5156539661640063,0.9437390418267099,1
-0.35297953711749996,-2.331372027070774,0.9975016049803802,-0.6397663854178265,-2.6608656035040923,-1.0040376551047916,-0.2910367083703239,0.6601591790315244,0
-0.35297953711749996,-1.5399108020803463,0.9447213447311468,0.057569834264783515,-0.4300384100164073,-1.2456578820432804,0.6506519447422427,0.18948364569156784,0
-0.35297953711749996,-1.0082684394397283,-0.2700855152750845,0.7606663220516066,-1.4331974777707666,-0.8684666569962246,0.510430720504181,1.0660048094033843,0
-0.35297953711749996,-1.3460516923600705,0.9345342731418536,-1.1275464863746385,-1.198689908020066,-1.0105877914848673,0.49004655285099186,0.6139214683487542,0
-0.35297953711749996,-1.0034104880976973,0.9077573012986246,-1.0501319402635763,-0.029270812318460737,-1.6348925078746361,0.39130196713682125,1.188724159059516,0
-0.35297953711749996,1.6401215698827774,0.692706445680531,-0.6785593420099865,-0.4256950026941342,-0.7124649558757487,0.26309295044994785,-0.28358130898201317,0
-0.35297953711749996,-1.7781006583712327,0.9635657900675223,0.016913311662546726,-1.1160382446817936,-1.0348542356333548,0.4837509751320012,1.320125466053444,0
0.14828691058203125,-0.5545904673696426,0.88175401289262,-0.43021026669202866,-1.205170941710434,-0.4450109846509205,0.10431723063305681,1.0272636050738395,1
-0.35297953711749996,2.1637449273988416,0.6623692758735255,0.0446826104901526,0.9315172983825237,-1.8192179837811413,0.7604372010606193,-0.6796562118409308,0
-0.35297953711749996,-1.9459085449662705,0.9693377288852434,-0.4267316027021222,-1.1349280062918006,-0.7066016972735069,0.8474594402397143,1.291435052626809,0
-0.35297953711749996,-1.3280730330492956,0.9302992570313988,0.26473360320630956,-1.932201026252082,-0.5957585186776979,0.5527832782096098,1.0322462363288947,0
-0.35297953711749996,-2.2565686902827653,0.9931677235793794,-0.5364461064892352,-1.5190724285032688,-1.2115791922203463,0.06534135776778915,1.3414086200154949,0
-0.35297953711749996,-0.7515614550792842,0.8938774293030335,0.8883775062718127,-1.5970515969013774,-0.7988727173928163,0.5236509897976915,0.3861456693642908,0
-0.35297953711749996,-1.241399457087704,-1.1603784646896618,-2.5780002397598922,-1.817067912747862,-0.6430951690816887,0.5435478007213344,1.5623729804819877,0
-1.8503546701360245,-1.1505125846153328,0.9169914634417042,0.33733601865265905,-1.647392457601737,-0.5337155972914526,0.7555795779703771,1.6707572015618048,0
-0.35297953711749996,0.8413886435565833,-0.4372152489772365,0.13189412980167148,-1.716454709080785,-0.7295027983243031,0.5339268825780212,0.5160064983608821,0
-0.35297953711749996,1.6899904610747833,0.6898171914131971,-0.6096791560575923,-0.1385383909590997,-0.1683800210237708,-0.5709123452186091,2.0074401330875395,1
-0.35297953711749996,1.440646005114753,0.7042634627498663,-0.9540800858195633,-1.9514134690194624,-0.6142338049826545,0.5534166907592836,0.05978894467916318,0
-0.35297953711749996,-1.691251032370735,-0.22354472789410418,0.20182631061260425,-1.4331974777707666,-0.8684666569962246,0.510430720504181,1.0660048094033843,0
-0.35297953711749996,-1.0532793792897035,0.9106465555659585,-1.1190121262159707,-0.8441533175043013,-0.9946873887521444,0.6866481716908739,0.9878137429105164,0
-0.35297953711749996,-1.7144519212523677,0.9548337346668152,-0.18351081656859614,-1.6099517603870461,-0.16536492058546381,1.2486327640676615,0.015367995889220332,0
-0.35297953711749996,1.7398593522667893,0.6869279371458632,-0.5407989701051981,-0.632889705539339,-1.3387616370710522,0.44137210049354825,0.016682159462785173,0
-0.35297953711749996,-1.4707239203400857,0.9417574088101882,-1.2997469512556241,-2.120710701419334,-1.1198327214697874,-0.11123055754785938,0.03258073314428911,0
-0.35297953711749996,-0.040520021924613805,0.8468009959348429,0.021756382576832323,-1.9940961825985144,-0.6703424155323033,0.4665146815957364,0.06534156327790608,0
-1.5609944477656215,1.7897282434587956,0.6840386828785293,-0.47191878415280386,-0.3951502951409569,-1.003274282342344,0.876166066253184,2.2777213399308205,1
-0.35297953711749996,-2.206699799090759,0.9902784693120457,-0.46756592053684104,-0.029270812318460737,-1.6348925078746361,0.39130196713682125,1.188724159059516,0
0.6194997369052659,-0.5392089338446746,0.8756935386081814,-0.6670454769471095,-1.5118879920496797,-0.2945379159194036,0.1297593826030223,0.4317135501843606,1
-0.35297953711749996,1.5154493419027621,0.6999295813488655,-0.850759806890972,-0.132599597297534,-1.584200186248228,0.39987308063508215,0.9880914798593003,1
-0.35297953711749996,-1.1779516072697187,0.9178696912342932,-1.291212591096956,-1.0922452927127486,-0.650493086723858,0.9343614494032616,1.2858824340280663,0
-0.35297953711749996,-2.051688777567908,1.7729030628287052,-0.05658004756499313,-1.4318734536715154,-0.8989773968857281,0.5092931634476962,0.0677154927182203,0
-0.35297953711749996,-1.3724162962582007,0.936111304810904,0.36539053575041114,-1.3836380290061174,-0.5183296646445721,0.9581610356154279,0.3583825763705764,1
-0.35297953711749996,-0.960023072366007,0.9068783193859842,0.6465386127691816,-1.3483415741870608,-0.9871447500217511,0.4129493944219781,1.3191981456205235,0
-0.35297953711749996,-0.9814953717636359,0.9095080778189837,-0.8472136119003492,-1.4331974777707666,-0.8684666569962246,0.510430720504181,1.0660048094033843,0
-0.35297953711749996,-1.7519586081813472,0.9548579183037366,-0.32074797738904104,-1.5116861697432733,-0.6866554962935186,0.6974550081247861,0.375040432166805,0
-0.2445418776632581,2.014138253822823,0.671037038675527,-0.16195794736703006,-0.9173915495455958,-0.5735151275977866,1.1449359587472645,0.40346113199609157,1
-0.35297953711749996,0.9489642850566593,-0.4404162774895113,1.966349069493397,-1.9514134690194624,-0.6142338049826545,0.5534166907592836,0.05978894467916318,0
-0.35297953711749996,-1.5776302252372527,-1.3261705010339275,-1.3037818720641385,-2.1221443233356707,-0.8386682471812499,0.20580865410509466,0.08199941907413477,0
-1.618610421246454,2.2385482641868504,0.6580353944725247,0.1480028894187439,0.7202088256467276,1.091153584345061,-1.2731994565735272,2.0865252112017867,1
-0.35297953711749996,1.5403837874987651,0.6984849542151986,-0.8163197139147749,-1.0693390131787412,-0.27648859691585015,1.3846740577994787,0.8882128558392812,1
-1.620530953695815,-0.3397333690766503,0.8641365215388461,-0.3915247331375328,-1.9514134690194624,-0.6142338049826545,0.5534166907592836,0.05978894467916318,0
-0.35297953711749996,-1.266157852644801,-0.25536663379656066,0.4152065091801701,-1.0922452927127486,-0.650493086723858,0.9343614494032616,1.2858824340280663,0
-0.35297953711749996,2.113876036206835,0.6652585301408593,-0.024197575462241577,-1.3829136105733035,-1.2121209064856,0.14411811713798578,1.1556529077227757,0
-0.35297953711749996,-1.602351934605329,0.946190155501735,-0.11410741953185846,-0.9846649660812402,-1.0558847549013344,0.4743479627346632,3.030531574983444,1
-0.35297953711749996,1.98920380822682,0.672481665809194,-0.1963980403432271,-1.4331974777707666,-0.8684666569962246,0.510430720504181,1.0660048094033843,0
-0.35297953711749996,-1.2961828011680643,0.9316450188745197,-1.0586663004222445,-0.526182921591709,-1.1984901106969303,0.6586271234024164,0.00280061296592804,0
-0.35297953711749996,1.074467180290771,0.728510349777263,0.22601308732441716,-1.2637005654617706,-0.18113628708142537,1.4007963312265146,0.5108225770708383,0
-0.35297953711749996,-2.248458858093563,-0.19559470561205983,0.7345083747499521,-1.3056588606080088,-0.9310361394721022,0.4998514035855254,1.3136455270217806,0
-0.35297953711749996,1.9393349170348138,0.6753709200765278,-0.2652782262956213,-1.6229786047298713,-0.7861531231392055,0.5258016327846707,0.3358034046669057,0
-0.35297953711749996,-1.3877586440140968,-0.24151737862276113,2.142071714610826,-2.2596145058971633,-0.5094275018907433,0.4895944057294481,0.5772073884863813,0
-0.35297953711749996,-0.9784760425016943,0.9063126741649578,-1.0156918472873793,0.24082146820787242,-1.8105085545793853,0.36741409599511193,0.26821091014750087,0
-1.3708617352788743,-1.4995948229593752,0.9372162433130413,-0.14482528301410028,-1.3476594287057346,-0.3818836392320681,1.1360616868256266,0.25138333062872886,0
-0.35297953711749996,-1.3709861379560735,0.9359789002755204,-1.161986579350836,-2.2847645004590693,-1.2319702352940451,-0.32372865066953926,-0.06488796302738442,0
-0.35297953711749996,-1.154765347555266,2.43812722782203,0.009089679424796271,-1.5970515969013774,-0.7988727173928163,0.5236509897976915,0.3861456693642908,0
-0.35297953711749996,2.064007145014829,0.6681477844081932,-0.09307776141463578,-0.915193213439287,-1.149669129029124,0.4665305273201993,1.1643847433177408,1
-0.35297953711749996,2.014138253822823,0.671037038675527,-0.16195794736703006,-0.40095222297583133,-0.6911884777467527,0.07646592625159876,2.4362324645927207,1
-0.35297953711749996,-2.156830907898753,0.9873892150447118,-0.3986857345844468,-0.5367451939640373,-1.3859294084174025,0.4333969218333747,0.20336519218842497,0
-0.35297953711749996,0.8500571699267438,0.7415119939802653,-0.08394774946135672,-0.7020399673871305,-1.2271670102756858,0.4497812702287984,2.485687526618511,0
-0.35297953711749996,1.7149249066707863,0.6883725642795302,-0.5752390630813952,-0.41229170119048963,-0.14117730802186523,0.9403001711465176,-0.9207760033620636,0
-0.35297953711749996,0.2009309171765679,-0.39707746347950357,0.9331462802074839,-1.690527701252291,-0.7422223925779139,0.5317762395910421,0.5663487630582671,0
-0.35297953711749996,-1.0782138248857065,0.9120911826996254,-1.1534522191921677,-0.5409531791527569,-0.9156826272921554,0.1457852674041394,2.0758095158970735,0
-0.08431414044195645,2.1861491236904724,1.192407562064242,0.12259807584362586,-0.22807141204864867,-1.7725229410258203,-0.8838316143697753,1.2055091407174,1
-0.35297953711749996,-2.2565686902827653,0.9931677235793794,-0.5364461064892352,-1.598846131674447,-0.9471931818182231,0.29918789452234845,2.05905415460921,0
-0.35297953711749996,1.440646005114753,0.7042634627498663,-0.9540800858195633,-1.8579373646685489,-0.6708841297975568,0.5452914409659331,-0.12041414901481318,0
-0.35297953711749996,-0.4893400426526685,0.8728042843408477,-0.5981652909947153,0.18414275557679938,-1.3543494551263917,0.8258120129545575,1.1609610660658016,0
-0.35297953711749996,-1.1031482704817095,0.9135358098332924,-1.1878923121683649,-1.245257227925221,0.03506518483262333,1.6264957732142116,1.4191753577073565,0
-0.35297953711749996,0.9909953171326015,-0.44588301177923806,0.3385346876588542,-1.0693390131787412,-0.27648859691585015,1.3846740577994787,0.8882128558392812,0
-0.35297953711749996,0.9067654672900824,-2.09516634130268,-0.7305748688630915,-0.3513549941992419,1.1160399236356908,-1.7721898202013766,0.5806687473018142,0
-1.5609944477656215,2.2385482641868504,0.6580353944725247,0.1480028894187439,-1.0196010215769629,-0.5043024026887608,1.1540705394374347,0.8441570762188363,1
-0.35297953711749996,-2.0764354031118333,-0.5423481470053944,0.3353777944640125,-2.014003917471704,-0.9795611950956653,0.10602446536100874,0.018699186647431976,0
-0.35297953711749996,2.064309845492757,2.6449280945864335,1.0459412935898393,0.7181037304872635,-2.0997610365293857,0.325927155242883,-0.6518931188472163,0
-0.35297953711749996,-0.8988523894416467,1.9270690292945196,-0.31511873458188033,0.01909864958708285,-1.244601790643066,-0.27759929541453277,0.95807058292911,0
0.17205023911212614,1.8146626890547986,0.6825940557448624,-0.43747869117660687,-0.3951502951409569,-1.003274282342344,0.876166066253184,2.2777213399308205,1
-0.35297953711749996,-1.7673401417063153,0.960918392588175,-0.08391276713396018,-0.8087467513347606,-1.367438536649808,0.23252624731993027,2.499569073115368,0
-0.35297953711749996,0.9932773995495996,0.7313520718070512,0.020901888124337964,-1.9514134690194624,-0.6142338049826545,0.5534166907592836,0.05978894467916318,1
-0.35297953711749996,-1.4457894747440827,0.9403127816765213,-1.265306858279427,-1.964644148616179,-0.811155656171679,0.32803641805706496,-0.10653260251795593,0
-0.35297953711749996,-1.7144519212523677,0.9548337346668152,-0.18351081656859614,0.3688696089450285,-1.6421827229304387,0.6281201234857536,0.2515530543512722,0
-0.35297953711749996,1.3528286043601756,-0.5639395348637144,0.9962791618627431,-0.1286857103309399,-0.16242201783527654,-0.5713582089235194,2.388275905981731,0
-0.35297953711749996,-1.8889930404243889,0.9649461246024837,-0.42459146740197584,-1.5970515969013774,-0.7988727173928163,0.5236509897976915,0.3861456693642908,0
-1.8990081588531722,1.6899904610747833,0.6898171914131971,-0.6096791560575923,0.7709773889774663,-1.300114770709305,1.2278630741323235,0.4133174033602876,1
-0.35297953711749996,1.5146186746486654,-0.47622018158624346,1.0617766401589932,0.14166865654407257,-1.3174501217026113,0.08686010060725197,1.15968192123227,1
-0.35297953711749996,-1.562299763186118,-0.23140498868709258,1.9009910637774468,-1.6930084381872152,-0.13436388300337032,0.09319933761853677,0.015886501252115548,0
-0.35297953711749996,-2.805957160648929,-0.15120024241505714,0.618408295084394,-2.237577193964814,-0.4408069374322191,0.5782909809655583,0.6114549442008954,0
-0.35297953711749996,-1.3280730330492956,0.9302992570313988,0.26473360320630956,-1.0177585461836212,-1.1499478901768643,0.47329693649906507,-0.7306146045007282,0
-0.35297953711749996,-1.5214234787861884,-0.23150309985758688,0.5439093098419469,-1.800590349576444,-0.6990181423474211,0.540534511178745,-0.009063906346282402,0
-0.35297953711749996,1.465580450710756,0.7028188356161994,-0.9196399928433662,0.19813875462882025,-1.8666171651290342,0.2805120868315647,0.2737635287462437,1
-0.35297953711749996,1.6401215698827774,0.692706445680531,-0.6785593420099865,-1.3397213734198532,-0.925116981811127,0.5023054707108304,0.8858017157094078,0
-0.20966569843820707,-1.3444625214002563,0.9314712740232112,0.23135239333957797,-1.9514134690194624,-0.6142338049826545,0.5534166907592836,0.05978894467916318,0
-0.35297953711749996,-2.6812849326689134,-0.15842337808339169,0.7906087599653795,-1.778124648596791,-0.8832060303897663,0.35712959628884317,-0.4277390884633978,0
-0.35297953711749996,-0.19012669550063205,0.8554687587368445,-0.18488417528035028,-1.168990519103645,-0.7006825396125317,0.8499135073650194,0.8635912413144363,1
-0.35297953711749996,2.088372912648619,1.6494335809721283,0.5065934036691483,-0.7783438059199137,0.11607512084556804,0.9733373222685293,0.9717374190864108,0
-0.35297953711749996,-2.1318964623027497,0.9859445879110449,-0.3642456416082497,-0.9052232484453862,-1.248267670912762,0.46247840302733634,-1.9570549925916314,0
-0.35297953711749996,-2.2565686902827653,0.9931677235793794,-0.5364461064892352,-1.6390098920476157,-1.5487725697834929,-0.3772939378432977,1.188968619315233,0
-0.35297953711749996,2.014138253822823,0.671037038675527,-0.16195794736703006,-1.006370341980246,-0.3073805514997361,1.3794508121396534,1.0104786234159555,1
-0.35297953711749996,2.834905167606222,0.8045349919821602,1.075988324803955,-1.205170941710434,-0.4450109846509205,0.10431723063305681,1.0272636050738395,0
-0.35297953711749996,1.7149249066707863,0.6883725642795302,-0.5752390630813952,0.17454293221017703,-0.08694262360477845,1.3423512323242837,-1.6684196660675772,0
-0.35297953711749996,-1.3709861379560735,0.9359789002755204,-1.161986579350836,-1.9632778847262067,-0.190542509409923,1.0077364992956965,0.6882201427189121,0
-0.35297953711749996,1.6650560154787803,0.691261818546864,-0.6441192490337894,-0.632889705539339,-1.3387616370710522,0.44137210049354825,0.016682159462785173,1
-0.09794310827539326,1.049532734694768,0.7299549769109299,0.19157299434822,-1.5970515969013774,-0.7988727173928163,0.5236509897976915,0.3861456693642908,1
-0.35297953711749996,-1.9822897887267312,0.9772768251090433,-0.15760508375106705,-2.506657707682632,-1.0592100370663609,-1.0461512868474285,1.1888874781700571,0
-0.35297953711749996,1.1243360714827773,0.7256210955099291,0.29489327327681136,-1.023697339845187,0.26587227504759303,-0.4974884893546262,0.2887340487275107,0
-0.35297953711749996,-2.281503135878768,0.9946123507130464,-0.5708861994654322,-2.023878732691898,-1.3599588228893047,-0.3453691018377808,0.44167185535171943,0
-0.35297953711749996,-1.4956583659360887,0.9432020359438551,-1.3341870442318213,-0.9637759446735326,0.6894249612686927,-2.6243205321161147,1.7311485605432226,0
-0.35297953711749996,-0.98495751796201,0.908322946519651,0.6120985197929845,-0.4433857198063549,-1.3839220145835,0.4272981940854524,1.9870542562784643,0
-0.35297953711749996,-2.331372027070774,0.9975016049803802,-0.6397663854178265,-2.015110995092639,-1.3208399895942393,-0.34460199554408233,1.9140157613741418,0
-0.17202877957510088,1.6899904610747833,0.6898171914131971,-0.6096791560575923,-0.21852659728907076,-0.9354035701601474,-0.03178196125933547,0.27560227338632803,1
-0.35297953711749996,-1.4776797066253138,0.9389670198334004,0.05809304534912707,-1.023697339845187,0.26587227504759303,-0.4974884893546262,0.2887340487275107,0
-0.35297953711749996,-0.10434213809216922,2.4848326766013713,0.7175015698553727,1.1119867622280637,0.8660095245830888,-1.2190403519918498,-0.9277102505705053,0
-0.35297953711749996,-2.245952559372404,-0.1894765084458625,1.072523728633478,-1.690527701252291,-0.7422223925779139,0.5317762395910421,0.5663487630582671,0
-0.35297953711749996,1.5653182330947681,0.6970403270815317,-0.7818796209385778,0.06579654165398785,1.5000433905131962,-1.1281020642599024,1.0891336867002896,0
-0.35297953711749996,1.7897282434587956,0.6840386828785293,-0.47191878415280386,0.19813875462882025,-1.8666171651290342,0.2805120868315647,0.2737635287462437,1
-0.35297953711749996,2.113876036206835,0.6652585301408593,-0.024197575462241577,-1.0922452927127486,-0.650493086723858,0.9343614494032616,1.2858824340280663,1
-0.35297953711749996,-2.2316342446867616,0.9917230964457125,-0.502006013513038,-1.415570799923377,0.2303420855693472,0.6580623971815939,-0.020205519639712954,0
-0.35297953711749996,-0.517293817510613,0.8774443151285405,-0.46412714858388227,0.557563821082206,-1.5806578234575492,0.7933530283145873,0.441080496354002,0
-0.35297953711749996,-0.4120304071435,0.8745886001060442,-0.15682965818259814,-0.8852852099765408,-0.7467559331833591,0.17434757865046863,1.4072227528511485,0
-0.35297953711749996,-1.0532793792897035,0.9106465555659585,-1.1190121262159707,-0.1644556962467968,-2.2505324108276197,-1.110204894242345,0.31412902340328364,0
-0.08431414044195645,1.5902526786907711,0.6955956999478647,-0.7474395279623807,-0.9789699288737795,-0.7831135523418861,0.8345227316275774,1.5942576099773995,1
-0.35297953711749996,-0.6419660454906282,0.8846674507968753,-0.6363276134648677,-1.3397213734198532,-0.925116981811127,0.5023054707108304,0.8858017157094078,0
-0.35297953711749996,2.388154937762869,0.6493676316705231,0.35464344727592645,0.8214325154663367,-2.1504533581557936,0.3173560417446222,-0.4512604396470008,1
-0.35297953711749996,2.961647186470939,0.6161412075961838,1.1467655857284593,1.0557660896804273,-1.7308200077023934,-0.08930567658351063,-0.5021603426647847,0
-0.35297953711749996,1.5403837874987651,0.6984849542151986,-0.8163197139147749,-1.609747925133155,-0.589231271950181,0.7511819054868893,0.502124951864025,0
-0.35297953711749996,-2.0377517543415338,0.37899871180320255,2.1191571716724527,-1.0187823202614639,-1.457017741397522,0.023842337909323053,2.31281794041201,0
-0.35297953711749996,-1.1255781390193298,0.9155468363080373,0.37177611162885615,-1.6229786047298713,-0.7861531231392055,0.5258016327846707,0.3358034046669057,0
-0.35297953711749996,-1.5463579243821914,-0.23005847272392,0.5094692168657498,-1.737791286577877,-0.24068280826098087,0.3358768333932616,0.025194088253174374,0
-0.35297953711749996,1.6151871242867744,0.6941510728141979,-0.7129994349861837,-1.0385748801701737,-0.6607615246464275,0.1874343583957825,1.4712863219201744,1
-0.1777948813507857,1.024598289098765,0.7313996040445969,0.15713290137202301,-1.9514134690194624,-0.6142338049826545,0.5534166907592836,0.05978894467916318,0
-0.17202877957510088,1.5403837874987651,0.6984849542151986,-0.8163197139147749,-1.4026900446183481,-0.8942250272272411,0.5075287163706558,0.7635359481327336,1
-0.35297953711749996,-1.3211172467640675,0.9330896460081867,-1.0931063933984415,-1.8940664539273575,-0.6423678175325187,0.5486597609720955,0.17113918734769396,0
-1.8842840767414035,2.8369749584909236,0.6233643432645184,0.9745651208474739,1.4488913738911662,0.9364585484847845,-1.0193964777997384,0.9503307722411679,1
-0.35297953711749996,-1.8692031419392185,0.48723442835197894,-0.9308205275823128,-0.632889705539339,-1.3387616370710522,0.44137210049354825,0.016682159462785173,0
-0.35297953711749996,-1.7892552580403767,0.959167616067816,-0.28683109549718744,-1.0652307460555324,-0.7414162498333604,0.9294474334850428,-1.2649375158735463,0
-1.5360275259239273,1.6151871242867744,0.6941510728141979,-0.7129994349861837,-1.2197839098755063,-0.5879236042479804,0.9449407663219173,1.0382417164096698,1
-0.35297953711749996,-0.853803814521679,0.8990895384966231,-0.8434913824063939,0.2908495395244295,-1.2140779287522698,1.0430670358634255,1.1470795195689443,1
-0.35297953711749996,2.258338162672021,0.18032369822202,-0.358226170761593,-0.5867811183885778,0.13766855419416368,1.0931110190951943,1.2110492088066929,0
-0.35297953711749996,-0.9286071513096883,0.9034234198976239,-0.9468116613349852,-0.5367451939640373,-1.3859294084174025,0.4333969218333747,0.20336519218842497,0
0.34772413987798945,2.462958274550878,0.6450337502695224,0.45796372620451753,-0.9841562201967627,-0.5642307919417004,0.08561266392105055,1.0947012289982596,1
-0.35297953711749996,-1.8640585948283859,0.9635014974688167,-0.3901513744257788,-1.9430989565727619,-1.206967702261572,-0.1259634359419336,0.37744804415747724,0
-0.35297953711749996,-1.752789275435444,-0.22129184463137241,1.5917884696609241,-1.8579373646685489,-0.6708841297975568,0.5452914409659331,-0.12041414901481318,0
-0.35297953711749996,-1.046838345208034,0.9171987475378505,-0.7142653706602734,-1.7158224764648762,-0.6971844016218732,0.5349974130100458,1.6108488577683167,0
0.17205023911212614,1.024598289098765,0.7313996040445969,0.15713290137202301,-0.36082561368879973,-1.2290166183902065,0.6466521254844773,2.019722639067024,1
-0.35297953711749996,-1.5319048840877005,-0.5758229975846669,0.9913216552055664,-0.541723366532515,-0.24767673407820656,0.5399841470205744,1.3590468356588898,0
-0.35297953711749996,1.5154493419027621,0.6999295813488655,-0.850759806890972,-1.716454709080785,-0.7295027983243031,0.5339268825780212,0.5160064983608821,1
-0.35297953711749996,-2.032303065673294,-0.19983075516951765,1.4833106442157586,-1.3780592119632717,0.45051118745775476,-0.46772278839303416,-0.037622675957616925,0
-0.35297953711749996,-1.5205928115320917,0.9446466630775221,-1.3686271372080183,-2.774249442728195,-1.256606109853251,-0.6434016748117012,0.7937198960950267,0
-0.09794310827539326,1.465580450710756,0.7028188356161994,-0.9196399928433662,-0.590206991960287,-1.2826530265214036,0.5282741096570955,0.011129540864042387,1
-0.35297953711749996,-0.9535415969056913,0.9048680470312909,-0.9812517543111822,-1.043685554012115,-1.1372282959232534,0.4754475794860442,-0.780956869198113,0
-0.35297953711749996,1.7897282434587956,0.6840386828785293,-0.47191878415280386,-1.5457238547645766,-0.5050683561257077,0.8815349192322103,0.4937960239659106,0
-0.35297953711749996,1.4525663867441878,-0.5697180433983822,1.1340395337675315,-2.319403894871676,-0.5551687707076007,0.40417936493805395,0.6157382302415815,0
-0.24335371123675337,2.014138253822823,0.671037038675527,-0.16195794736703006,-1.5670652115541028,-0.5331226614005322,0.8380839146504366,0.49657233326528205,0
-0.35297953711749996,1.7398593522667893,0.6869279371458632,-0.5407989701051981,-1.2196112879685783,-0.2135578075831216,1.3967677143162684,0.23472547483250017,0
-0.35297953711749996,0.22586536277257094,-0.39852209061317057,0.9675863731836809,-1.1779605402945181,-0.5805410678920212,0.9424317794096924,2.054602464649284,0
-0.35297953711749996,1.9144004714388108,0.6768155472101948,-0.2997183192718184,-1.5970515969013774,-0.7988727173928163,0.5236509897976915,0.3861456693642908,0
-0.35297953711749996,-0.9784760425016943,0.9063126741649578,-1.0156918472873793,-0.8559254452834811,0.004054455832394055,1.8191841036172152,0.8604497628455668,0
-0.35297953711749996,1.9144004714388108,0.6768155472101948,-0.2997183192718184,-0.8585191966153247,0.16576759555468135,-0.5118463157046216,-0.0296961279185598,1
-0.35297953711749996,2.31335160097486,0.6537015130715239,0.25132316834733515,-1.0776323245476762,-0.507580467126798,0.09373791371440116,1.2749043226922359,0
-0.35297953711749996,-0.9814953717636359,0.9095080778189837,-0.8472136119003492,-1.716454709080785,-0.7295027983243031,0.5339268825780212,0.5160064983608821,0
-0.35297953711749996,-0.5464924113027986,1.735168598755188,0.072797075782498,-1.4331974777707666,-0.8684666569962246,0.510430720504181,1.0660048094033843,0
-0.35297953711749996,1.7647937978627926,0.6854833100121963,-0.506358877129001,-0.846819077321088,-0.8325055040048394,0.16885506996949579,-0.7596568423279741,0
-0.35297953711749996,1.626542611256798,-1.388430964510758,-1.8964668047205282,-1.859750626326914,-0.6992037796313375,0.45664579155778706,1.5679255990807306,0
-0.35297953711749996,-0.09038891311661984,0.8496902502021768,-0.04712380337556196,-1.1160382446817936,-1.0348542356333548,0.4837509751320012,1.320125466053444,0
-0.35297953711749996,-0.9286071513096883,0.9034234198976239,-0.9468116613349852,-0.6051858640676602,-1.0928534870900581,0.6674821568425768,2.0909702072274623,0
-0.08431414044195645,0.8749916155227468,0.7400673668465985,-0.04950765648515967,0.3925197150924895,-1.470910158974223,-0.310058280054503,0.23819001321731037,1
-0.35297953711749996,2.064007145014829,0.6681477844081932,-0.09307776141463578,-1.3397213734198532,-0.925116981811127,0.5023054707108304,0.8858017157094078,1
-0.2883991972298303,-0.6109408340219642,0.8866535395146471,1.128699914435941,-1.690527701252291,-0.7422223925779139,0.5317762395910421,0.5663487630582671,0
-0.35297953711749996,-0.7605475075979825,0.8953213023166486,0.9220593565787585,-0.1286857103309399,-0.16242201783527654,-0.5713582089235194,2.388275905981731,0
-0.35297953711749996,1.3736805274428074,0.71117482417326,0.6392942030387823,-0.608563863036217,-1.2838173350905882,0.4416560204354478,2.305484432924535,1
-0.35297953711749996,-1.9522648402034681,-0.20973482756203699,1.3162677258513473,-1.690527701252291,-0.7422223925779139,0.5317762395910421,0.5663487630582671,0
-0.35297953711749996,-0.4742223168294607,-0.30334623271431305,1.3824930993383926,-1.1747924469385196,-0.38859673501694036,0.050213367363434125,1.0221023659763366,0
-0.35297953711749996,-1.121641681996043,0.9215326289388512,-0.8175856495888648,-1.690527701252291,-0.7422223925779139,0.5317762395910421,0.5663487630582671,0
-0.35297953711749996,-1.0757092478273236,0.9126575820407035,0.44065629758125047,-1.476389714924217,-1.1554705816706976,0.15224336693133636,1.3358560014167522,0
-0.35297953711749996,-2.311349233148252,1.11394085331397,-0.8034454488429247,-2.3146144085788167,-1.0198090216007534,-0.13887314121147093,1.1556137602131424,0
-0.35297953711749996,-1.1917314531965775,0.9237124923676663,-1.021908276913419,-0.35674952079203126,-0.3208267339450015,-0.7812198389891567,-0.43675439987220854,0
-0.35297953711749996,-2.3064375814747713,0.9960569778467133,-0.6053262924416294,-2.2207404300904914,-1.147807319469572,-0.19337563692421844,-0.07321689092549877,0
-0.35297953711749996,2.039072699418826,0.6695924115418601,-0.12751785439083296,-1.2197839098755063,-0.5879236042479804,0.9449407663219173,1.0382417164096698,0
-0.35297953711749996,-1.2386756308724005,-1.024809701231959,-2.210630009556995,-1.8940664539273575,-0.6423678175325187,0.5486597609720955,0.17113918734769396,0
-0.35297953711749996,-1.337059085567994,0.931743130045014,0.2984154535132554,-1.9731526999464006,-0.5709401372035625,0.5563429320969069,1.1111928114231997,0
-0.35297953711749996,0.6007127139667134,0.7559582653169347,-0.4283486792233277,-1.3056588606080088,-0.9310361394721022,0.4998514035855254,1.3136455270217806,0
-0.35297953711749996,-1.3709861379560735,0.9359789002755204,-1.161986579350836,-1.3056588606080088,-0.9310361394721022,0.4998514035855254,1.3136455270217806,0
-0.35297953711749996,-2.3868120068638,-1.524095585509388,0.19961329228550728,-2.193086794019253,-0.4677699310824385,0.5744237293778512,0.5256864179497908,0
-0.35297953711749996,-1.3959205835520765,0.9374235274091874,-1.196426672327033,-1.1160382446817936,-1.0348542356333548,0.4837509751320012,1.320125466053444,0
-1.5539524954512973,-1.1505125846153328,0.9169914634417042,0.33733601865265905,0.9260536348306398,-0.7695525271036127,0.7762168344898375,0.16878228073302448,0
-0.35297953711749996,-1.2945936302082501,0.9285820197558773,0.3002325792919722,-1.5082933440860713,-1.3709641846659943,-0.11643783921947892,1.5391968899386206,0
-0.35297953711749996,1.8395971346508015,0.6811494286111955,-0.4030385982004097,-0.7118926480152903,-1.2331250134641802,0.4502271339337087,2.1048517537243194,0
-0.35297953711749996,1.2739427450587955,0.7169533327079276,0.501533831133994,0.03475325805011731,-1.5507295920501627,0.5216549808821421,1.1803952311614014,0
-0.35297953711749996,-0.9432176644906436,-0.2668835419041119,1.2350290998985172,-2.244254249241287,-0.5531038658065566,0.4431810374330494,0.7311341147675404,0
-0.35297953711749996,-0.4394711514606623,0.8699150300735138,-0.5292851050423212,-1.205170941710434,-0.4450109846509205,0.10431723063305681,1.0272636050738395,0
-0.35297953711749996,-2.1936405904988847,-0.7249799173272975,-1.6961214203018855,-1.8940664539273575,-0.6423678175325187,0.5486597609720955,0.17113918734769396,0
-0.35297953711749996,-1.8206368259382248,-0.2141675742535838,0.13062819412758164,-1.873764816732402,-1.8573699278065616,-0.8552549882428073,1.2195080216083187,0
-0.35297953711749996,2.413089383358872,0.6479230045368563,0.38908354025212344,-0.4194761376440789,-1.0582185843228082,0.8758821463112845,-0.011080933530929094,1
-1.476491019993734,-0.36768714393459473,0.8687765523265389,-0.2574865907266996,0.4508570371345759,-1.7209293498316711,0.5760980054057192,0.4549620428508591,1
-0.35297953711749996,2.263482709782854,0.6565907673388578,0.182442982394941,-1.233014589472223,-0.7848454554370049,0.7195604936196984,0.8719201692125507,0
-0.35297953711749996,-2.281503135878768,0.9946123507130464,-0.5708861994654322,-1.4026900446183481,-0.8942250272272411,0.5075287163706558,0.7635359481327336,0
-0.35297953711749996,-1.4208550291480797,0.9388681545428543,-1.23086676530323,-1.800590349576444,-0.6990181423474211,0.540534511178745,-0.009063906346282402,0
-0.35297953711749996,-0.9784760425016943,0.9063126741649578,-1.0156918472873793,-2.180079750378747,-0.47565272906843636,0.5732931144534703,0.500611458738475,0
-0.35297953711749996,1.5653182330947681,0.6970403270815317,-0.7818796209385778,-1.4961661489692617,-0.8375747024123387,0.5156539661640063,0.9437390418267099,0
-0.35297953711749996,1.7647937978627926,0.6854833100121963,-0.506358877129001,-0.057038976164437316,-0.2485832356223876,0.913133735698057,2.0105843634073457,0
-0.35297953711749996,-1.8455712715342278,-0.2127229471199169,0.09618810115138454,-1.5323031080999856,-1.408501043409371,-0.16003891493442957,1.1750870728183758,0
-0.35297953711749996,1.8395971346508015,0.6811494286111955,-0.4030385982004097,0.24082146820787242,-1.8105085545793853,0.36741409599511193,0.26821091014750087,1
-0.35297953711749996,-2.302554683141393,-0.18224680306058127,1.206207806212373,-1.3188895402047254,-1.1279579906611268,0.27447113088330666,1.1473239798246615,0
-0.35297953711749996,-0.0808360010455848,0.8543060973529484,0.22415149985571625,-2.6200975169108505,-1.33223188058544,-0.65618856330965,1.0930354632612378,0
-0.35297953711749996,0.974729397906759,0.7342888583119307,0.08825271541962876,-0.6447921602461584,-2.257503512844014,-0.6429510293274848,1.054722903044215,1
-0.35297953711749996,1.6151871242867744,0.6941510728141979,-0.7129994349861837,-1.8940664539273575,-0.6423678175325187,0.5486597609720955,0.17113918734769396,0
-0.35297953711749996,-0.6389467162286867,0.8814720471428492,-0.804805848851898,-1.3894593650216316,-0.6973031760382166,0.7329089890728744,0.9298574953298527,0
-0.35297953711749996,1.9642693626308168,0.6739262929428609,-0.2308381333194242,-0.48862639949187037,-0.9466239575274416,0.8842913160465347,2.4579244336247967,0
-0.35297953711749996,1.465580450710756,0.7028188356161994,-0.9196399928433662,-1.3264906938231364,-0.7281951306221025,0.7276857434130491,1.052123262906527,0
-0.35297953711749996,1.5403837874987651,0.6984849542151986,-0.8163197139147749,-0.632889705539339,-1.3387616370710522,0.44137210049354825,0.016682159462785173,1
-0.35297953711749996,-0.7106786164059764,0.8924320480493149,0.9909395425311527,-1.2786443139507926,-1.0219593025816047,0.49493738766730655,-1.237174422879832,0
-0.35297953711749996,-0.3646678146726533,0.865581148672513,-0.4259648261137299,0.625582859532392,-0.6503507300328435,0.8542085689011696,1.0944567687425424,0
-0.35297953711749996,1.0159297627286046,-0.44732763891290483,0.3729747806350512,-1.690527701252291,-0.7422223925779139,0.5317762395910421,0.5663487630582671,0
-1.790818164205831,1.5403837874987651,0.6984849542151986,-0.8163197139147749,0.07743597162916949,-1.494620981500514,0.6085569900456893,1.1748426125626588,1
-0.08431414044195645,1.8146626890547986,0.6825940557448624,-0.43747869117660687,-0.132599597297534,-1.584200186248228,0.39987308063508215,0.9880914798593003,1
-0.35297953711749996,1.7897282434587956,0.6840386828785293,-0.47191878415280386,0.45654378546106744,-1.3867472431497498,-0.17970526630918215,0.22986108531919613,1
-0.35297953711749996,1.8894660258428078,0.6782601743438617,-0.3341584122480155,-0.6087300758174798,-0.9365937589900127,-0.22552095863741095,-0.26097945508580156,1
-0.35297953711749996,2.1637449273988416,0.6623692758735255,0.0446826104901526,-1.9974947961227794,-1.1003120172022065,-0.07480361950693798,1.6167389648030595,0
-0.35297953711749996,0.9497949523107558,0.7357334854455977,0.05381262244343171,-1.690527701252291,-0.7422223925779139,0.5317762395910421,0.5663487630582671,1
-1.4809722623755763,-2.1817653534947556,0.9888338421783787,-0.4331258275606439,-1.476389714924217,-1.1554705816706976,0.15224336693133636,1.3358560014167522,0
-0.35297953711749996,-0.8972316716320158,0.9085309847358489,-0.5076248128030909,-0.9458256209286401,-0.842534939892476,-0.1459749433978228,-0.8513682708777777,0
-0.35297953711749996,-1.7649726721479155,-0.317678960710845,1.7329315492218567,-0.8852852099765408,-0.7467559331833591,0.17434757865046863,1.4072227528511485,0
-0.35297953711749996,1.0907330995166138,-0.4516615203139056,0.4762950595636426,-1.964644148616179,-0.811155656171679,0.32803641805706496,-0.10653260251795593,0
-0.35297953711749996,-1.146576127592046,0.9229772560725181,-0.8520257425650618,-1.3188895402047254,-1.1279579906611268,0.27447113088330666,1.1473239798246615,0
-0.35297953711749996,-1.416069241354428,-0.23865155387229686,2.142306746195734,-1.716454709080785,-0.7295027983243031,0.5339268825780212,0.5160064983608821,0
-0.35297953711749996,-2.1422800416278815,-0.19482102217483577,1.2770155022104377,-1.5195882323897576,-0.42478000640588914,0.2273343730614729,0.5373065252310212,0
-0.35297953711749996,1.5653182330947681,0.6970403270815317,-0.7818796209385778,-0.9787613143274543,-0.6901056083684566,0.18247282844381918,1.587425846545125,0
-0.35297953711749996,-1.4707239203400857,0.9417574088101882,-1.2997469512556241,-1.716454709080785,-0.7295027983243031,0.5339268825780212,0.5160064983608821,0
-0.35297953711749996,1.7149249066707863,0.6883725642795302,-0.5752390630813952,-0.6762968375512048,-0.7010790057796734,1.1685130098074428,-0.7750355532906714,0
0.34772413987798945,2.438023828954875,0.6464783774031893,0.42352363322832054,0.6323169528584638,-2.1009422651983516,-0.7324996318118542,-0.6611483823744289,1
-0.35297953711749996,-0.803934923329673,0.8962002842292893,-0.7746111964539997,-0.5844060801115669,-0.30378534462785545,0.4530821378570272,1.3645994542576325,1
-0.35297953711749996,1.8645315802468045,0.6797048014775285,-0.3685985052242126,-1.198689908020066,-1.0105877914848673,0.49004655285099186,0.6139214683487542,1
-0.35297953711749996,1.5902526786907711,0.6955956999478647,-0.7474395279623807,-1.2197839098755063,-0.5879236042479804,0.9449407663219173,1.0382417164096698,0
-0.35297953711749996,1.5154493419027621,0.6999295813488655,-0.850759806890972,-0.9402978290796031,-0.9475196174057943,0.6946233503510475,0.8011307101848766,1
0.1205397299160087,-1.6895174756563645,0.9533891075331483,-0.1490707235923991,0.43753422829447675,-1.5776017564958698,0.8013879924620768,-1.6632242309256853,1
-0.35297953711749996,-0.5769794284754143,-0.29437232052561946,1.4132109628206346,-1.7787911476633713,-0.6662924470379873,0.5402206586698711,1.4885830901916424,0
-0.35297953711749996,-0.9814953717636359,0.9095080778189837,-0.8472136119003492,-1.716454709080785,-0.7295027983243031,0.5339268825780212,0.5160064983608821,0
-0.35297953711749996,-1.0532793792897035,0.9106465555659585,-1.1190121262159707,0.18414275557679938,-1.3543494551263917,0.8258120129545575,1.1609610660658016,0
-0.35297953711749996,1.5395531202446686,-0.47766480871991046,1.0962167331351904,-1.196151468939351,-0.22506701764271708,1.394821724420143,0.280277218679477,0
-0.25411710121803166,1.7647937978627926,0.6854833100121963,-0.506358877129001,-1.690527701252291,-0.7422223925779139,0.5317762395910421,0.5663487630582671,0
-0.35297953711749996,-0.19012669550063205,0.8554687587368445,-0.18488417528035028,-1.4331974777707666,-0.8684666569962246,0.510430720504181,1.0660048094033843,0
-0.35297953711749996,-1.0782138248857065,0.9120911826996254,-1.1534522191921677,-1.716454709080785,-0.7295027983243031,0.5339268825780212,0.5160064983608821,0
-0.35297953711749996,-1.7941132093824077,-0.21867520050589306,1.5239671668179955,-1.8612585555684993,-0.9666568347765093,0.18416820293685318,0.5885592374532386,0
-0.35297953711749996,-1.300119258191351,0.9256592262437059,0.13069546079547656,-0.025892813349903898,-1.4439286598741057,0.6171281035439502,0.9742099333624432,0
-0.35297953711749996,2.014138253822823,0.671037038675527,-0.16195794736703006,-1.4331974777707666,-0.8684666569962246,0.510430720504181,1.0660048094033843,0
-0.35297953711749996,2.039072699418826,0.6695924115418601,-0.12751785439083296,-0.9128942376293327,-0.3640308763146386,1.3713255623463028,0.8302755297219792,1
-0.35297953711749996,-1.056391257279069,0.9125829003870788,-0.9855406738915514,-1.205170941710434,-0.4450109846509205,0.10431723063305681,1.0272636050738395,0
-0.35297953711749996,1.1533530395921514,-0.5523825177943791,0.7207584180531663,-1.6930084381872152,-0.13436388300337032,0.09319933761853677,0.015886501252115548,0
-0.35297953711749996,-1.2841708651140464,0.925658472123654,0.1988174040786193,-0.2884435111933269,-0.863002755968222,1.0934210891620522,2.263839793433964,0
-0.35297953711749996,-0.6000881153646805,1.0723661078494875,0.007079506867755214,-0.029270812318460737,-1.6348925078746361,0.39130196713682125,1.188724159059516,0
-0.35297953711749996,1.6401215698827774,0.692706445680531,-0.6785593420099865,-0.892062404414205,-0.5668718851646383,1.143491222518779,1.0917977938372327,1
-0.35297953711749996,-2.5815471502849014,-0.16420188661805946,0.9283691318701677,-0.5773422163058711,-0.7530190163039737,0.052238893855935054,2.246313643088751,0
-0.35297953711749996,-1.3130074145748656,-0.2556727831832528,0.17784808784074557,-1.3287717508489365,0.061394832380107456,0.5148272038557342,-0.0807294427670443,0
-0.35297953711749996,2.1886793729948444,0.6609246487398586,0.0791227034663497,-0.3951502951409569,-1.003274282342344,0.876166066253184,2.2777213399308205,1
-0.35297953711749996,-1.2532696962612864,0.925965375630398,0.36805388213490087,-1.1160382446817936,-1.0348542356333548,0.4837509751320012,1.320125466053444,0
-0.35297953711749996,1.9144004714388108,0.6768155472101948,-0.2997183192718184,-0.632889705539339,-1.3387616370710522,0.44137210049354825,0.016682159462785173,1
-0.35297953711749996,-1.5632435600782402,0.9459482987137483,0.055598845217042614,-1.716454709080785,-0.7295027983243031,0.5339268825780212,0.5160064983608821,0
-0.35297953711749996,-0.3405857224154991,0.8662451007212718,-0.28989562549516085,-0.19662366766611206,-1.6683631020727012,0.26952006688976127,0.9964204077574147,1
-0.35297953711749996,2.088941590610832,0.6667031572745262,-0.05863766843843882,-0.21749701927626752,0.04901493703223203,2.2175074192032813,0.7505098139922931,1
-0.35297953711749996,1.8645315802468045,0.6797048014775285,-0.3685985052242126,-0.911051762235991,-1.0096763638027422,0.6905519594079331,-0.7444961509975854,0
-0.35297953711749996,-1.652220825797335,0.9490794097690688,-0.18298760548425258,-0.7020399673871305,-1.2271670102756858,0.4497812702287984,2.485687526618511,0
-0.35297953711749996,2.113876036206835,0.6652585301408593,-0.024197575462241577,-0.9750067792820064,-1.1203250453070952,0.4714920572721626,1.0482452186927902,1
-0.35297953711749996,2.039072699418826,0.6695924115418601,-0.12751785439083296,-1.716454709080785,-0.7295027983243031,0.5339268825780212,0.5160064983608821,0
-0.35297953711749996,1.7149249066707863,0.6883725642795302,-0.5752390630813952,0.6110270795598998,1.1548873753901234,-1.176002050433224,-0.455470398477102,1
-0.35297953711749996,1.0159297627286046,-0.44732763891290483,0.3729747806350512,-1.2786443139507926,-1.0219593025816047,0.49493738766730655,-1.237174422879832,0
-0.35297953711749996,1.6650560154787803,0.691261818546864,-0.6441192490337894,-1.4331974777707666,-0.8684666569962246,0.510430720504181,1.0660048094033843,0
-0.35297953711749996,-1.3933234577662696,0.9392489855831712,0.4326886275089963,-1.812945901731562,-0.4715572605665169,-0.34943595799255,-0.13655349944814632,0
-0.35297953711749996,-1.798808170111412,0.9545517689170444,-0.5581063987284655,-1.2910458924429364,-0.7881235198750423,-0.340772132103335,1.3026674156859501,0
-0.35297953711749996,-0.6389467162286867,0.8814720471428492,-0.804805848851898,-0.509460079504207,-0.16591883629574866,1.7904448324265971,1.5331788053912279,0
-0.35297953711749996,1.315973777134738,0.7114865984182009,-1.1262805507005487,-1.716454709080785,-0.7295027983243031,0.5339268825780212,0.5160064983608821,0
-0.1997060680983879,2.113876036206835,0.6652585301408593,-0.024197575462241577,0.07526467997402997,-1.0013428066827836,0.22005464889132198,-0.755821161075416,1
-1.5360275259239273,1.5154493419027621,0.6999295813488655,-0.850759806890972,-1.2121827562570953,-0.9876864642870046,0.49172615379217477,1.1334424333278044,1
-0.08431414044195645,1.8894660258428078,0.6782601743438617,-0.3341584122480155,-0.9917573738151738,-0.16446793190267628,0.538827276450793,0.9995005120801251,1
-0.35297953711749996,-1.5534897607063258,-1.1364160654601418,-1.1603376284457583,-0.025892813349903898,-1.4439286598741057,0.6171281035439502,0.9742099333624432,0
-0.35297953711749996,-0.5766397272009096,-1.7708058192882663,-0.1170843402096276,-1.9451209904400693,-0.590921722410085,0.553803306272208,0.9568290124201939,0
-0.35297953711749996,1.7398593522667893,0.6869279371458632,-0.5407989701051981,-1.524586333228942,-0.053147699486165934,1.4224367823947561,0.004262758691734536,1
-0.35297953711749996,1.4235494186348137,0.7082855699059261,0.7081743889911765,-0.587496478502034,-2.0584822826973053,-1.3966725558527977,1.0381921731096415,0
-0.35297953711749996,-0.6783124737895179,-1.196112156732347,-1.9555242968962647,-0.7502740605059339,0.029271111798157,1.9008628671209369,0.9771629118234982,0
-0.35297953711749996,1.98920380822682,0.672481665809194,-0.1963980403432271,-0.7783438059199137,0.11607512084556804,0.9733373222685293,0.9717374190864108,0
-0.35297953711749996,1.4905148963067592,0.7013742084825325,-0.8851998998671691,-0.5426839876256029,0.029890756807054553,-0.5373885040203167,1.222713845416664,1
-0.35297953711749996,-1.0283449336937005,0.9092019284322916,-1.0845720332397735,0.5137176792999487,1.638465308772798,-0.7139761860953553,0.6092872526519453,0
-0.35297953711749996,-1.8391241492323827,0.9620568703351499,-0.3557112814495817,-1.4591799742920082,-0.022994015253657518,0.48678598774899784,-0.1813658277393293,0
-0.35297953711749996,-1.8480771105088791,-2.5498159810811094,0.1158055138431815,-2.2773684711485487,-0.41669180348530066,0.581749769379553,0.6881645086434314,0
-0.35297953711749996,0.7004504963507256,0.7501797567822669,-0.29058830731853935,-1.932201026252082,-0.5957585186776979,0.5527832782096098,1.0322462363288947,0
-0.35297953711749996,-2.106962016706747,0.9844999607773779,-0.3298055486320525,-1.7054714497413128,-1.5830454080780931,-0.3740827039681658,-1.1816482368924033,0
-0.35297953711749996,1.6650560154787803,0.691261818546864,-0.6441192490337894,-0.35246758156190483,-0.9471656717926953,0.9630680754167312,2.2721687213320774,1
-0.35297953711749996,-0.7790004777336699,0.8947556570956223,-0.7401711034778025,-1.3213270275298445,-1.0780679131312536,0.40803537850375926,-1.2316218042810891,0
-0.35297953711749996,-0.917452551640544,0.9078215938973302,-0.6430672541752509,-1.716454709080785,-0.7295027983243031,0.5339268825780212,0.5160064983608821,0
-0.35297953711749996,0.974729397906759,0.7342888583119307,0.08825271541962876,0.6059332829877497,-1.1903671062259789,0.12445176576323316,0.210426920223596,1
-0.35297953711749996,1.6899904610747833,0.6898171914131971,-0.6096791560575923,-1.1984425530859804,-0.559869298973156,0.9883917709036908,1.0354654071102984,0
-0.35297953711749996,-1.1729407314901765,0.9245542877415687,0.6409112795599878,-1.1917676402067894,0.12627666320296282,0.7815244513296267,0.39006891069378896,0
-0.35297953711749996,-2.0820275711107437,0.983055333643711,-0.2953654556558554,-2.271533820862353,-1.0350483841050209,-0.09834837796732065,0.1014335841697348,0
-0.35297953711749996,-1.6749666093854934,-0.22882112968639923,1.526630513202485,-0.029270812318460737,-1.6348925078746361,0.39130196713682125,1.188724159059516,1
-0.35297953711749996,1.5731560922108319,0.6996178071039245,0.9148149468483591,-2.180079750378747,-0.47565272906843636,0.5732931144534703,0.500611458738475,0
-0.35297953711749996,1.5018703832767828,-1.381207828842423,-2.068667269601514,-1.0177585461836212,-1.1499478901768643,0.47329693649906507,-0.7306146045007282,0
-0.35297953711749996,-1.4546548677825872,-1.1429786464869531,-2.584216669385931,-1.7193612027161178,-0.6950397894457893,0.5353050107104558,1.6176708089251162,0
-0.35297953711749996,-1.1964450187840523,0.925866510339852,-0.920905928517456,-1.2197839098755063,-0.5879236042479804,0.9449407663219173,1.0382417164096698,0
-0.35297953711749996,1.5154493419027621,0.6999295813488655,-0.850759806890972,-1.6229786047298713,-0.7861531231392055,0.5258016327846707,0.3358034046669057,1
-0.35297953711749996,-0.9036727057136853,0.901978792763957,-0.9123715683587881,0.056094614839643286,-1.5226752867753384,0.5651059854639158,1.17761892186203,0
-0.35297953711749996,2.064007145014829,0.6681477844081932,-0.09307776141463578,-0.6786488365189449,-0.28632883241639406,1.5780012683365152,1.0640347008435185,0
-0.35297953711749996,2.338286046570863,0.652256885937857,0.28576326132353225,-1.33485733647739,-0.11557368327428996,1.4077537819331905,1.4000786810477566,1
-0.35297953711749996,0.8686051715695844,0.7385752074753857,-0.1512985767566476,-0.029270812318460737,-1.6348925078746361,0.39130196713682125,1.188724159059516,1
-0.35297953711749996,-1.0283449336937005,0.9092019284322916,-1.0845720332397735,-0.6344292835036703,-0.859032302477253,0.15391051719748997,2.2560126095910498,0
-0.35297953711749996,1.5902526786907711,0.6955956999478647,-0.7474395279623807,-1.5265009602147521,-0.43745053551646346,0.9703829182918827,0.4426916615201909,0
-0.35297953711749996,2.6873682849149056,0.63203210606652,0.7679245629902915,-0.7370643391551913,0.26511224415566814,-2.9611695064877446,1.0255355835799136,0
-0.35297953711749996,1.6899904610747833,0.6898171914131971,-0.6096791560575923,-1.7873596699797272,-0.5020962911583966,0.7659147838809636,0.15725764085083682,1
-0.35297953711749996,-1.2213794643800553,0.9273111374735189,-0.9553460214936531,-0.46753239763642984,-1.3692881447643286,0.4293971025756092,2.033604185563881,0
-0.35297953711749996,-1.4152385741003313,0.9374982090628121,0.22977029914576896,-1.4987028450806423,-0.9404521376162055,0.42449006277430573,0.11981804060237977,0
-0.35297953711749996,-1.0581373306317343,-0.2671962610077506,0.6917861360992124,-1.716454709080785,-0.7295027983243031,0.5339268825780212,0.5160064983608821,0
-0.35297953711749996,1.4905148963067592,0.7013742084825325,-0.8851998998671691,-2.002618434026136,-0.5560759307738677,0.5588011727842961,1.0676724978826142,0
-0.35297953711749996,-2.1268059593754898,-0.19962243762636855,1.0751870750179677,-1.2210178518827186,-0.1250276765317766,1.4876983403900617,0.5052699584720955,0
-0.35297953711749996,-0.8916152165842672,0.9071610392558067,0.9530122516459081,-1.5970515969013774,-0.7988727173928163,0.5236509897976915,0.3861456693642908,0
-0.35297953711749996,-2.206699799090759,0.9902784693120457,-0.46756592053684104,-1.7457166759952458,-1.6890440961576152,-0.5945489607521658,1.20285016581209,0
-0.35297953711749996,1.290208664284638,-0.46321853738324115,0.7518158033732194,-1.4331974777707666,-0.8684666569962246,0.510430720504181,1.0660048094033843,0
-0.35297953711749996,1.190470881900626,-0.4574400288485734,0.614055431468431,-0.6903463084055799,0.8836087053589838,0.37965685207419675,0.41341095643405823,1
-0.35297953711749996,1.0159297627286046,-0.44732763891290483,0.3729747806350512,-1.716454709080785,-0.7295027983243031,0.5339268825780212,0.5160064983608821,0
-0.27700677796393186,-0.7515614550792842,0.8938774293030335,0.8883775062718127,-1.716454709080785,-0.7295027983243031,0.5339268825780212,0.5160064983608821,0
-0.35297953711749996,2.1388104818028384,0.6638139030071923,0.010242517513955385,-1.2090985369175289,0.400593205682501,2.0756411240868307,0.9810437627887422,0
-0.35297953711749996,0.4752098187326014,-0.41296836194983966,1.311987302945652,-1.205170941710434,-0.4450109846509205,0.10431723063305681,1.0272636050738395,1
-0.35297953711749996,-1.3709861379560735,0.9359789002755204,-1.161986579350836,-1.043685554012115,-1.1372282959232534,0.4754475794860442,-0.780956869198113,0
-1.618610421246454,0.7503193875427316,0.7472905025149331,-0.22170812136614512,-0.4740613059299502,-2.0330690706454186,-0.2953429926732958,1.0325124286492433,1
-0.35297953711749996,-1.2532696962612864,0.925965375630398,0.36805388213490087,-1.5232040446605861,-0.10715693107813073,0.35643297400367696,-0.17303689984121506,0
-0.35297953711749996,-2.104318242003974,1.163516591522834,-0.3293846930715346,-1.2212972988586874,-1.0500933151314689,0.49018045788011844,-1.1258241802113014,0
-0.35297953711749996,2.1886793729948444,0.6609246487398586,0.0791227034663497,-1.0679567246103856,-0.33049782850781484,0.31867024940839966,0.7109131973063317,1
-0.35297953711749996,-1.4707239203400857,0.9417574088101882,-1.2997469512556241,-1.0915631472314224,-0.04523197593417505,1.6574737418069099,0.2180676190362716,0
-0.23192634589948713,1.41571155951875,0.7057080898835333,-0.9885201787957604,-1.5457238547645766,-0.5050683561257077,0.8815349192322103,0.4937960239659106,0
-0.35297953711749996,-0.18057378342959696,0.8600846058876161,0.08639112795092779,0.9175045102431365,-0.796455883765384,-0.6622964966554667,0.3714319687109362,0
-0.35297953711749996,-2.3064375814747713,0.9960569778467133,-0.6053262924416294,-1.2121827562570953,-0.9876864642870046,0.49172615379217477,1.1334424333278044,0
-0.35297953711749996,-1.5648452476763495,0.9461659718648137,0.023129741288586414,0.3441502531869456,-1.8612008762057934,0.3588429824968511,0.4688435893477163,1
-0.35297953711749996,-0.23999558669263804,0.8583580130041784,-0.2537643612327444,-0.7626860387871517,-1.120366078099629,0.5452543928906065,2.2795022288195526,0
-0.35297953711749996,-1.4631629720546337,-1.2098560059460794,-2.6347723900667197,-2.2149682177059575,-0.4478882842018687,0.5765535955294234,0.7897731260029719,0
-0.35297953711749996,-1.5774174890093258,0.944745528368068,-0.07966732655566136,-1.080548674544987,-1.6970067337175412,-0.19981365131440043,-0.18931391866503977,0
-0.35297953711749996,1.5154493419027621,0.6999295813488655,-0.850759806890972,-1.527984946753207,-0.48311730115606905,0.8811184812920816,1.5556601602168878,0
-0.35297953711749996,-1.0782138248857065,0.9120911826996254,-1.1534522191921677,-1.3056588606080088,-0.9310361394721022,0.4998514035855254,1.3136455270217806,0
-0.35297953711749996,-1.2961828011680643,0.9316450188745197,-1.0586663004222445,-2.2928751776518785,-1.0631026893798452,-0.1417993825490943,0.10420989346910614,0
-0.35297953711749996,1.7897282434587956,0.6840386828785293,-0.47191878415280386,-0.7020399673871305,-1.2271670102756858,0.4497812702287984,2.485687526618511,1
-0.35297953711749996,0.1427433420643458,-0.3348453097851628,2.446648783691455,0.557563821082206,-1.5806578234575492,0.7933530283145873,0.441080496354002,1
-0.35297953711749996,-1.2532696962612864,0.925965375630398,0.36805388213490087,-0.785355620466575,-0.4266003587905161,1.360746245427647,1.0779162473403756,0
-0.35297953711749996,1.5902526786907711,0.6955956999478647,-0.7474395279623807,0.09143197068119013,-2.006888691503156,0.06325706392269664,0.28764507524310085,1
-0.35297953711749996,-1.200518583307322,-0.35928303493105995,0.4911916322826637,-2.193086794019253,-0.4677699310824385,0.5744237293778512,0.5256864179497908,0
-0.35297953711749996,-1.6075930357924668,0.2536038470076461,-0.8487977848959123,-2.0581202529670923,-0.7545053313567766,0.3361616678504155,0.07367049117602043,0
-0.35297953711749996,-0.828869368925676,0.8976449113629562,-0.8090512894301968,0.1782039619152338,0.06147071009806526,-0.1449734128991338,2.1803097192940406,0
-0.35297953711749996,-1.7674326904337394,0.9596593337552692,-0.11891955019657116,-1.690527701252291,-0.7422223925779139,0.5317762395910421,0.5663487630582671,0
-0.35297953711749996,1.5902526786907711,0.6955956999478647,-0.7474395279623807,0.24082146820787242,-1.8105085545793853,0.36741409599511193,0.26821091014750087,1
-0.35297953711749996,-0.26794936155058263,0.8629980437918713,-0.11972621882191137,-1.4961661489692617,-0.8375747024123387,0.5156539661640063,0.9437390418267099,0
-0.35297953711749996,-0.09625498504375038,1.3617956503816173,0.6062812253948382,-1.895911650078506,-0.41580440439974564,0.7760561956931642,1.053790951385757,0
-0.35297953711749996,-1.512562606490608,0.9481358559307715,0.3950184980618955,-1.7873971797643675,-0.35860448222549174,0.9025419578507778,0.9596934972365382,0
-0.35297953711749996,1.8645315802468045,0.6797048014775285,-0.3685985052242126,-1.4026900446183481,-0.8942250272272411,0.5075287163706558,0.7635359481327336,0
-1.3708617352788743,-0.2898644778846442,0.8612472672715122,-0.3226445471851385,-1.4961661489692617,-0.8375747024123387,0.5156539661640063,0.9437390418267099,0
-0.35297953711749996,-1.4161414635606049,0.9367141365706686,-1.331869113699193,-1.5118879920496797,-0.2945379159194036,0.1297593826030223,0.4317135501843606,0
-0.35297953711749996,-1.652220825797335,0.9490794097690688,-0.18298760548425258,-1.9819730323794333,-0.5685878846827429,0.557006606711733,1.0278723235693574,0
-0.35297953711749996,-0.7580933162256009,0.8916179763233553,-0.8074691952363877,-1.8059605718814342,-0.3443610828288832,0.9042585664515059,1.0958042881850278,0
-0.35297953711749996,1.390777113922747,0.7071527170172002,-1.0229602717719575,0.456001866979606,0.9233694669613686,-1.6126822434343657,2.288938779290735,0
-0.35297953711749996,-1.328903700303392,-0.24585050590371016,2.1772700502562747,-0.7882087564557352,1.0880353586108436,3.1249837888162046,-0.29029018607899326,0
-0.35297953711749996,1.90948881976533,0.7946994226774515,-0.49783747567311376,0.5440834447377301,-0.5701475154342267,-0.6298375120154964,1.0913125384227358,1
-0.35297953711749996,1.8146626890547986,0.6825940557448624,-0.43747869117660687,0.3550822244393328,-1.0369070689543671,0.5213701464249882,1.1319188282385557,1
-0.35297953711749996,1.8395971346508015,0.6811494286111955,-0.4030385982004097,0.6025552840191928,-1.381330954226509,-0.10137437064389582,0.42494114592066873,1
-0.35297953711749996,1.6401215698827774,0.692706445680531,-0.6785593420099865,-1.126307805524593,-0.6445739290628828,0.9368155165285666,0.8580386227156935,1
-0.35297953711749996,-0.9784760425016943,0.9063126741649578,-1.0156918472873793,-0.6232421889103072,-2.13644126359576,-1.2515499279294695,1.045114830312569,0
-0.35297953711749996,0.8001882787347376,0.7444012482475992,-0.15282793541375095,-2.1648270369147227,-0.8947768577308987,0.11890664494154743,0.08755203767287756,0
-0.35297953711749996,-0.3147989234806473,0.8626918944051791,-0.3570846401613356,0.4407546597586569,-0.5194551938078187,-0.6212663985172355,0.8906798592225202,0
-0.35297953711749996,1.8395971346508015,0.6811494286111955,-0.4030385982004097,-1.7253015599449397,-0.5750809686676478,-0.3047506632147139,0.45947664317807485,0
-0.35297953711749996,1.069476703872685,-1.4235265270292117,-2.7047045708776527,-1.9514134690194624,-0.6142338049826545,0.5534166907592836,0.05978894467916318,0
-0.3003507536376133,-0.6669004910866312,0.886112077930542,-0.6707677064410649,-1.4331974777707666,-0.8684666569962246,0.510430720504181,1.0660048094033843,0
-0.35297953711749996,1.465580450710756,0.7028188356161994,-0.9196399928433662,-1.5118879920496797,-0.2945379159194036,0.1297593826030223,0.4317135501843606,0
-0.35297953711749996,1.2910393315387347,0.7129312255518679,-1.160720643676746,-1.2532337444689041,-0.45129292022721773,0.10727630645967631,-0.06691972015568637,0
-0.35297953711749996,-1.5648452476763495,0.9461659718648137,0.023129741288586414,-1.1702244611108572,-0.23778661189632788,1.392671081433164,0.33061948337686203,0
-0.35297953711749996,-1.8391241492323827,0.9620568703351499,-0.3557112814495817,0.07743597162916949,-1.494620981500514,0.6085569900456893,1.1748426125626588,0
-0.35297953711749996,2.1637449273988416,0.6623692758735255,0.0446826104901526,-0.32726039880741853,1.7235277866306338,-1.094443023207535,1.3533587942903684,1
-0.35297953711749996,2.3501196205301653,2.2838461060209587,0.983199619888292,-1.8631048116812856,-0.6079253103552462,0.5477996769906759,1.894779522581167,0
-0.35297953711749996,-1.6396485844643585,0.9504998532658144,-0.08019053764000489,-0.025892813349903898,-1.4439286598741057,0.6171281035439502,0.9742099333624432,0
-0.35297953711749996,-2.3563064726667773,0.9989462321140472,-0.6742064783940236,-2.015110995092639,-1.3208399895942393,-0.34460199554408233,1.9140157613741418,0
-0.35297953711749996,-1.5026141522213168,0.9404116469670672,0.023652952372929914,-1.6183929536909036,-0.8269270226676407,0.480199985215918,0.3889219786636622,0
-0.05195407835538607,-1.6147141388683555,0.9490552261321475,-0.04575044466380779,-0.526182921591709,-1.1984901106969303,0.6586271234024164,0.00280061296592804,1
-0.35297953711749996,2.1637449273988416,0.6623692758735255,0.0446826104901526,-0.967558290685779,-1.0662520966341258,0.4728609943625101,2.9975533518269866,1
-0.35297953711749996,-1.1707520694823317,-0.25479087884756624,2.384969491222923,-0.8676139237107051,1.414815254638067,2.2867566053257855,0.3429685095541714,0
-1.570597110012427,1.7076761212723657,1.6185944699862747,-0.049701633043070265,0.4508570371345759,-1.7209293498316711,0.5760980054057192,0.4549620428508591,1
-0.35297953711749996,-1.5827209393024946,-0.5494966912848382,-0.692723787292902,-1.4331974777707666,-0.8684666569962246,0.510430720504181,1.0660048094033843,0
-0.35297953711749996,-1.5399108020803463,0.9447213447311468,0.057569834264783515,-0.8053687523662038,-1.1764746886492778,0.4583523837270593,2.2850548474182957,0
-0.35297953711749996,-1.248304996747151,-1.4120990723491107,-2.7327554539385015,-1.7892048661308761,-0.27553287802562354,0.9933112186020323,1.0399094048889,0
-0.35297953711749996,1.8146626890547986,0.6825940557448624,-0.43747869117660687,-0.20606256974881876,-0.7776755315745639,1.3103921921290205,-0.03884402652464336,0
-0.35297953711749996,-1.2785200569078274,-0.252501563166148,0.4835634840482207,-1.3519640118728509,-0.10520634154149877,1.4092407503053435,1.4330569042042138,0
-0.35297953711749996,1.2281563763801604,-0.5567163991953799,0.8240786969817577,0.5076411063882467,-0.7425710280034952,1.7034032180882908,0.9048022008781573,1
-0.35297953711749996,-1.3709861379560735,0.9359789002755204,-1.161986579350836,-2.3236385762657408,-0.5935904177152165,0.35924139198412725,0.5855363163844957,0
-0.35297953711749996,1.3559956773135837,-0.5943933385450577,-2.080899907365886,-1.174543230189991,-1.0252216613040388,0.48794764436083504,0.5673715390633374,0
-0.35297953711749996,-1.7578797783627043,0.964275180906041,0.15235575303470683,-2.2789823249008894,-0.18249960166050028,-0.30869868149989266,0.9837745500921438,0
-0.35297953711749996,1.7398593522667893,0.6869279371458632,-0.5407989701051981,-1.174543230189991,-1.0252216613040388,0.48794764436083504,0.5673715390633374,0
-1.7985002940032753,-1.265631900524313,0.9288304462608106,0.43641085700295157,1.20578555222413,-1.5524679192355246,0.4474242210327891,-0.5080657704679612,1
-0.35297953711749996,1.6151871242867744,0.6941510728141979,-0.7129994349861837,0.5609418200507625,-1.389693975457019,1.019179164721716,0.22656627065692925,1
-0.35297953711749996,-1.4457894747440827,0.9403127816765213,-1.265306858279427,-1.4255963241523555,-1.2682295170352487,0.057216107974438546,1.1612055263215186,0
-0.35297953711749996,1.6899904610747833,0.6898171914131971,-0.6096791560575923,-1.0196010215769629,-0.5043024026887608,1.1540705394374347,0.8441570762188363,0
-1.3951884796374479,1.465580450710756,0.7028188356161994,-0.9196399928433662,-1.3056588606080088,-0.9310361394721022,0.4998514035855254,1.3136455270217806,0
-0.35297953711749996,1.5902526786907711,0.6955956999478647,-0.7474395279623807,-1.6806528860320973,-0.36182476478427444,0.9831698067898317,0.1433760943539797,1
-0.35297953711749996,-1.677155271393338,0.9505240369027358,-0.21742769846044968,-0.5324858668855545,1.4083140846591404,-1.5306872740721222,0.36960001573049056,0
-0.35297953711749996,-1.0782138248857065,0.9120911826996254,-1.1534522191921677,-1.2121827562570953,-0.9876864642870046,0.49172615379217477,1.1334424333278044,0
-0.35297953711749996,-2.2316342446867616,0.9917230964457125,-0.502006013513038,-1.6610756672699556,-0.8830356332172896,0.3932979760523707,0.3944745972624051,0
-0.35297953711749996,2.56269605693489,0.6392552417348547,0.5957240981093059,-1.2910458924429364,-0.7881235198750423,-0.340772132103335,1.3026674156859501,0
-0.35297953711749996,-0.9510370198473084,0.9054344463723689,0.6128567624622359,0.4992264990401196,-1.3306386326001012,-0.09280325714563492,0.22430846672045324,0
-0.27700677796393186,-1.375774948318209,0.9321016868271325,0.12900428950925724,0.09542693876279862,-1.160744513902924,-0.006240409236042022,0.9493502755297557,0
-0.35297953711749996,1.390777113922747,0.7071527170172002,-1.0229602717719575,-0.025892813349903898,-1.4439286598741057,0.6171281035439502,0.9742099333624432,1
-0.35297953711749996,-1.4956583659360887,0.9432020359438551,-1.3341870442318213,-1.5195882323897576,-0.42478000640588914,0.2273343730614729,0.5373065252310212,0
-0.35297953711749996,-1.2477440682781857,0.9288881691425694,0.5375910006313965,-1.799466005386317,-0.9112603356645907,0.3136785917070695,-0.42496277916402647,0
-0.35297953711749996,0.6953059492398926,0.2739126876654291,-0.8312574604750732,-0.029270812318460737,-1.6348925078746361,0.39130196713682125,1.188724159059516,0
-0.35297953711749996,1.5653182330947681,0.6970403270815317,-0.7818796209385778,-0.7707426523015026,-0.28368773919345636,0.5201227097387868,1.0669381360045453,0
-0.35297953711749996,-1.5524830434133228,0.9433009012344011,-0.045227233579464315,-0.30333045161374217,-1.8086346284468235,0.05226504398089321,1.010301954254272,0
-0.35297953711749996,-0.853803814521679,0.8990895384966231,-0.8434913824063939,-1.3397213734198532,-0.925116981811127,0.5023054707108304,0.8858017157094078,0
-0.35297953711749996,-1.3509633440335511,1.0524181486091102,-1.325665642775934,-1.690527701252291,-0.7422223925779139,0.5317762395910421,0.5663487630582671,0
-0.09794310827539326,1.6401215698827774,0.692706445680531,-0.6785593420099865,-1.3280040828063175,-1.190364841505591,0.2729254349712503,-1.1119426337144442,1
-0.35297953711749996,-0.9784760425016943,0.9063126741649578,-1.0156918472873793,-0.833591045131973,-0.8072480910316722,0.9118783732599156,0.7872491636880194,0
-0.35297953711749996,-0.7719417237638118,-0.6023516331876964,-1.421584539083094,-1.9990797077748947,-0.5582205429499517,0.5584935750838861,1.0608505467258147,0
-0.35297953711749996,1.4905148963067592,0.7013742084825325,-0.8851998998671691,-1.205170941710434,-0.4450109846509205,0.10431723063305681,1.0272636050738395,0
-0.25411710121803166,1.7398593522667893,0.6869279371458632,-0.5407989701051981,-1.716454709080785,-0.7295027983243031,0.5339268825780212,0.5160064983608821,0
-0.35297953711749996,-2.3563064726667773,0.9989462321140472,-0.6742064783940236,-2.121817779040269,-1.4611115159683612,-0.5618570184529504,1.927897307870999,0
-0.35297953711749996,-0.37952417703685687,-0.6332769181311648,-1.3102965900822485,-1.794618254624353,-1.3993990782602044,-1.2942401657770495,0.9359024089597491,1
-0.35297953711749996,-1.4779956216758519,-0.2409445460968126,0.2080427402386439,-0.9450987758192603,-0.71741184946133,0.17930910860243196,1.2910832282261981,0
-0.35297953711749996,0.2507998083685742,-0.39996671774683734,1.0020264661598781,-1.2121827562570953,-0.9876864642870046,0.49172615379217477,1.1334424333278044,0
-0.1997060680983879,2.3251851749341617,2.2852907331546257,0.9487595269120948,0.24082146820787242,-1.8105085545793853,0.36741409599511193,0.26821091014750087,1
-0.35297953711749996,-1.1964450187840523,0.925866510339852,-0.920905928517456,-2.176691452621467,-0.47108556215816727,0.5732264534779603,0.7159832357126265,0
-0.35297953711749996,2.088941590610832,0.6667031572745262,-0.05863766843843882,-1.6318254555940266,-0.6317312934825502,-0.3128759130080644,0.27927354948409855,0
-0.35297953711749996,1.8894660258428078,0.6782601743438617,-0.3341584122480155,0.23251221748234308,-0.9640587378948217,0.1569107504032034,0.9303074899353957,1
-0.35297953711749996,2.4025636191877076,0.17030577950368037,0.09909467270871447,-0.132599597297534,-1.584200186248228,0.39987308063508215,0.9880914798593003,1
-0.35297953711749996,1.6016081656607948,-1.3869863373770905,-1.9309068976967254,-2.271533820862353,-1.0350483841050209,-0.09834837796732065,0.1014335841697348,0
-0.35297953711749996,1.6401215698827774,0.692706445680531,-0.6785593420099865,-1.4331974777707666,-0.8684666569962246,0.510430720504181,1.0660048094033843,0
-0.35297953711749996,-1.1031482704817095,0.9135358098332924,-1.1878923121683649,-0.9409639830433124,-0.27722686726722756,0.4438000174938952,0.8248500369848917,0
-0.35297953711749996,-1.7156686756153208,-1.129168746154886,-1.4697752541471887,-0.608563863036217,-1.2838173350905882,0.4416560204354478,2.305484432924535,0
-0.35297953711749996,-2.1421874929004576,-0.19356196334193,1.3120222852730483,-1.3386465660691305,-0.3190027954135321,0.06343363665694474,0.3422432259372432,0
-0.35297953711749996,-1.3779419242413016,0.9331885112987326,0.19585341725391536,0.24082146820787242,-1.8105085545793853,0.36741409599511193,0.26821091014750087,0
-0.35297953711749996,1.6151871242867744,0.6941510728141979,-0.7129994349861837,0.5526325693252336,-0.5432441587724554,0.8086758191298078,0.8886628504448241,0
-0.35297953711749996,-1.2034008050692804,0.9230761213630642,0.4369340680872952,-1.72338693295913,-0.19077813263735044,0.14730320088815943,0.021047740349618538,0
-0.35297953711749996,-1.7144519212523677,0.9548337346668152,-0.18351081656859614,-1.1989520766603787,-0.7907646130979801,0.7171064264943934,1.2997639805249235,0
-0.35297953711749996,1.215405327496629,-0.4588846559822404,0.6484955244446281,-1.268533571434824,-0.5910808800647016,0.9480527607425684,0.03616006431253771,0
-0.35297953711749996,-1.0332028850357313,-0.2686408881414175,0.7262262290754095,-2.1074800218226173,-0.9229108702807629,0.11414971515435932,0.19890228034140833,0
-0.35297953711749996,1.7398593522667893,0.6869279371458632,-0.5407989701051981,-0.3233316260687772,-1.1053863556691583,0.8679069676511109,0.1756020991947106,1
-0.35297953711749996,-1.3947783137704608,1.7880477242949673,0.664420666752245,-1.6257792124508992,-1.3518507185944686,-0.15191366514107896,1.355290166512352,0
-0.35297953711749996,1.365842668326744,0.7085973441508671,-1.0574003647481547,-1.4330248558638385,-0.4941008603313658,0.9622576684985321,0.26248856782621455,1
-0.35297953711749996,1.7975661025748597,0.6866161629009222,1.2247757836341329,-2.437475188885702,-1.7241230771967686,-0.9890089207710346,0.6635195885362672,0
-0.35297953711749996,-1.963796377212398,0.9692800060034845,-0.5279117463305671,-2.071350932563809,-0.9514271825458012,0.11078139514819685,-0.0926510560210988,0
-0.35297953711749996,-0.6302244714117485,-0.2900618686414881,1.3790059014293452,-1.006370341980246,-0.3073805514997361,1.3794508121396534,1.0104786234159555,0
-0.35297953711749996,1.6650560154787803,0.691261818546864,-0.6441192490337894,-0.632889705539339,-1.3387616370710522,0.44137210049354825,0.016682159462785173,1
-0.35297953711749996,-1.5970284786707731,1.8778325047052251,0.5142270783507144,0.12580543353471296,-1.1043302642689439,-0.06034427250566465,0.9441890364322528,0
-0.35297953711749996,1.6401215698827774,0.692706445680531,-0.6785593420099865,-1.0922452927127486,-0.650493086723858,0.9343614494032616,1.2858824340280663,0
-0.35297953711749996,1.526631316010888,0.9262333391481001,0.9795277531561697,-1.3056588606080088,-0.9310361394721022,0.4998514035855254,1.3136455270217806,0
-1.3708617352788743,-1.0532793792897035,0.9106465555659585,-1.1190121262159707,-1.4331974777707666,-0.8684666569962246,0.510430720504181,1.0660048094033843,0
-0.35297953711749996,1.6899904610747833,0.6898171914131971,-0.6096791560575923,-0.8053687523662038,-1.1764746886492778,0.4583523837270593,2.2850548474182957,1
-0.35297953711749996,1.7347148051559567,0.2106608680290254,-1.081468123261732,-0.6502956651827576,0.2844009524945146,1.2340433497591707,0.9550795632901822,0
-0.35297953711749996,1.8395971346508015,0.6811494286111955,-0.4030385982004097,-0.7783438059199137,0.11607512084556804,0.9733373222685293,0.9717374190864108,0
-0.35297953711749996,-0.7016925638872781,0.8909881750356996,0.9572576922242069,-1.4321226704200438,-0.26235247059862965,0.07155888645029529,0.5224463196312195,0
-0.35297953711749996,-0.3052460114096122,0.8673077415559507,-0.08580933693005768,0.18414275557679938,-1.3543494551263917,0.8258120129545575,1.1609610660658016,1
-0.35297953711749996,-0.7291315865416639,0.8918664028282886,-0.6712909175254084,-1.4961661489692617,-0.8375747024123387,0.5156539661640063,0.9437390418267099,0
-0.35297953711749996,1.4270670464887736,-1.3768739474414224,-2.171987548530105,-2.1461817190467167,-0.6357312760333554,0.38996268870438,1.1001939303666688,0
-0.35297953711749996,-1.4707239203400857,0.9417574088101882,-1.2997469512556241,-2.1074800218226173,-0.9229108702807629,0.11414971515435932,0.19890228034140833,0
-0.35297953711749996,-1.1409596725442979,0.9216073105924759,0.6086113218839371,0.9923719843288699,-1.8330109719837688,0.012914175215052892,-0.4803026774742467,1
-0.35297953711749996,-1.8889930404243889,0.9649461246024837,-0.42459146740197584,-2.1648270369147227,-0.8947768577308987,0.11890664494154743,0.08755203767287756,0
-0.35297953711749996,-1.2349584230060346,-1.1538262727177697,-2.173253484204195,-2.216931792318111,-0.4533188913410943,0.5764964148929953,0.5716547698876384,0
-0.35297953711749996,1.5766737200647918,-1.385541710243424,-1.9653469906729224,-1.6310892819226808,-0.6172855772250054,0.7077309009051158,0.5049012611633964,0
-0.35297953711749996,1.7897282434587956,0.6840386828785293,-0.47191878415280386,0.9315172983825237,-1.8192179837811413,0.7604372010606193,-0.6796562118409308,1
-0.35297953711749996,-1.3709861379560735,0.9359789002755204,-1.161986579350836,-1.4961661489692617,-0.8375747024123387,0.5156539661640063,0.9437390418267099,0
-0.35297953711749996,-0.3736538671913518,0.8670250216861282,-0.3922829758067841,-0.8912957523577405,-0.5276780725611971,0.026697341832641608,1.5725656409453233,1
-0.35297953711749996,-0.9036727057136853,0.901978792763957,-0.9123715683587881,-0.546714504785428,-1.333229692957092,0.4358693075837133,1.7864215770782488,0
-0.35297953711749996,1.8146626890547986,0.6825940557448624,-0.43747869117660687,-1.782329873914613,-0.6641478348619032,0.5405282563702811,1.4954050413484419,0
-0.35297953711749996,1.9642693626308168,0.6739262929428609,-0.2308381333194242,-0.3439155165109822,0.2773983663030324,1.3891428013742593,1.0114119500171166,1
3.141592653589793,1.7647937978627926,0.6854833100121963,-0.506358877129001,0.872752921168124,-0.12242957965008894,1.460440887856412,0.8470182109542526,1
-0.35297953711749996,-0.4114652692539399,0.8750965224453117,1.4042206582455181,-1.8612585555684993,-0.9666568347765093,0.18416820293685318,0.5885592374532386,0
-0.35297953711749996,-0.8916152165842672,0.9071610392558067,0.9530122516459081,-2.0106480530951814,-1.1630369717002802,-0.11998882913556219,0.6079934025488386,0
-0.35297953711749996,-1.4297204221865842,-1.14442327362062,-2.5497765764097347,-2.135739778927148,-0.49590394363230267,0.5696667995906631,0.6370366606183215,0
-0.35297953711749996,-1.300119258191351,0.9256592262437059,0.13069546079547656,-0.46753239763642984,-1.3692881447643286,0.4293971025756092,2.033604185563881,0
-0.35297953711749996,2.363220492166866,0.65081225880419,0.32020335429972935,-1.5450916221486681,-0.47274995942327785,0.8826054496642347,1.588638383373345,0
-0.35297953711749996,1.9481866317199514,1.9295897777179205,0.4696514834776867,-0.029270812318460737,-1.6348925078746361,0.39130196713682125,1.188724159059516,0
-0.35297953711749996,-1.3779419242413016,0.9331885112987326,0.19585341725391536,-1.690527701252291,-0.7422223925779139,0.5317762395910421,0.5663487630582671,0
-0.35297953711749996,-2.116422380050358,0.9811431724595121,-0.5660740688007195,-1.457800461500009,-0.8862578026321173,0.5114438064346754,0.017373228020835185,0
-0.35297953711749996,1.5902526786907711,0.6955956999478647,-0.7474395279623807,-0.37577503592289474,-1.0157873067850671,0.13142744105414395,1.7573793392510029,0
-0.35297953711749996,2.2385482641868504,0.6580353944725247,0.1480028894187439,0.13202684461665837,-1.855503716021176,-0.691000611953388,-1.632557702770944,0
-0.35297953711749996,-2.331372027070774,0.9975016049803802,-0.6397663854178265,-1.8585752082014162,-1.3350605780050115,-1.4296297753290939,2.1328576303945797,0
-0.35297953711749996,-1.2463139099760583,0.9287557646071858,-0.9897861144698502,-1.126307805524593,-0.6445739290628828,0.9368155165285666,0.8580386227156935,0
0.17205023911212614,2.206365033192427,1.589701927312936,0.6391002264808716,1.7182851233339749,-0.4739299385924878,0.1738077677260378,-0.804830925471425,1
-0.35297953711749996,-1.8375224616342736,0.9618391971840845,-0.3232421775211254,-1.5970515969013774,-0.7988727173928163,0.5236509897976915,0.3861456693642908,0
-0.35297953711749996,-2.007224234322735,0.9787214522427102,-0.19204517672726412,-1.4453533500167606,-0.4592743217876542,-0.15382138625192332,0.35612477243410035,0
-0.35297953711749996,-0.7790004777336699,0.8947556570956223,-0.7401711034778025,-1.4331974777707666,-0.8684666569962246,0.510430720504181,1.0660048094033843,0
-0.35297953711749996,1.049532734694768,0.7299549769109299,0.19157299434822,-0.8087467513347606,-1.367438536649808,0.23252624731993027,2.499569073115368,1
-0.35297953711749996,1.41571155951875,0.7057080898835333,-0.9885201787957604,-1.2095143490327072,-0.9782039108184524,0.49187622492535177,1.5003285597474203,0
-0.35297953711749996,-2.0279205303303263,-0.20329236697861053,1.3145765545651278,-1.6160842043329686,-0.6837087639862496,-0.5014294229061125,0.3783352468290718,0
-0.35297953711749996,-1.4208550291480797,0.9388681545428543,-1.23086676530323,-1.690527701252291,-0.7422223925779139,0.5317762395910421,0.5663487630582671,0
-0.35297953711749996,1.0457655740810536,-2.8739811474600074,-0.22690196602469465,-1.4331974777707666,-0.8684666569962246,0.510430720504181,1.0660048094033843,0
0.016260652954533383,2.512827165742884,0.6421444960021885,0.5268439121569117,-0.054140921890358906,1.1628500129500496,-1.5707373598709893,0.9366936860000278,0
-0.35297953711749996,-1.1779516072697187,0.9178696912342932,-1.291212591096956,-1.5970515969013774,-0.7988727173928163,0.5236509897976915,0.3861456693642908,0
-0.35297953711749996,-1.4956583659360887,0.9432020359438551,-1.3341870442318213,-2.462769964098287,-1.679085086240728,-0.9857877473520309,1.708019683246317,0
-0.35297953711749996,-1.1964450187840523,0.925866510339852,-0.920905928517456,-1.4706892650090826,-0.2840960710093603,0.12739695476676852,1.5391294302823146,0
-0.35297953711749996,-1.5430226800697118,0.9466576895522669,0.19104128658920266,-2.484947388757613,-1.315591436853265,-0.532858423785057,0.12919667716344907,0
-0.35297953711749996,1.8146626890547986,0.6825940557448624,-0.43747869117660687,-1.174543230189991,-1.0252216613040388,0.48794764436083504,0.5673715390633374,0
-0.35297953711749996,1.6401215698827774,0.692706445680531,-0.6785593420099865,-1.716454709080785,-0.7295027983243031,0.5339268825780212,0.5160064983608821,0
-0.35297953711749996,-1.5567631897920753,-0.23256574069226588,0.3398230212768437,-1.2095143490327072,-0.9782039108184524,0.49187622492535177,1.5003285597474203,0
-0.35297953711749996,1.6650560154787803,0.691261818546864,-0.6441192490337894,0.038131257018674036,-1.3597657440496325,0.747481117289271,0.965881005464329,1
-0.35297953711749996,-1.5026141522213168,0.9404116469670672,0.023652952372929914,-1.1171734441961003,0.32252259986249543,-0.4893632395612756,0.468937142421487,0
-0.35297953711749996,-2.1118736683802277,1.1023838362446348,-0.527924705033348,0.14028328818311508,1.0005885870601903,-1.5891665771640993,-0.9273633518285047,0
-0.35297953711749996,1.340908222730741,0.7100419712845341,-1.0918404577243517,-0.45200458902696805,0.19113607152087475,2.2378915868564704,1.202593155046923,0
-0.35297953711749996,-0.828869368925676,0.8976449113629562,-0.8090512894301968,-1.3251666697238853,-0.758705870511606,0.7265481863565643,0.05383394622136306,0
-0.08431414044195645,1.8894660258428078,0.6782601743438617,-0.3341584122480155,1.186544330246214,-1.5303119098023874,0.07439371151274338,-0.5090444295709053,1
-0.35297953711749996,-1.1126490752039666,0.9187414858420115,0.6083762902990293,-0.6870201942572669,-1.4323648690576705,0.3539359426955476,-1.444942555613785,0
-0.35297953711749996,0.3235333542718818,-0.22312995043019634,1.2067699490449504,-0.132599597297534,-1.584200186248228,0.39987308063508215,0.9880914798593003,0
-0.35297953711749996,-1.5275485978173198,0.9418562741007341,-0.010787140603267131,-1.4771141333570308,-0.4616793398296697,0.9662862854087784,0.5385856700645528,0
-0.35297953711749996,-1.2961828011680643,0.9316450188745197,-1.0586663004222445,-1.7399145281100123,-0.7179935882647077,0.5358728724741465,0.4704547545139052,0
-0.35297953711749996,1.8894660258428078,0.6782601743438617,-0.3341584122480155,-0.31834788055748053,0.9950658955663567,-1.9102201467318278,1.1391072540889755,1
-0.35297953711749996,-0.7921013493703705,2.527789504312391,-0.07717483788923982,-1.1861806511418944,-1.2311640736940683,-0.8559405082771541,-0.7189908619403471,0
-0.35297953711749996,2.014138253822823,0.671037038675527,-0.16195794736703006,-1.2197839098755063,-0.5879236042479804,0.9449407663219173,1.0382417164096698,0
-0.35297953711749996,2.113876036206835,0.6652585301408593,-0.024197575462241577,-0.833591045131973,-0.8072480910316722,0.9118783732599156,0.7872491636880194,0
-0.35297953711749996,-2.1817653534947556,0.9888338421783787,-0.4331258275606439,-1.7030339624161939,-1.6329354856079663,-0.5076469515886185,1.1972975472133474,0
-0.35297953711749996,2.2379795862246374,1.6407658181701268,0.7132339615263309,-1.716454709080785,-0.7295027983243031,0.5339268825780212,0.5160064983608821,1
-0.35297953711749996,1.465580450710756,0.7028188356161994,-0.9196399928433662,-1.5399042617183967,-1.0087381833703468,0.2931756975953129,1.0798863559002414,0
-0.35297953711749996,1.3487460818468044,0.7126194513069268,0.6048541100625852,0.4992264990401196,-1.3306386326001012,-0.09280325714563492,0.22430846672045324,1
-0.22084844127589878,1.2661048859427317,0.7143758526855348,-1.1951607366529429,-1.5399042617183967,-1.0087381833703468,0.2931756975953129,1.0798863559002414,0
-0.35297953711749996,-1.7434136509363047,0.954585308161882,-0.31968909427957554,-1.9004114637012757,-0.6339847963737764,-0.19366047138137232,-0.12169329384834471,0
-1.3638197829645502,-0.8666925492154729,0.8750961782009087,-0.504837029244548,-1.4318734536715154,-0.8989773968857281,0.5092931634476962,0.0677154927182203,0
-0.35297953711749996,-0.9420100598967613,-0.27414678653423064,0.8629277178707324,-0.132599597297534,-1.584200186248228,0.39987308063508215,0.9880914798593003,0
-0.35297953711749996,1.8645315802468045,0.6797048014775285,-0.3685985052242126,-0.9982596647874369,-0.47624809741393626,1.1975215440192084,0.8413807669194648,1
-0.35297953711749996,1.4945855948091085,-2.899984435866012,0.39301970754685334,-1.448689654171983,-1.1964763947565435,0.06121129439581796,3.141592653589793,0
-0.35297953711749996,-2.408727123197862,-1.525846362029747,-0.003305036077720036,-2.234038467713572,-0.4429515496083031,0.5779833832651484,0.6046329930440957,0
-0.35297953711749996,-1.4651074652923373,0.9403874633301459,0.16089011319337493,-1.3397213734198532,-0.925116981811127,0.5023054707108304,0.8858017157094078,0
-0.35297953711749996,-1.5688725317642835,0.9444729182262135,-0.07860844344619589,-0.13597759626609085,-1.7751640342487582,0.17404694422795317,1.202605705556373,0
-0.35297953711749996,1.6899904610747833,0.6898171914131971,-0.6096791560575923,-1.9533280960052726,-0.9985366410129519,0.1013628266564103,0.4982178475076196,0
-0.35297953711749996,-1.4457894747440827,0.9403127816765213,-1.265306858279427,-1.8940664539273575,-0.6423678175325187,0.5486597609720955,0.17113918734769396,0
-0.35297953711749996,1.7647937978627926,0.6854833100121963,-0.506358877129001,0.456001866979606,0.9233694669613686,-1.6126822434343657,2.288938779290735,0
-0.35297953711749996,-1.1964450187840523,0.925866510339852,-0.920905928517456,0.29127659469674305,-2.660847142025874,-0.5430929363925894,-0.5963669328597878,0
-0.35297953711749996,2.014138253822823,0.671037038675527,-0.16195794736703006,-1.1160382446817936,-1.0348542356333548,0.4837509751320012,1.320125466053444,1
-0.35297953711749996,-1.4956583659360887,0.9432020359438551,-1.3341870442318213,-2.3701299276171737,-1.344187456393343,-0.49753266899663395,-0.053782725829898737,0
-1.570597110012427,1.9144004714388108,0.6768155472101948,-0.2997183192718184,1.0591440886489845,-1.5398561597018632,0.13652045982361835,-0.7166745683618574,1
-0.35297953711749996,0.04383622693443039,0.8470829616846138,0.39635196473670165,-2.7866027466770844,-1.3105906099280573,-0.7322342983886923,1.4280704905198083,0
-0.35297953711749996,-1.0009059110393146,0.9083237006397027,0.5439765765098417,-1.1702244611108572,-0.23778661189632788,1.392671081433164,0.33061948337686203,0
-0.35297953711749996,1.7398593522667893,0.6869279371458632,-0.5407989701051981,-1.9581280340805756,-0.5830389244240871,0.5549339211965889,0.9819039716315097,0
-0.35297953711749996,1.6151871242867744,0.6941510728141979,-0.7129994349861837,-1.3748463968565592,-0.5543905564411566,-0.1077145466159859,0.9188793839940224,0
-0.35297953711749996,1.5830038932923505,1.6258176056546092,-0.22190209792405577,-1.126307805524593,-0.6445739290628828,0.9368155165285666,0.8580386227156935,1
-0.08431414044195645,1.8645315802468045,0.6797048014775285,-0.3685985052242126,0.6561847552781497,1.006990668520588,-1.4035524703188482,2.094854139099901,1
-0.35297953711749996,1.8146626890547986,0.6825940557448624,-0.43747869117660687,1.0023819240063556,-0.6856952503634708,1.0475757206683283,0.16006197333367045,0
-0.35297953711749996,-1.3031385874532926,0.9288546298977318,0.2991736961825068,-1.690527701252291,-0.7422223925779139,0.5317762395910421,0.5663487630582671,0
-0.35297953711749996,2.413089383358872,0.6479230045368563,0.38908354025212344,-0.3951502951409569,-1.003274282342344,0.876166066253184,2.2777213399308205,0
-0.35297953711749996,1.41571155951875,0.7057080898835333,-0.9885201787957604,-1.6229786047298713,-0.7861531231392055,0.5258016327846707,0.3358034046669057,0
-0.35297953711749996,-0.1991127480193305,0.8569126317504597,-0.15120232497340436,-1.4961661489692617,-0.8375747024123387,0.5156539661640063,0.9437390418267099,0
-0.35297953711749996,-0.20550822902559995,0.861529233021283,0.05195103497473069,0.6114855140748652,-0.29502075160922325,-0.2736583618630466,0.8684693848275488,0
-0.7530904640677256,-1.3530074786452986,0.9317438841650657,0.23029351023011246,0.12580543353471296,-1.1043302642689439,-0.06034427250566465,0.9441890364322528,0
-0.35297953711749996,1.465580450710756,0.7028188356161994,-0.9196399928433662,-0.750766723821962,-0.5947451958853514,1.1331971765873752,2.7552760331361994,0
-0.35297953711749996,1.6827416756763627,1.6200390971199417,-0.08414172601926734,-0.3951502951409569,-1.003274282342344,0.876166066253184,2.2777213399308205,0
-0.35297953711749996,-2.6064815958809047,-0.16275725948439257,0.8939290388939707,-0.5469637215339567,-0.6966047666699935,-0.0018649694136875783,2.241152403991248,0
-0.2445418776632581,2.001037382186123,2.3040708858922954,0.5010383182215327,0.8214325154663367,-2.1504533581557936,0.3173560417446222,-0.4512604396470008,1
-0.35297953711749996,-0.9036727057136853,0.901978792763957,-0.9123715683587881,-1.6806528860320973,-0.36182476478427444,0.9831698067898317,0.1433760943539797,0
-0.35297953711749996,1.9642693626308168,0.6739262929428609,-0.2308381333194242,-1.3905147641917144,-0.8123580464465758,0.5973327296677282,1.0604521908046414,1
-0.35297953711749996,-1.300119258191351,0.9256592262437059,0.13069546079547656,-1.6872065103523408,-0.4464496875989615,0.892899477620122,-0.14262462340978466,0
-0.35297953711749996,-1.6396485844643585,0.9504998532658144,-0.08019053764000489,0.4992264990401196,-1.3306386326001012,-0.09280325714563492,0.22430846672045324,0
-0.35297953711749996,0.849226502672647,-0.4346377689548435,1.8285886975886085,-1.3056588606080088,-0.9310361394721022,0.4998514035855254,1.3136455270217806,0
-0.35297953711749996,1.7398593522667893,0.6869279371458632,-0.5407989701051981,0.3441502531869456,-1.8612008762057934,0.3588429824968511,0.4688435893477163,1
-0.35297953711749996,2.338286046570863,0.652256885937857,0.28576326132353225,-0.8912957523577405,-0.5276780725611971,0.026697341832641608,1.5725656409453233,0
-0.35297953711749996,-0.7790004777336699,0.8947556570956223,-0.7401711034778025,0.6676486039983927,-1.2494224490828967,1.2364341876305844,0.21268472416007211,1
-0.35297953711749996,-0.1771976316852688,0.8586634082708188,0.05171600338982291,0.3925197150924895,-1.470910158974223,-0.310058280054503,0.23819001321731037,1
-0.35297953711749996,1.5090628979495997,0.6984374219776529,-0.9525507271624598,-1.4331974777707666,-0.8684666569962246,0.510430720504181,1.0660048094033843,1
-0.35297953711749996,-0.6543282497536547,0.8875325214272878,-0.5679706385968171,-0.3951502951409569,-1.003274282342344,0.876166066253184,2.2777213399308205,1
-0.35297953711749996,-1.8889930404243889,0.9649461246024837,-0.42459146740197584,0.24082146820787242,-1.8105085545793853,0.36741409599511193,0.26821091014750087,0
-0.35297953711749996,-1.0919936708125655,0.9179339838329986,-0.8841479050086306,-2.479705129068896,-0.9022674830133248,-0.08002558362079709,0.7246496520467407,0
-0.35297953711749996,-1.4457894747440827,0.9403127816765213,-1.265306858279427,-1.716454709080785,-0.7295027983243031,0.5339268825780212,0.5160064983608821,0
-0.35297953711749996,-1.0757092478273236,0.9126575820407035,0.44065629758125047,-1.690527701252291,-0.7422223925779139,0.5317762395910421,0.5663487630582671,0
-0.35297953711749996,-1.4457894747440827,0.9403127816765213,-1.265306858279427,-2.1173548370428117,-1.3033084980744023,-0.3372438520444302,0.6218749490456958,0
-0.35297953711749996,-1.7892552580403767,0.959167616067816,-0.28683109549718744,-0.029270812318460737,-1.6348925078746361,0.39130196713682125,1.188724159059516,0
-0.35297953711749996,1.3895534350887053,0.10521378873569776,-1.3713975692767617,-1.4331974777707666,-0.8684666569962246,0.510430720504181,1.0660048094033843,1
-0.35297953711749996,-0.7106786164059764,0.8924320480493149,0.9909395425311527,-1.5970515969013774,-0.7988727173928163,0.5236509897976915,0.3861456693642908,0
-0.35297953711749996,1.7647937978627926,0.6854833100121963,-0.506358877129001,-1.6028729329168918,-0.9778462287864608,0.29839894325513827,0.9576205883235671,0
-0.35297953711749996,-1.3509633440335511,1.0524181486091102,-1.325665642775934,-1.9512530418643128,-0.9716538812603669,0.10215095896483778,1.4373996080910518,0
-0.35297953711749996,2.263482709782854,0.6565907673388578,0.182442982394941,-1.4706892650090826,-0.2840960710093603,0.12739695476676852,1.5391294302823146,0
-0.35297953711749996,1.2910393315387347,0.7129312255518679,-1.160720643676746,-1.9990797077748947,-0.5582205429499517,0.5584935750838861,1.0608505467258147,0
-0.35297953711749996,2.014138253822823,0.671037038675527,-0.16195794736703006,-1.2984744241544195,-0.013994863171159277,0.5642694284207586,0.4039504571906462,0
-0.35297953711749996,1.465580450710756,0.7028188356161994,-0.9196399928433662,0.2908495395244295,-1.2140779287522698,1.0430670358634255,1.1470795195689443,0
-0.35297953711749996,2.113876036206835,0.6652585301408593,-0.024197575462241577,0.060651711808957565,-1.1442554262798434,1.0606781845801823,-0.7448430497395857,1
-0.35297953711749996,1.6650560154787803,0.691261818546864,-0.6441192490337894,0.17454293221017703,-0.08694262360477845,1.3423512323242837,-1.6684196660675772,0
-0.35297953711749996,2.039072699418826,0.6695924115418601,-0.12751785439083296,-1.7233355996111492,-0.41793337533392333,0.8962677976262845,0.14892871295272248,0
-0.35297953711749996,-1.6895174756563645,0.9533891075331483,-0.1490707235923991,-0.025892813349903898,-1.4439286598741057,0.6171281035439502,0.9742099333624432,0
-0.35297953711749996,1.5154493419027621,0.6999295813488655,-0.850759806890972,-1.3056588606080088,-0.9310361394721022,0.4998514035855254,1.3136455270217806,0
-0.35297953711749996,1.7398593522667893,0.6869279371458632,-0.5407989701051981,1.1821499163049523,-0.4329008638057195,1.297628889471121,0.13546656914056743,0
-0.35297953711749996,2.363220492166866,0.65081225880419,0.32020335429972935,-0.132599597297534,-1.584200186248228,0.39987308063508215,0.9880914798593003,1
-0.35297953711749996,0.7004504963507256,0.7501797567822669,-0.29058830731853935,-0.4433857198063549,-1.3839220145835,0.4272981940854524,1.9870542562784643,0
-1.3708617352788743,-2.2638403916185315,-0.18953423132762137,0.9713435850050329,-0.632889705539339,-1.3387616370710522,0.44137210049354825,0.016682159462785173,0
-0.35297953711749996,-1.2463139099760583,0.9287557646071858,-0.9897861144698502,-0.792956774084986,-0.026837498751491884,1.8139608579573896,0.9827155304222411,0
-0.35297953711749996,1.5653182330947681,0.6970403270815317,-0.7818796209385778,-1.0078837309634272,-0.7695502623832247,0.9246905036978547,-1.1535872732050159,1
-0.35297953711749996,-1.366272572368599,0.9338248823033348,-1.2629889277467985,-1.9514134690194624,-0.6142338049826545,0.5534166907592836,0.05978894467916318,0
-0.23377848768197984,0.5546628286623827,-1.486210914942364,-1.6996070699825374,-0.5467635883768891,-0.3497414176317022,0.5030521163816852,2.9708492288169843,0
-0.20966569843820707,-1.0283449336937005,0.9092019284322916,-1.0845720332397735,-0.13597759626609085,-1.7751640342487582,0.17404694422795317,1.202605705556373,0
-0.05195407835538607,-0.4893400426526685,0.8728042843408477,-0.5981652909947153,-1.2984744241544195,-0.013994863171159277,0.5642694284207586,0.4039504571906462,1
-0.35297953711749996,1.5653182330947681,0.6970403270815317,-0.7818796209385778,-0.8302719861168548,-0.8566852431750092,0.9099576253037804,-0.8087199621918277,0
-0.35297953711749996,-1.1965894045386083,-0.25413032420604287,0.7888899854017639,-1.0652307460555324,-0.7414162498333604,0.9294474334850428,-1.2649375158735463,0
-0.35297953711749996,-1.652220825797335,0.9490794097690688,-0.18298760548425258,0.7285032899447392,-1.2632154372855244,0.48891116178501803,0.412038258526756,1
-0.35297953711749996,-1.3499881493833572,0.9285484805110398,0.06181527484308236,-2.0581202529670923,-0.7545053313567766,0.3361616678504155,0.07367049117602043,0
-1.2543494333509684,-0.6140122706326837,0.8800274200091822,-0.7703657558757009,-1.4758801913498185,-0.9245752675458735,0.42352871134063375,1.071557428002127,0
-0.17202877957510088,1.1406019907086198,-0.4545507745812396,0.5451752455160367,-0.029270812318460737,-1.6348925078746361,0.39130196713682125,1.188724159059516,1
-0.35297953711749996,-1.3749225949793602,0.9299931076447067,0.027375181866885256,0.6025552840191928,-1.381330954226509,-0.10137437064389582,0.42494114592066873,0
-0.35297953711749996,-1.9388619316163953,0.9678353788698175,-0.49347165335437004,-0.7941816577728404,-2.4538836497677847,-0.9471080613999001,1.0741570681398147,0
-0.35297953711749996,2.064007145014829,0.6681477844081932,-0.09307776141463578,-1.023697339845187,0.26587227504759303,-0.4974884893546262,0.2887340487275107,0
-0.35297953711749996,-1.1169281164085685,0.9193786109666655,-0.9185879979848277,-1.8940664539273575,-0.6423678175325187,0.5486597609720955,0.17113918734769396,0
-0.35297953711749996,2.388154937762869,0.6493676316705231,0.35464344727592645,-2.081376236742429,-1.1668624726618986,-0.15934320083423137,0.5148757033038482,0
-0.35297953711749996,1.465580450710756,0.7028188356161994,-0.9196399928433662,-1.4961661489692617,-0.8375747024123387,0.5156539661640063,0.9437390418267099,0
-0.35297953711749996,-1.4401730196963343,0.9389428361964791,0.19533020616957192,-1.4318734536715154,-0.8989773968857281,0.5092931634476962,0.0677154927182203,0
0.17205023911212614,2.039072699418826,0.6695924115418601,-0.12751785439083296,-0.19144960158374635,-0.6347629119775041,0.4697686564401603,-0.049822137860473736,1
-0.35297953711749996,-1.4438943511176698,-1.1456260439663004,-2.6850427481824384,-1.9451209904400693,-0.590921722410085,0.553803306272208,0.9568290124201939,0
-0.35297953711749996,-1.2712483555720613,0.9302003917408528,-1.0242262074460473,-1.8940664539273575,-0.6423678175325187,0.5486597609720955,0.17113918734769396,0
-1.3708617352788743,-0.9535415969056913,0.9048680470312909,-0.9812517543111822,-1.1116948373595206,-0.5016613094658229,0.09619198083970623,0.8470605113798632,0
-1.3708617352788743,-2.3450978496201182,-0.5278271940151005,1.4171738361748434,-0.132599597297534,-1.584200186248228,0.39987308063508215,0.9880914798593003,0
-0.1777948813507857,1.6401215698827774,0.692706445680531,-0.6785593420099865,-1.8940664539273575,-0.6423678175325187,0.5486597609720955,0.17113918734769396,0
-0.35297953711749996,1.5902526786907711,0.6955956999478647,-0.7474395279623807,-1.3042765720396532,-0.9850453710640669,-0.5661524048055537,1.136345868488831,0
-0.35297953711749996,-1.131102045339654,0.9181758406209852,-1.0538541697575317,-1.0643353560318836,-0.8953307734411837,0.6607187133004829,1.6053628471748853,0
-0.35297953711749996,-2.0820275711107437,0.983055333643711,-0.2953654556558554,-1.45749995331421,-1.4837231200305454,-0.2114650981763767,1.364546414843387,0
-0.35297953711749996,2.014138253822823,0.671037038675527,-0.16195794736703006,0.9828157994732689,-1.6237134364420052,-0.13483842635487242,-0.7079542609625027,1
-0.35297953711749996,-1.1964450187840523,0.925866510339852,-0.920905928517456,-1.4006690263878772,-2.1178213128399075,-0.8515787200410048,-0.14766927917446815,0
-0.35297953711749996,2.338286046570863,0.652256885937857,0.28576326132353225,1.555598157838796,1.0767300748589066,-0.8021414548908703,0.9364492257443107,0
-0.35297953711749996,-0.8224283348440066,0.9041971033348482,-0.40430453387449955,-1.4331974777707666,-0.8684666569962246,0.510430720504181,1.0660048094033843,0
-1.359978718065828,1.5403837874987651,0.6984849542151986,-0.8163197139147749,-1.716454709080785,-0.7295027983243031,0.5339268825780212,0.5160064983608821,0
-0.35297953711749996,1.365842668326744,0.7085973441508671,-1.0574003647481547,-0.9026246767865335,-0.7543111828851105,0.9182610209497375,1.2923623730597296,1
-1.570597110012427,1.1991394082707862,0.7212872141089284,0.39821355220540255,1.232605042793823,-1.2832394512522083,0.3871218570834196,-0.7291112738667211,1
-0.35297953711749996,2.088941590610832,0.6667031572745262,-0.05863766843843882,-1.898726067461031,-0.41680714824902537,0.7762076195167263,0.9684390332255234,0
-0.35297953711749996,1.5154493419027621,0.6999295813488655,-0.850759806890972,-2.301601264333392,-0.5249698532566924,0.44793796722023754,0.6197838720990096,0
-0.35297953711749996,-1.0537941314932622,0.9144083585610626,0.6435746259444776,-0.132599597297534,-1.584200186248228,0.39987308063508215,0.9880914798593003,0
-0.35297953711749996,-0.4394711514606623,0.8699150300735138,-0.5292851050423212,-1.5190724285032688,-1.2115791922203463,0.06534135776778915,1.3414086200154949,0
-0.35297953711749996,-2.331372027070774,0.9975016049803802,-0.6397663854178265,-1.7457166759952458,-1.6890440961576152,-0.5945489607521658,1.20285016581209,0
-1.5609944477656215,1.8395971346508015,0.6811494286111955,-0.4030385982004097,-1.043685554012115,-1.1372282959232534,0.4754475794860442,-0.780956869198113,1
-0.35297953711749996,-1.3499881493833572,0.9285484805110398,0.06181527484308236,-0.23930638124516412,-1.7244717126223499,0.18261805772621406,1.0019730263561577,0
-0.35297953711749996,1.7398593522667893,0.6869279371458632,-0.5407989701051981,-0.8598432207145759,0.19627833544418483,-0.5107087586481368,0.968593188766604,1
-0.35297953711749996,-1.4010651306629094,0.46115645829234964,-1.737095825483567,-1.1349280062918006,-0.7066016972735069,0.8474594402397143,1.291435052626809,0
-0.35297953711749996,2.064007145014829,0.6681477844081932,-0.09307776141463578,-0.132599597297534,-1.584200186248228,0.39987308063508215,0.9880914798593003,1
-0.35297953711749996,-2.1318964623027497,0.9859445879110449,-0.3642456416082497,-0.6434519779116674,-1.5262009347915246,0.21614189892450658,0.2172467386852821,0
-0.35297953711749996,1.4905148963067592,0.7013742084825325,-0.8851998998671691,-0.6361600919765165,0.08654108162195706,-0.5292632542269661,1.4029169391106402,1
-0.35297953711749996,-0.6389467162286867,0.8814720471428492,-0.804805848851898,-1.5399894751869279,0.3726882082626495,1.8770641886315789,0.639515907888283,0
-0.35297953711749996,1.8894660258428078,0.6782601743438617,-0.3341584122480155,-1.2827525810740015,-0.5570316496640945,0.9501640119817426,0.9159759488329956,0
-0.35297953711749996,2.0864113413064604,1.1981860705989096,-0.015162296061162484,-1.9514134690194624,-0.6142338049826545,0.5534166907592836,0.05978894467916318,0
0.014653133671615304,-0.9294378185637848,-0.272726343037485,0.96572478571498,0.3054625076895019,-1.07116530915521,0.20244350017456522,1.136101408233114,1
-1.4675285352300487,-1.250250366999345,0.922769971976372,0.19957564674787065,-0.3951502951409569,-1.003274282342344,0.876166066253184,2.2777213399308205,0
-0.35297953711749996,-1.3530074786452986,0.9317438841650657,0.23029351023011246,-1.3063832790408227,-0.23724489763107426,1.3138943220629673,0.5163751956695812,0
-0.35297953711749996,-2.83734572745851,-0.49238245936987,1.1331187322065985,-1.6390098920476157,-1.5487725697834929,-0.3772939378432977,1.188968619315233,0
-0.35297953711749996,0.8999260611187498,0.7386227397129316,-0.015067563508962545,-0.6629549983980608,-1.3159547299149827,-0.6199103425238585,1.8358749415246924,1
-0.35297953711749996,0.6505816051587194,0.7530690110496008,-0.35946849327093355,-1.4625011651919584,-0.3187667202326098,0.12566274971991798,0.5276075587287223,0
-0.35297953711749996,-1.4457894747440827,0.9403127816765213,-1.265306858279427,-1.7873596699797272,-0.5020962911583966,0.7659147838809636,0.15725764085083682,0
-0.35297953711749996,-2.2565686902827653,0.9931677235793794,-0.5364461064892352,-1.9596460477769946,-1.1827879630914022,-0.8670659912762182,0.4265111640213307,0
-0.35297953711749996,1.0907330995166138,-0.4516615203139056,0.4762950595636426,-1.2377611181370145,-0.3577047804330544,0.05543661302325947,0.8998365983996623,0
-0.35297953711749996,1.1156675451126168,-0.4531061474475726,0.5107351525398397,-1.6445237967732886,-0.39034107704931265,0.9798014867836693,-0.14817724200852744,0
-0.35297953711749996,2.1388104818028384,0.6638139030071923,0.010242517513955385,0.19875572374187178,-1.211436835529332,-0.014811522734302807,1.1499829547299711,1
-0.35297953711749996,2.462958274550878,0.6450337502695224,0.45796372620451753,-2.430345360213371,-0.7338619440893386,0.14198636907525916,0.5994178628813528,0
-0.35297953711749996,-0.8543185667252376,0.9028513414917272,0.9190953697540545,-0.035209605980026315,-0.21907234265017894,-0.57948345871687,2.208072812287755,0
-0.05195407835538607,-1.2785200569078274,-0.252501563166148,0.4835634840482207,-1.3397213734198532,-0.925116981811127,0.5023054707108304,0.8858017157094078,1
-0.35297953711749996,2.2385482641868504,0.6580353944725247,0.1480028894187439,-1.3894593650216316,-0.6973031760382166,0.7329089890728744,0.9298574953298527,1
-0.35297953711749996,-1.5029300672718549,-0.23949991896314582,0.17360264726244679,-2.023878732691898,-1.3599588228893047,-0.3453691018377808,0.44167185535171943,0
-0.35297953711749996,-1.8141897036363797,0.960612243201483,-0.32127118847338454,-0.632889705539339,-1.3387616370710522,0.44137210049354825,0.016682159462785173,0
-0.35297953711749996,-0.8359159822755515,0.899147261378382,-0.7423112387779488,-1.0711512908573082,-1.073157273960745,0.4794672359323362,0.8615621859671505,0
-0.35297953711749996,-2.252330540694354,-0.1902907227756081,1.0046157177793542,-0.5367451939640373,-1.3859294084174025,0.4333969218333747,0.20336519218842497,0
-0.35297953711749996,1.7398593522667893,0.6869279371458632,-0.5407989701051981,-1.5399042617183967,-1.0087381833703468,0.2931756975953129,1.0798863559002414,0
3.141592653589793,1.9144004714388108,0.6768155472101948,-0.2997183192718184,1.1512379044315422,-1.5424972529248009,1.1943990184213469,-0.7195780035228843,1
-0.35297953711749996,0.8251227243307406,0.7429566211139323,-0.11838784243755385,-1.3043218846169733,-0.5447451314613946,-0.1660803041117619,0.0842445250734466,0
-0.35297953711749996,1.8146626890547986,0.6825940557448624,-0.43747869117660687,0.6676486039983927,-1.2494224490828967,1.2364341876305844,0.21268472416007211,0
-0.35297953711749996,1.390777113922747,0.7071527170172002,-1.0229602717719575,-0.3501588322039699,-0.803947413111304,-0.018561332705299027,2.2615819894974876,1
-0.35297953711749996,-0.9286071513096883,0.9034234198976239,-0.9468116613349852,-1.4331974777707666,-0.8684666569962246,0.510430720504181,1.0660048094033843,0
-0.35297953711749996,2.1186963524788736,1.690348766671422,0.573055258314666,-1.3486645525719978,0.8117659392489427,1.4739130624750798,0.4496242865769506,0
-0.35297953711749996,-1.8889930404243889,0.9649461246024837,-0.42459146740197584,-1.1800623150503717,-1.119017151457828,0.35339796138668034,1.3284543939515583,0
-0.35297953711749996,1.5980905378068349,0.6981731799702576,0.9492550398245563,-2.8547424097361387,-2.8566002785182882,0.8085534733486508,0.5794355969721956,0
-0.35297953711749996,-1.0283449336937005,0.9092019284322916,-1.0845720332397735,-0.2507408307726129,-0.8977812440155541,1.0897332848004744,1.7913268668730942,0
-0.35297953711749996,2.1388104818028384,0.6638139030071923,0.010242517513955385,-0.4636703458792034,0.3401644048650334,2.419372917968695,0.6413783389603904,0
-0.35297953711749996,-0.8602852899819948,0.9010998108513164,0.7842989846739699,-1.716454709080785,-0.7295027983243031,0.5339268825780212,0.5160064983608821,0
-0.3161114318244851,-2.2356615287746964,0.9900300428071123,-0.6037441982478204,-1.034035033725488,-1.0378936127350598,0.47822880742124596,2.7258773614776075,0
-0.35297953711749996,-1.3687974780101577,-0.7797010432449312,-2.538953469616231,-2.279283098134359,-0.800994639515598,0.12969590527667976,1.1265934114718876,0
-0.35297953711749996,-0.6519144997599193,0.8923916597605794,-0.2649620677759021,-2.2229128924517605,-0.5250495605317322,0.486632042014823,0.728357805468169,0
-0.35297953711749996,-2.052178672626386,-1.1075235227868032,-1.8491394879697,-2.0424097112098716,-0.5319607968269493,0.5622599611982908,1.1443820623251502,0
-0.35297953711749996,-1.3903041285043283,0.9360535819291451,0.26421039212196606,-0.7020399673871305,-1.2271670102756858,0.4497812702287984,2.485687526618511,0
-0.35297953711749996,1.290208664284638,-0.46321853738324115,0.7518158033732194,-1.083625091945541,-0.588465318513234,1.0237175256921138,0.8524860041169506,1
-0.35297953711749996,-2.5910075136285124,-0.16755867493592536,0.6921006117015008,-1.5473321856077997,-0.7845722655718862,0.5208584422040929,1.7795430002924082,0
-0.35297953711749996,0.8999260611187498,0.7386227397129316,-0.015067563508962545,-1.9514134690194624,-0.6142338049826545,0.5534166907592836,0.05978894467916318,1
-0.35297953711749996,-1.5881780056742432,0.9473929258474152,0.02115875224084557,0.7574970126329903,-0.2896044626859824,-0.1953274661977602,1.0635494454290213,0
-0.35297953711749996,1.7647937978627926,0.6854833100121963,-0.506358877129001,-0.6227354433431762,-0.03329837067772057,1.8902835502022814,1.2248036294418947,1
-0.35297953711749996,-0.5142744882486716,0.8742489114745146,-0.6326053839709125,-0.46215885122313094,-1.1143271948724571,0.7889801371477372,-0.005528314932186196,1
-0.35297953711749996,-0.23999558669263804,0.8583580130041784,-0.2537643612327444,1.1414832503509018,1.3277005681500427,-0.7661452279422394,1.7347793229632593,0
-0.35297953711749996,1.9144004714388108,0.6768155472101948,-0.2997183192718184,-1.3397213734198532,-0.925116981811127,0.5023054707108304,0.8858017157094078,0
-0.35297953711749996,-0.7580933162256009,0.8916179763233553,-0.8074691952363877,-1.6229786047298713,-0.7861531231392055,0.5258016327846707,0.3358034046669057,0
-0.35297953711749996,2.487892720146881,0.6435891231358555,0.49240381918071485,-1.7439431387044395,-1.2500859676510023,-0.8397372601214803,0.801125133490402,0
-0.35297953711749996,2.064007145014829,0.6681477844081932,-0.09307776141463578,-1.716454709080785,-0.7295027983243031,0.5339268825780212,0.5160064983608821,1
-1.5609944477656215,1.2632044278039334,-0.2806032615319324,0.8187989143535033,-0.18173672724569678,-0.7227312295940997,1.31067611207092,2.249958246937106,1
-0.35297953711749996,1.7647937978627926,0.6854833100121963,-0.506358877129001,-1.9514134690194624,-0.6142338049826545,0.5534166907592836,0.05978894467916318,0
-0.35297953711749996,0.6755160507547224,0.7516243839159339,-0.32502840029473645,0.19875572374187178,-1.211436835529332,-0.014811522734302807,1.1499829547299711,0
-1.620530953695815,-0.41453670586465935,0.8684704029398469,-0.494845012066124,-1.3681180082321056,-0.6692488707633921,0.7763599936546481,0.9270811860304813,0
-0.35297953711749996,-2.013665268404404,0.9721692602708184,-0.5967919322829613,-1.9072971335240738,-0.8392896687215432,0.32327948826987685,0.004817640150574842,0
-0.35297953711749996,-1.3782578392918396,-0.24672305463148037,0.3458031121434323,-0.3999217137529697,-1.0011534369658959,0.13352634954430082,1.8039292685364197,1
-0.35297953711749996,-2.0416190432623487,0.9768092910585113,-0.46275378987212834,-0.6201774772367128,-0.526705038283428,1.3463884190776516,0.7594860706943051,0
-0.35297953711749996,1.4896842290526624,-0.47477555445257646,1.0273365471827962,-1.2718886652788948,-0.146465637858176,1.402530536273365,1.5223444486244309,1
-0.35297953711749996,1.365842668326744,0.7085973441508671,-1.0574003647481547,-1.0678364462423608,-0.8849501349299167,0.7052026672697032,0.5534899925664802,0
-0.35297953711749996,-2.014495935658501,-0.20398050266429069,1.3157445147670037,-0.132599597297534,-1.584200186248228,0.39987308063508215,0.9880914798593003,0
-0.35297953711749996,-1.2416003443885837,0.9266017466350002,-1.090788462865813,-1.1497007831899877,-1.0075479945404815,0.48691469497338846,1.6164680843723709,0
-0.35297953711749996,-1.2352931069814765,1.7186781754458047,0.6751962650938139,-0.6443374806782147,-1.3762562585080214,0.4408379518590949,-1.4504951742125276,0
-1.2543494333509684,-0.6293938041576517,0.8860878942936208,-0.53353054562062,-1.3397213734198532,-0.925116981811127,0.5023054707108304,0.8858017157094078,0
-0.35297953711749996,2.039072699418826,0.6695924115418601,-0.12751785439083296,-1.4331974777707666,-0.8684666569962246,0.510430720504181,1.0660048094033843,0
-0.35297953711749996,1.7897282434587956,0.6840386828785293,-0.47191878415280386,-0.9128942376293327,-0.3640308763146386,1.3713255623463028,0.8302755297219792,0
-0.35297953711749996,-1.963796377212398,0.9692800060034845,-0.5279117463305671,-1.5970515969013774,-0.7988727173928163,0.5236509897976915,0.3861456693642908,0
-0.35297953711749996,1.5154493419027621,0.6999295813488655,-0.850759806890972,-0.7020399673871305,-1.2271670102756858,0.4497812702287984,2.485687526618511,0
-0.35297953711749996,-1.9887308228084009,0.9707246331371514,-0.5623518393067641,-1.1814024973848627,-1.8503197295103175,-0.505694966865311,2.165930558310491,0
-0.35297953711749996,1.365842668326744,0.7085973441508671,-1.0574003647481547,-1.8940664539273575,-0.6423678175325187,0.5486597609720955,0.17113918734769396,0
0.17205023911212614,1.5154493419027621,0.6999295813488655,-0.850759806890972,0.7709773889774663,-1.300114770709305,1.2278630741323235,0.4133174033602876,1
-0.35297953711749996,-2.6563504870729107,-0.15986800521705868,0.8250488529415765,-1.800590349576444,-0.6990181423474211,0.540534511178745,-0.009063906346282402,0
-0.35297953711749996,-1.9139274860203919,0.9663907517361506,-0.45903156037817305,-1.0177585461836212,-1.1499478901768643,0.47329693649906507,-0.7306146045007282,0
-0.35297953711749996,1.195190823897314,-1.8024199223527004,-0.15395263175713947,-1.5252912935533243,-0.8658255637732869,-0.5474478380935476,1.068908244564411,0
-0.35297953711749996,1.6638323366447387,0.08932289026536155,-0.9925565465385936,-0.4499759283951855,-1.4716085683424462,0.42471567843205904,-1.073104895444085,0
-0.35297953711749996,0.4306215421052689,-1.5682319897318018,-2.0076519139696614,-1.716454709080785,-0.7295027983243031,0.5339268825780212,0.5160064983608821,0
-0.35297953711749996,1.1991394082707862,0.7212872141089284,0.39821355220540255,-1.5970515969013774,-0.7988727173928163,0.5236509897976915,0.3861456693642908,1
-0.35297953711749996,1.4905148963067592,0.7013742084825325,-0.8851998998671691,-1.5030411411855247,-0.44895974557605883,0.9684369283957576,0.48824340536716776,1
-0.35297953711749996,-2.0611204096026747,0.979917652871444,-0.36266354741444073,-1.2095143490327072,-0.9782039108184524,0.49187622492535177,1.5003285597474203,0
-0.35297953711749996,-1.8391241492323827,0.9620568703351499,-0.3557112814495817,0.18414275557679938,-1.3543494551263917,0.8258120129545575,1.1609610660658016,0
-0.35297953711749996,-1.4208550291480797,0.9388681545428543,-1.23086676530323,-1.4184118876987661,-0.351188240734306,0.12163413280967172,0.2515104564903842,0
-0.35297953711749996,1.6899904610747833,0.6898171914131971,-0.6096791560575923,-1.1949013808676348,-0.8352912912213925,-0.34874731076350873,1.48935044841159,0
-0.35297953711749996,1.5403837874987651,0.6984849542151986,-0.8163197139147749,-1.6938835656288136,-0.558746615973299,0.7577895340876131,-0.022945452843139535,0
-0.35297953711749996,1.8146626890547986,0.6825940557448624,-0.43747869117660687,-0.3574476147202429,-1.0380527703896762,0.8724782618916063,1.8052084133699513,0
-0.35297953711749996,-1.3031385874532926,0.9288546298977318,0.2991736961825068,-0.5737832121036492,-0.9658332346533098,0.05843739453568181,2.462197907390008,1
-0.35297953711749996,-2.862280173054513,-0.49093783223620324,1.0986786392304013,-1.5970515969013774,-0.7988727173928163,0.5236509897976915,0.3861456693642908,0
-0.09794310827539326,1.8645315802468045,0.6797048014775285,-0.3685985052242126,-0.7604283227020968,-1.2761921545951749,0.4519514174122039,-0.23095855815561128,1
-0.35297953711749996,2.56269605693489,0.6392552417348547,0.5957240981093059,-0.9841562201967627,-0.5642307919417004,0.08561266392105055,1.0947012289982596,0
-0.08431414044195645,1.8645315802468045,0.6797048014775285,-0.3685985052242126,0.3975563234720598,-1.0738064023781475,1.2603220587722936,1.1331979730720871,1
0.17205023911212614,0.537596863370787,-1.1078403040144078,1.2139006646799368,0.22412066039921652,-1.858144809244114,0.36687794664434054,-1.6354611379319706,1
-0.35297953711749996,-1.3959205835520765,0.9374235274091874,-1.196426672327033,-0.029270812318460737,-1.6348925078746361,0.39130196713682125,1.188724159059516,0
-0.35297953711749996,-1.9388619316163953,0.9678353788698175,-0.49347165335437004,-2.071350932563809,-0.9514271825458012,0.11078139514819685,-0.0926510560210988,0
-0.35297953711749996,-2.281503135878768,0.9946123507130464,-0.5708861994654322,-2.3701299276171737,-1.344187456393343,-0.49753266899663395,-0.053782725829898737,0
-0.17202877957510088,1.3187670718988629,-2.3075927025427325,0.4855147554554965,-1.7540992415493668,-0.6739871236655747,0.538324555061509,1.684638748058662,1
-0.35297953711749996,-1.1031482704817095,0.9135358098332924,-1.1878923121683649,-1.0891778030318868,-0.9130044402047411,0.6617516626879295,0.5562663018658516,0
-0.35297953711749996,1.7897282434587956,0.6840386828785293,-0.47191878415280386,0.046289808814635736,-0.29927555724879573,0.9045626221997961,2.2112170426075615,0
-0.35297953711749996,1.749937435498589,-0.8133747567914815,-1.3906906410975195,-1.7674957357269583,-0.26404292105853366,-0.12581971276438603,0.9771503801873884,0
-0.35297953711749996,-2.281503135878768,0.9946123507130464,-0.5708861994654322,-1.1171734441961003,0.32252259986249543,-0.4893632395612756,0.468937142421487,0
-0.35297953711749996,-1.5648452476763495,0.9461659718648137,0.023129741288586414,-0.632889705539339,-1.3387616370710522,0.44137210049354825,0.016682159462785173,0
-0.35297953711749996,1.9393349170348138,0.6753709200765278,-0.2652782262956213,-0.3501588322039699,-0.803947413111304,-0.018561332705299027,2.2615819894974876,0
-0.35297953711749996,1.41571155951875,0.7057080898835333,-0.9885201787957604,-0.632889705539339,-1.3387616370710522,0.44137210049354825,0.016682159462785173,1
-0.21955543663529067,2.487892720146881,0.6435891231358555,0.49240381918071485,-0.09905728754063903,0.7327651285655565,-2.021525979994856,-0.9499425235321752,0
-0.35297953711749996,1.8395971346508015,0.6811494286111955,-0.4030385982004097,-0.48862639949187037,-0.9466239575274416,0.8842913160465347,2.4579244336247967,1
-0.35297953711749996,-1.059760854750019,0.9126568279206517,0.5087782408643933,-2.2928751776518785,-1.0631026893798452,-0.1417993825490943,0.10420989346910614,0
-0.35297953711749996,1.6650560154787803,0.691261818546864,-0.6441192490337894,-1.3409553154270653,-0.4622210540949233,1.045063044778975,0.35282995777183357,0
-0.35297953711749996,-1.6895174756563645,0.9533891075331483,-0.1490707235923991,0.038339871564999184,-1.2667578000762032,0.09543121410551289,0.9590492420320545,0
-0.35297953711749996,-1.7393863668483707,0.9562783618004822,-0.2179509095447932,0.34752825215550254,-1.6702370282052632,0.58466911890398,0.2543293636506436,0
-0.35297953711749996,2.064007145014829,0.6681477844081932,-0.09307776141463578,-0.27408929825717077,1.332611790020413,2.6499176483458924,0.2706876108208173,1
-0.35297953711749996,-1.1126490752039666,0.9187414858420115,0.6083762902990293,-1.9514134690194624,-0.6142338049826545,0.5534166907592836,0.05978894467916318,0
-0.35297953711749996,-1.5774174890093258,0.944745528368068,-0.07966732655566136,-1.716454709080785,-0.7295027983243031,0.5339268825780212,0.5160064983608821,0
-0.35297953711749996,2.2385482641868504,0.6580353944725247,0.1480028894187439,-1.2121827562570953,-0.9876864642870046,0.49172615379217477,1.1334424333278044,0
-0.35297953711749996,-1.0916167334727798,-0.2654790237322291,0.6562871600135497,-0.18173672724569678,-0.7227312295940997,1.31067611207092,2.249958246937106,0
-0.35297953711749996,-0.28769593073419836,0.8670893142848336,0.01478171028154146,-0.7006576788187748,-1.2811762418676504,-0.6162225381622808,2.3083878680855614,0
-0.35297953711749996,1.5403837874987651,0.6984849542151986,-0.8163197139147749,-1.5970515969013774,-0.7988727173928163,0.5236509897976915,0.3861456693642908,0
-0.35297953711749996,-2.206699799090759,0.9902784693120457,-0.46756592053684104,-2.2027202642009156,-1.4155257191737,-0.5110478703715248,0.6329801862431815,0
-0.35297953711749996,1.6151871242867744,0.6941510728141979,-0.7129994349861837,-1.5970515969013774,-0.7988727173928163,0.5236509897976915,0.3861456693642908,0
-0.19865768595735428,-1.0283449336937005,0.9092019284322916,-1.0845720332397735,-1.2629761470289567,-0.8749275289224533,0.5867534127490726,1.3080929084230377,0
-0.35297953711749996,-0.5142744882486716,0.8742489114745146,-0.6326053839709125,-1.7158224764648762,-0.6971844016218732,0.5349974130100458,1.6108488577683167,0
-0.35297953711749996,-1.9139274860203919,0.9663907517361506,-0.45903156037817305,0.12580543353471296,-1.1043302642689439,-0.06034427250566465,0.9441890364322528,0
-0.35297953711749996,-1.4337775386900646,0.9343262349256557,-0.007823153778563241,-0.5311004985245971,-0.9097246241036611,0.1453394036992291,2.4566452887912655,0
-0.35297953711749996,1.2910393315387347,0.7129312255518679,-1.160720643676746,-2.0498057405203918,-1.347239228635694,-0.3432184588508017,0.39132959065433437,0
-0.35297953711749996,2.088941590610832,0.6667031572745262,-0.05863766843843882,-1.4961661489692617,-0.8375747024123387,0.5156539661640063,0.9437390418267099,0
-0.35297953711749996,-0.8787382601176822,0.9005341656302901,-0.877931475382591,-1.3397213734198532,-0.925116981811127,0.5023054707108304,0.8858017157094078,0
-0.35297953711749996,-0.5047215761776365,0.8788647586252861,-0.3613300807396344,-2.484947388757613,-1.315591436853265,-0.532858423785057,0.12919667716344907,0
-0.35297953711749996,0.87416094826865,-0.4360823960885105,1.8630287905648055,0.9765087613195107,-1.6198911145501014,-0.13429019789786378,-0.6957955622742635,1
-0.35297953711749996,1.7149249066707863,0.6883725642795302,-0.5752390630813952,-0.570861182615503,-1.3185958231379207,0.4379682160738701,1.8329715063636656,1
-0.35297953711749996,-2.0520026225874806,-0.20395631902736933,1.1785073539465591,-0.6011889731338003,0.03952333113637063,-0.5331918347914828,0.4699599184265572,1
-0.35297953711749996,-2.1766748505674958,-0.19673318335903478,1.0063068890655735,-1.9430989565727619,-1.206967702261572,-0.1259634359419336,0.37744804415747724,0
-0.35297953711749996,1.6650560154787803,0.691261818546864,-0.6441192490337894,-2.1802301788727085,-0.4689409499820833,0.5735340511783702,0.7228051868694262,0
-0.35297953711749996,2.1388104818028384,0.6638139030071923,0.010242517513955385,-0.8707210476246791,-0.5388175798898138,1.1869422271005525,1.0890214845378612,0
-0.35297953711749996,0.8001882787347376,0.7444012482475992,-0.15282793541375095,-0.132599597297534,-1.584200186248228,0.39987308063508215,0.9880914798593003,0
-0.35297953711749996,0.26355085725210553,-0.49779846095997704,1.1776096386970076,-1.6197325369630624,0.5969750613579712,-0.4467157497744666,0.4282747973130107,0
-0.35297953711749996,2.263482709782854,0.6565907673388578,0.182442982394941,-1.3264906938231364,-0.7281951306221025,0.7276857434130491,1.052123262906527,1
-0.35297953711749996,-1.7892552580403767,0.959167616067816,-0.28683109549718744,-1.8233653282823064,-0.4459079733337079,0.8141227182499253,0.0431310888829346,0
-0.35297953711749996,1.6151871242867744,0.6941510728141979,-0.7129994349861837,-1.0922452927127486,-0.650493086723858,0.9343614494032616,1.2858824340280663,0
-0.35297953711749996,1.7897282434587956,0.6840386828785293,-0.47191878415280386,0.038339871564999184,-1.2667578000762032,0.09543121410551289,0.9590492420320545,1
-0.35297953711749996,-0.9868913707842284,-0.585993200666828,-1.4952768557002007,-2.0424097112098716,-0.5319607968269493,0.5622599611982908,1.1443820623251502,0
-0.35297953711749996,-1.2283352506652834,0.924520748496731,0.40249397511109797,-0.4248496840573778,-1.3131795342146797,0.5162991117391564,2.0280515669651384,0
-0.35297953711749996,-1.3998570405753632,0.9314377347783735,-0.007064911109311844,-0.5481796434914861,-0.5592389398106066,1.340512148907635,0.9927190327053617,0
-0.35297953711749996,-1.4707239203400857,0.9417574088101882,-1.2997469512556241,-2.2880856913590195,-1.5277429402729976,-0.6848518886986192,0.6440854234406672,0
-0.35297953711749996,-0.6888156074206927,0.884361301410183,-0.8736860348042921,-1.237511901388486,-0.9943297067201529,0.4931708900206604,0.44510577148666314,0
-0.35297953711749996,-1.3603700070457123,-0.2466653317497215,0.44698325577187736,-1.4331974777707666,-0.8684666569962246,0.510430720504181,1.0660048094033843,0
-0.35297953711749996,-1.8648892620824826,-0.21264826546629223,1.5223850726241865,0.18414275557679938,-1.3543494551263917,0.8258120129545575,1.1609610660658016,1
-0.35297953711749996,1.8645315802468045,0.6797048014775285,-0.3685985052242126,-0.8996635580326161,-0.1671090251256141,1.5967058350485215,0.9965970769190983,1
-0.2445418776632581,2.288417155378857,0.6551461402051908,0.21688307537113805,-0.04605507213867244,-1.2845269526539655,0.8434231616713143,-0.7309615032427288,0
-0.35297953711749996,0.5923940300464973,0.8153011647439414,1.1540340102130378,0.2908495395244295,-1.2140779287522698,1.0430670358634255,1.1470795195689443,0
-0.35297953711749996,1.41571155951875,0.7057080898835333,-0.9885201787957604,-1.4026900446183481,-0.8942250272272411,0.5075287163706558,0.7635359481327336,0
-0.35297953711749996,1.5644875658406718,-0.47910943585357724,1.1306568261113874,-1.4961661489692617,-0.8375747024123387,0.5156539661640063,0.9437390418267099,0
-0.35297953711749996,-1.266333902683707,-1.1589338375559946,-2.612440332736089,-2.320893589717878,-1.203453923029007,-0.32036033066337677,0.2266653733351227,0
0.17205023911212614,1.9144004714388108,0.6768155472101948,-0.2997183192718184,0.9524373047013541,-1.6801276860759853,-0.08073456308524973,-0.702793021865,1
-0.35297953711749996,-0.43394552347756143,0.8728378235856852,-0.3597479865458254,-0.892062404414205,-0.5668718851646383,1.143491222518779,1.0917977938372327,0
-0.35297953711749996,-1.4457894747440827,0.9403127816765213,-1.265306858279427,-1.0562246788390741,-1.064198319355384,0.4787894451800379,1.4362649906783944,0
-0.35297953711749996,1.6899904610747833,0.6898171914131971,-0.6096791560575923,-1.6229786047298713,-0.7861531231392055,0.5258016327846707,0.3358034046669057,0
-0.35297953711749996,-0.5336833058615738,0.8786163321203528,-0.49750835845061386,-0.5367451939640373,-1.3859294084174025,0.4333969218333747,0.20336519218842497,0
0.17205023911212614,1.7398593522667893,0.6869279371458632,-0.5407989701051981,0.4357430566814433,0.4099038112033522,3.020783933396673,-0.5170265743952001,1
-1.6659835549973607,1.7398593522667893,0.6869279371458632,-0.5407989701051981,-1.716454709080785,-0.7295027983243031,0.5339268825780212,0.5160064983608821,0
-0.35297953711749996,-1.4573806607250255,-0.7695243607105575,-2.3729694343612846,-2.5974888229914392,-0.837506382607667,-0.07001529934705125,0.7298091481340029,0
-0.35297953711749996,-1.312124639971991,0.9302985029113471,0.3328555464894525,-0.8482988208793414,-1.683301791710638,-0.126894843489187,1.8690635272554943,0
-0.35297953711749996,-1.4681267945542786,0.9435828669841719,0.3293683485804051,-2.2928751776518785,-1.0631026893798452,-0.1417993825490943,0.10420989346910614,0
-0.35297953711749996,1.6650560154787803,0.691261818546864,-0.6441192490337894,-0.47516590979564577,1.572814415346469,-1.3093356182801494,0.2598244606892715,0
-0.35297953711749996,-1.9514341729493716,0.966414935373072,-0.596268721198618,-2.015110995092639,-1.3208399895942393,-0.34460199554408233,1.9140157613741418,0
-0.35297953711749996,1.8146626890547986,0.6825940557448624,-0.43747869117660687,-1.196151468939351,-0.22506701764271708,1.394821724420143,0.280277218679477,0
-1.618610421246454,0.7752538331387346,0.7458458753812661,-0.187268028389948,-0.4677373780841626,0.798685758642586,-2.214377178804243,1.1585414191845755,1
-0.35297953711749996,1.9144004714388108,0.6768155472101948,-0.2997183192718184,-1.6185947759973098,-0.43480944229352564,-0.08749564030584572,0.4455950966812177,0
-0.12593491144099037,-1.2782041418572896,0.9274100027640649,0.33361378915870377,0.45423503610313265,-1.529965501831141,0.8019241418128482,0.2404478171537865,0
-0.35297953711749996,-0.9994997033203996,1.4457924065949,-0.601909812330603,-1.716454709080785,-0.7295027983243031,0.5339268825780212,0.5160064983608821,0
-0.35297953711749996,1.4905148963067592,0.7013742084825325,-0.8851998998671691,-1.3397213734198532,-0.925116981811127,0.5023054707108304,0.8858017157094078,0
-0.35297953711749996,-1.4956583659360887,0.9432020359438551,-1.3341870442318213,-2.2548021150298965,-0.40871458822552054,-0.5375586924895,0.5234286140133148,0
-0.35297953711749996,1.9144004714388108,0.6768155472101948,-0.2997183192718184,-1.2377611181370145,-0.3577047804330544,0.05543661302325947,0.8998365983996623,0
-0.35297953711749996,-0.5545904673696426,0.88175401289262,-0.43021026669202866,-1.2786443139507926,-1.0219593025816047,0.49493738766730655,-1.237174422879832,1
-0.35297953711749996,-1.968708028885879,1.0871638814707412,-0.7260309027318625,-1.3056588606080088,-0.9310361394721022,0.4998514035855254,1.3136455270217806,0
-0.35297953711749996,1.9642693626308168,0.6739262929428609,-0.2308381333194242,0.3441502531869456,-1.8612008762057934,0.3588429824968511,0.4688435893477163,1
-0.1777948813507857,1.9393349170348138,0.6753709200765278,-0.2652782262956213,-1.14683046099862,-1.6253435730464685,-0.23686368958131865,2.3294757962082384,0
-0.35297953711749996,1.465580450710756,0.7028188356161994,-0.9196399928433662,-0.20606256974881876,-0.7776755315745639,1.3103921921290205,-0.03884402652464336,1
-0.35297953711749996,-1.6895174756563645,0.9533891075331483,-0.1490707235923991,-0.029270812318460737,-1.6348925078746361,0.39130196713682125,1.188724159059516,0
-0.35297953711749996,1.9393349170348138,0.6753709200765278,-0.2652782262956213,-1.5190724285032688,-1.2115791922203463,0.06534135776778915,1.3414086200154949,1
-0.35297953711749996,-1.717471250514309,0.9580291383208412,-0.015032581181565918,-1.9990797077748947,-0.5582205429499517,0.5584935750838861,1.0608505467258147,0
-0.35297953711749996,-1.1255781390193298,0.9155468363080373,0.37177611162885615,-1.690527701252291,-0.7422223925779139,0.5317762395910421,0.5663487630582671,0
-0.35297953711749996,-0.9535415969056913,0.9048680470312909,-0.9812517543111822,0.0660015221017205,-0.6679305128937181,1.5156722171199495,1.9641964530795955,1
-0.2622245897753581,-0.929121903513247,0.907185222892728,0.8157750908254631,-1.2095143490327072,-0.9782039108184524,0.49187622492535177,1.5003285597474203,0
-0.35297953711749996,-1.6530514930514317,-0.22707035316604007,1.7295488415657128,-2.1057864917225246,-0.6984920693240738,0.341238552175018,1.0747320932226718,0
-0.35297953711749996,-0.9132647035243996,0.23410950363459027,1.8826765556751992,-1.6668970032854697,-1.062009144610934,0.16804592950981737,0.9659495162216813,0
-0.35297953711749996,-2.206699799090759,0.9902784693120457,-0.46756592053684104,-1.690527701252291,-0.7422223925779139,0.5317762395910421,0.5663487630582671,0
-0.35297953711749996,-1.5149763564843433,0.9432767175974799,0.09200992724098062,-0.029270812318460737,-1.6348925078746361,0.39130196713682125,1.188724159059516,0
-0.35297953711749996,1.7149249066707863,0.6883725642795302,-0.5752390630813952,-0.8544228783471006,-0.6044070821816725,1.1397127130874392,0.5257268995727659,1
-0.35297953711749996,-1.4836008768066709,0.9483842824357047,0.5311967757728748,-0.5905728959025878,-0.9499408674929983,-0.17314137884628356,2.079992095891632,0
-0.35297953711749996,1.1742049626747832,0.7227318412425954,0.36377345922920545,-2.2773684711485487,-0.41669180348530066,0.581749769379553,0.6881645086434314,0
0.34772413987798945,2.462958274550878,0.6450337502695224,0.45796372620451753,0.22913421851378635,-1.1550225858953518,-0.0689153860039256,1.1448217156324683,1
-0.35297953711749996,1.0994016258867743,0.7270657226435961,0.26045318030061415,-1.690527701252291,-0.7422223925779139,0.5317762395910421,0.5663487630582671,0
-0.35297953711749996,-1.225315921403342,0.9213253448427051,0.23401573972406775,-0.029270812318460737,-1.6348925078746361,0.39130196713682125,1.188724159059516,0
-0.35297953711749996,1.676411502448804,-1.3913202187780915,-1.8275866187681342,-2.2149682177059575,-0.4478882842018687,0.5765535955294234,0.7897731260029719,0
-0.35297953711749996,1.9144004714388108,0.6768155472101948,-0.2997183192718184,-0.21852659728907076,-0.9354035701601474,-0.03178196125933547,0.27560227338632803,1
-0.35297953711749996,1.4905148963067592,0.7013742084825325,-0.8851998998671691,-2.2274174853669644,-1.2601042478439095,-0.3284855804567274,0.04646227964114635,0
-0.35297953711749996,1.5154493419027621,0.6999295813488655,-0.850759806890972,-1.198689908020066,-1.0105877914848673,0.49004655285099186,0.6139214683487542,0
-0.08431414044195645,0.999663843502762,0.7328442311782638,0.12269280839582591,-0.7020399673871305,-1.2271670102756858,0.4497812702287984,2.485687526618511,1
-0.35297953711749996,-1.146774213678052,1.0387071135675892,-1.1511472473623199,-0.5367451939640373,-1.3859294084174025,0.4333969218333747,0.20336519218842497,0
-0.35297953711749996,-2.0820275711107437,0.983055333643711,-0.2953654556558554,-1.0177585461836212,-1.1499478901768643,0.47329693649906507,-0.7306146045007282,0
-0.35297953711749996,-0.23999558669263804,0.8583580130041784,-0.2537643612327444,-0.47693162812131773,-1.4152734921394317,0.4284353918814114,0.3195047168133756,0
-0.35297953711749996,-1.8556606241082279,2.4848036205112756,0.5243334365569622,-1.3397213734198532,-0.925116981811127,0.5023054707108304,0.8858017157094078,0
-0.35297953711749996,-2.1817653534947556,0.9888338421783787,-0.4331258275606439,0.18414275557679938,-1.3543494551263917,0.8258120129545575,1.1609610660658016,0
-0.35297953711749996,-2.3885126195985467,-0.18231109565928671,0.7991431201240473,-2.071350932563809,-0.9514271825458012,0.11078139514819685,-0.0926510560210988,0
-0.35297953711749996,1.7647937978627926,0.6854833100121963,-0.506358877129001,-0.9106932477454781,-1.3707554466153646,-0.8249064475728878,2.1216367353822037,0
-0.35297953711749996,1.7149249066707863,0.6883725642795302,-0.5752390630813952,-0.029270812318460737,-1.6348925078746361,0.39130196713682125,1.188724159059516,0
-0.35297953711749996,1.465580450710756,0.7028188356161994,-0.9196399928433662,-0.025892813349903898,-1.4439286598741057,0.6171281035439502,0.9742099333624432,0
-0.27700677796393186,-0.8787382601176822,0.9005341656302901,-0.877931475382591,-1.690527701252291,-0.7422223925779139,0.5317762395910421,0.5663487630582671,0
-0.35297953711749996,-2.106962016706747,0.9844999607773779,-0.3298055486320525,-0.029270812318460737,-1.6348925078746361,0.39130196713682125,1.188724159059516,0
-0.35297953711749996,2.288417155378857,0.6551461402051908,0.21688307537113805,0.16735849575658768,-1.0039838999057213,1.2779332074890504,-0.7587245962364431,1
-0.35297953711749996,-1.0581373306317343,-0.2671962610077506,0.6917861360992124,-0.08760813436054715,-1.3848733170171879,-0.4948543183234009,0.9719521294259672,0
-0.35297953711749996,-2.2565686902827653,0.9931677235793794,-0.5364461064892352,-1.8828472672921106,-1.4454296325630451,-0.3576280196976195,0.16979160799106563,0
-0.11363389431952942,-1.0034104880976973,0.9077573012986246,-1.0501319402635763,-0.4842246264454707,-0.4485902583062536,1.5595720510434055,-0.8000223369850141,0
0.17205023911212614,2.088941590610832,0.6667031572745262,-0.05863766843843882,0.47240700847042705,-1.5998671005834173,-0.03250089319626537,0.44535397011921324,1
-0.35297953711749996,2.014138253822823,0.671037038675527,-0.16195794736703006,-1.2827525810740015,-0.5570316496640945,0.9501640119817426,0.9159759488329956,1
-0.35297953711749996,2.039072699418826,0.6695924115418601,-0.12751785439083296,-0.7346056931707787,0.28723860180357597,1.1958155908372228,0.8355901050128793,0
-0.35297953711749996,2.014138253822823,0.671037038675527,-0.16195794736703006,0.557563821082206,-1.5806578234575492,0.7933530283145873,0.441080496354002,1
-0.35297953711749996,-2.013665268404404,0.9721692602708184,-0.5967919322829613,-2.1648270369147227,-0.8947768577308987,0.11890664494154743,0.08755203767287756,0
-0.17202877957510088,1.3042815386016318,1.5068010618929217,0.7403192392248563,-0.132599597297534,-1.584200186248228,0.39987308063508215,0.9880914798593003,1
-0.35297953711749996,-1.121641681996043,0.9215326289388512,-0.8175856495888648,-0.48708700270648253,-0.1413115082861035,-0.6347445518167999,-0.8224736065387654,0
-0.35297953711749996,1.7398593522667893,0.6869279371458632,-0.5407989701051981,-1.4331974777707666,-0.8684666569962246,0.510430720504181,1.0660048094033843,0
-0.35297953711749996,-1.0288596858972592,0.9129637314273956,0.6780147189206748,-1.9514134690194624,-0.6142338049826545,0.5534166907592836,0.05978894467916318,0
-0.35297953711749996,-1.1530171616737157,0.9164250641006262,-1.256772498120759,-2.176691452621467,-0.47108556215816727,0.5732264534779603,0.7159832357126265,0
-0.35297953711749996,-1.312124639971991,0.9302985029113471,0.3328555464894525,-1.4560201315015902,-0.8843435270665567,0.511392071937853,0.11426542200363687,0
-0.35297953711749996,-2.331372027070774,0.9975016049803802,-0.6397663854178265,-1.3602573232417858,-0.3362982117524467,0.11830460622026592,1.8197483710571685,0
-0.35297953711749996,1.9642693626308168,0.6739262929428609,-0.2308381333194242,-1.7787911476633713,-0.6662924470379873,0.5402206586698711,1.4885830901916424,1
-0.1777948813507857,1.8395971346508015,0.6811494286111955,-0.4030385982004097,-0.872079966403819,-0.9971772387173006,-1.780046134201831,-1.8653797101774812,0
-0.35297953711749996,1.9895065087047477,2.6492619759874345,0.9426210146612479,-0.9750067792820064,-1.1203250453070952,0.4714920572721626,1.0482452186927902,1
-0.35297953711749996,-0.6358752796179673,0.8880981666483141,1.0942598214597439,-0.4433857198063549,-1.3839220145835,0.4272981940854524,1.9870542562784643,0
-0.35297953711749996,-1.265631900524313,0.9288304462608106,0.43641085700295157,-0.025892813349903898,-1.4439286598741057,0.6171281035439502,0.9742099333624432,0
-0.35297953711749996,-0.8104163987899887,0.8982105565839825,0.8531791706263641,-2.2200214560564437,-0.44482581603516486,0.5769928395923649,0.799514751311962,0
-0.35297953711749996,1.4983527554228226,0.7039516885049253,0.8114946679197677,-1.690527701252291,-0.7422223925779139,0.5317762395910421,0.5663487630582671,1
-0.35297953711749996,1.440646005114753,0.7042634627498663,-0.9540800858195633,-1.7193612027161178,-0.6950397894457893,0.5353050107104558,1.6176708089251162,0
-0.35297953711749996,1.5653182330947681,0.6970403270815317,-0.7818796209385778,0.07743597162916949,-1.494620981500514,0.6085569900456893,1.1748426125626588,1
-0.17202877957510088,1.3147500983006963,0.10954767013669853,-1.4747178482053531,-1.7787911476633713,-0.6662924470379873,0.5402206586698711,1.4885830901916424,1
-0.35297953711749996,2.039072699418826,0.6695924115418601,-0.12751785439083296,-1.2095143490327072,-0.9782039108184524,0.49187622492535177,1.5003285597474203,0
-0.35297953711749996,-1.2532696962612864,0.925965375630398,0.36805388213490087,-1.716454709080785,-0.7295027983243031,0.5339268825780212,0.5160064983608821,0
-0.35297953711749996,-1.3460516923600705,0.9345342731418536,-1.1275464863746385,-0.608563863036217,-1.2838173350905882,0.4416560204354478,2.305484432924535,0
-0.35297953711749996,1.9842684688871408,-0.7483928923539878,-1.0217784265596634,0.9175045102431365,-0.796455883765384,-0.6622964966554667,0.3714319687109362,1
-0.35297953711749996,-1.3212616325186235,-0.2469071885377082,0.6166895205207784,-1.4331974777707666,-0.8684666569962246,0.510430720504181,1.0660048094033843,0
-1.618610421246454,2.2385482641868504,0.6580353944725247,0.1480028894187439,0.18414275557679938,-1.3543494551263917,0.8258120129545575,1.1609610660658016,1
-0.35297953711749996,2.2385482641868504,0.6580353944725247,0.1480028894187439,-0.15898072113635797,-1.0790448505810282,0.013378942901109525,-0.9895803321969552,1
0.1392009320264067,-0.853803814521679,0.8990895384966231,-0.8434913824063939,0.3441502531869456,-1.8612008762057934,0.3588429824968511,0.4688435893477163,1
-0.35297953711749996,2.1586003802880085,0.1861022067566877,-0.4959865426663815,-1.4331974777707666,-0.8684666569962246,0.510430720504181,1.0660048094033843,1
-0.35297953711749996,1.8146626890547986,0.6825940557448624,-0.43747869117660687,-1.1747924469385196,-0.38859673501694036,0.050213367363434125,1.0221023659763366,0
-0.35297953711749996,1.7398593522667893,0.6869279371458632,-0.5407989701051981,0.61096989136732,-0.7932633496299033,1.6948321045900299,1.1054348800783729,0
-1.3785438650763184,-1.963796377212398,0.9692800060034845,-0.5279117463305671,-1.6946738484244968,-1.155291645320766,0.07887975051306434,-0.0004154228324272369,0
-0.35297953711749996,1.5154493419027621,0.6999295813488655,-0.850759806890972,-1.6051622740941869,-0.6300051714786162,0.7055802579181367,0.5552435258607814,0
-0.35297953711749996,1.6151871242867744,0.6941510728141979,-0.7129994349861837,-1.2197839098755063,-0.5879236042479804,0.9449407663219173,1.0382417164096698,0
-0.35297953711749996,-1.2961828011680643,0.9316450188745197,-1.0586663004222445,0.06579654165398785,1.5000433905131962,-1.1281020642599024,1.0891336867002896,0
-0.35297953711749996,1.7149249066707863,0.6883725642795302,-0.5752390630813952,-1.0104666602484702,0.46279412623661753,-0.2721082166524076,0.45505559592462974,0
-0.35297953711749996,1.763963130608696,-0.49066645292291255,1.4061775699209642,-1.5195882323897576,-0.42478000640588914,0.2273343730614729,0.5373065252310212,1
-0.35297953711749996,1.4905148963067592,0.7013742084825325,-0.8851998998671691,-1.4318734536715154,-0.8989773968857281,0.5092931634476962,0.0677154927182203,0
-0.35297953711749996,-1.5665788043907198,-0.23076786356243872,0.37402677549358976,-0.9635150064942662,0.1230938557147716,1.9181797692975517,0.201409763240043,0
-0.35297953711749996,-1.1414856246647858,-0.2625897694648952,0.5874069740611555,-0.94391099394283,-0.45823210386217844,0.30607892070505044,-1.289797173706234,1
0.2928588078305644,0.17490393592071513,0.8352432247454558,0.36539906966955205,-0.34212355373378356,-2.4531164826774097,-1.68983756798341,0.3349694591940708,1
-0.35297953711749996,1.7149249066707863,0.6883725642795302,-0.5752390630813952,-0.8576332138495465,-0.5549843136540704,0.023533621991254305,1.2762230226263964,1
-0.35297953711749996,0.033430961524546506,0.844575693716268,0.22670576914779567,-1.4331974777707666,-0.8684666569962246,0.510430720504181,1.0660048094033843,0
-0.35297953711749996,-1.095118065440226,0.9170250026865419,0.5757533231015489,-1.5970515969013774,-0.7988727173928163,0.5236509897976915,0.3861456693642908,0
-0.35297953711749996,-0.7291315865416639,0.8918664028282886,-0.6712909175254084,0.18414275557679938,-1.3543494551263917,0.8258120129545575,1.1609610660658016,0
-0.35297953711749996,-1.4707239203400857,0.9417574088101882,-1.2997469512556241,-1.7228103964612385,-1.3150396063496075,-0.1442363523559485,0.8051805876233051,0
-0.35297953711749996,-0.6109408340219642,0.8866535395146471,1.128699914435941,-2.0319894098847073,-1.1910912769751048,-0.16343983371733573,0.61076971184821,0
-0.35297953711749996,-0.4363997148499429,0.8765411495789787,1.3697805652693207,0.28064180552591256,-1.4471211940095865,-1.7400004977015464,0.24020702199500654,0
-0.35297953711749996,1.1284185939961484,-0.5509378906607121,0.6863183250769692,-1.2400698674949495,-0.5009230391144457,1.0370660211452898,0.9104233302342527,0
-0.35297953711749996,-2.391531948860488,-0.17911569200526078,0.9676213555110778,-1.023697339845187,0.26587227504759303,-0.4974884893546262,0.2887340487275107,0
-0.30157386613548587,-1.627286380201332,0.9476347826354019,-0.14854751250805553,-1.2521970626117591,-1.0343125213681013,0.40497421576180453,1.5058811783461632,0
-0.35297953711749996,2.039072699418826,0.6695924115418601,-0.12751785439083296,-1.8940664539273575,-0.6423678175325187,0.5486597609720955,0.17113918734769396,1
-0.35297953711749996,-1.0757092478273236,0.9126575820407035,0.44065629758125047,-2.4363777936950015,-0.5784373705834035,-0.6968426005410382,0.6282399258587794,0
-0.35297953711749996,1.1492705170787803,0.7241764683762623,0.32933336625300846,-1.7037583808490075,-0.9391442437669384,0.3063959668888235,0.4000272158611479,0
-0.35297953711749996,-0.9535415969056913,0.9048680470312909,-0.9812517543111822,-1.690527701252291,-0.7422223925779139,0.5317762395910421,0.5663487630582671,0
-0.35297953711749996,2.039072699418826,0.6695924115418601,-0.12751785439083296,-1.4331974777707666,-0.8684666569962246,0.510430720504181,1.0660048094033843,0
-0.1829668999132181,-1.0009059110393146,0.9083237006397027,0.5439765765098417,-1.6719144363317748,-0.5570280702402572,-0.3616948758523887,-0.4084337468088002,0
-0.35297953711749996,0.8749916155227468,0.7400673668465985,-0.04950765648515967,-0.132599597297534,-1.584200186248228,0.39987308063508215,0.9880914798593003,1
-0.35297953711749996,-2.3646069710458706,-0.2757446648727201,1.2784706998209112,-2.036778896177567,-0.7264510260819521,0.37961267243218916,0.07089418187664898,0
-0.35297953711749996,-1.3934160064936936,0.9379899267502654,0.3976818444463853,-1.732485996398529,-1.4921222449685907,-0.36916868804994707,1.3691717130092094,0
-0.17202877957510088,2.113876036206835,0.6652585301408593,-0.024197575462241577,-0.1286857103309399,-0.16242201783527654,-0.5713582089235194,2.388275905981731,1
-0.35297953711749996,2.424922957318174,2.2795122246199577,1.0865198988168834,0.01909864958708285,-1.244601790643066,-0.27759929541453277,0.95807058292911,0
-0.35297953711749996,-1.3709861379560735,0.9359789002755204,-1.161986579350836,-1.2845648587525682,-1.353700326708989,0.044957190114599976,0.8893252789608649,0
-0.35297953711749996,0.009348869267392312,0.8439117416675092,0.09063656852922652,0.45423503610313265,-1.529965501831141,0.8019241418128482,0.2404478171537865,0
-0.35297953711749996,1.8146626890547986,0.6825940557448624,-0.43747869117660687,-0.7978196480068271,-0.5843283973760997,0.018572092039291,1.3923625472513468,1
-1.618610421246454,1.7398593522667893,0.6869279371458632,-0.5407989701051981,-0.029270812318460737,-1.6348925078746361,0.39130196713682125,1.188724159059516,1
-0.23678384981960948,-0.2649300322886412,0.8598026401378454,-0.2882044542089415,-1.3397213734198532,-0.925116981811127,0.5023054707108304,0.8858017157094078,0
-0.35297953711749996,-1.6492014965353934,0.9458840061150429,-0.35146584087128296,-0.6806986105976045,-1.1991127050008614,0.49323227481057197,2.4829112173191397,0
-0.35297953711749996,-1.1006436934233268,0.9141022091743705,0.40621620460505325,-1.5900148991868517,-0.840680876121535,0.4339564330405457,1.7850956188911509,0
-0.35297953711749996,-1.1530171616737157,0.9164250641006262,-1.256772498120759,-1.716454709080785,-0.7295027983243031,0.5339268825780212,0.5160064983608821,0
-0.35297953711749996,-0.21506114109663504,0.8569133858705115,-0.21932426825654727,-1.9514134690194624,-0.6142338049826545,0.5534166907592836,0.05978894467916318,0
-0.35297953711749996,-1.8889930404243889,0.9649461246024837,-0.42459146740197584,-1.7457166759952458,-1.6890440961576152,-0.5945489607521658,1.20285016581209,0
-0.35297953711749996,1.3151431098806412,-0.4646631645169079,0.7862558963494164,-1.7399145281100123,-0.7179935882647077,0.5358728724741465,0.4704547545139052,0
-0.35297953711749996,-0.3646678146726533,0.865581148672513,-0.4259648261137299,-1.2121827562570953,-0.9876864642870046,0.49172615379217477,1.1334424333278044,0
-0.35297953711749996,-1.5491749964456392,-2.0795402027216365,-0.1960186795838671,-1.7399145281100123,-0.7179935882647077,0.5358728724741465,0.4704547545139052,0
0.014653133671615304,-0.1596666219215281,0.856946925115349,0.019093036192342594,0.07009061389166416,-2.0349429967779806,0.019806059340922944,0.2904213845424723,1
-0.35297953711749996,-1.677155271393338,0.9505240369027358,-0.21742769846044968,-1.7733351623039315,-1.3478462812829188,-0.18592290986068172,0.11213644150816326,0
0.17205023911212614,1.8894660258428078,0.6782601743438617,-0.3341584122480155,-0.029270812318460737,-1.6348925078746361,0.39130196713682125,1.188724159059516,1
-0.35297953711749996,1.7897282434587956,0.6840386828785293,-0.47191878415280386,-1.690527701252291,-0.7422223925779139,0.5317762395910421,0.5663487630582671,1
-0.35297953711749996,-1.602351934605329,0.946190155501735,-0.11410741953185846,-0.608563863036217,-1.2838173350905882,0.4416560204354478,2.305484432924535,0
-0.35297953711749996,-0.2898644778846442,0.8612472672715122,-0.3226445471851385,-0.16074818024506565,-1.6693310623499256,0.39880278264985736,-2.3827579018954843,0
-0.35297953711749996,-0.2878694485255157,-1.286103550330144,-1.4550385299578996,-1.9819730323794333,-0.5685878846827429,0.557006606711733,1.0278723235693574,0
-0.35297953711749996,-1.652220825797335,0.9490794097690688,-0.18298760548425258,-1.7972344851999211,-0.882493918952036,0.31452121668217403,0.5802303095551242,0
-0.35297953711749996,-2.3064375814747713,0.9960569778467133,-0.6053262924416294,-1.9596460477769946,-1.1827879630914022,-0.8670659912762182,0.4265111640213307,0
-0.35297953711749996,1.7149249066707863,0.6883725642795302,-0.5752390630813952,0.1208349765317358,-0.5367450004709184,0.9930136169873145,0.2349362929987011,0
0.6194997369052659,-0.6334210882455857,0.8843948406550206,-0.6352687303554022,0.07743597162916949,-1.494620981500514,0.6085569900456893,1.1748426125626588,1
-0.35297953711749996,-2.0673841561124484,-0.19789584474293087,1.41534256420164,-1.1171734441961003,0.32252259986249543,-0.4893632395612756,0.468937142421487,0
-0.35297953711749996,1.5403837874987651,0.6984849542151986,-0.8163197139147749,-1.3397213734198532,-0.925116981811127,0.5023054707108304,0.8858017157094078,0
-0.35297953711749996,-1.3460516923600705,0.9345342731418536,-1.1275464863746385,-1.4331974777707666,-0.8684666569962246,0.510430720504181,1.0660048094033843,0
-0.35297953711749996,1.7647937978627926,0.6854833100121963,-0.506358877129001,0.20213372271042873,-1.020472987528802,0.2110146136728261,0.9354687290328986,1
-0.35297953711749996,-2.121778548768442,1.7750829262575203,-0.2609026748895474,-2.216931792318111,-0.4533188913410943,0.5764964148929953,0.5716547698876384,0
-0.35297953711749996,-1.8889930404243889,0.9649461246024837,-0.42459146740197584,-2.0581202529670923,-0.7545053313567766,0.3361616678504155,0.07367049117602043,0
-0.35297953711749996,1.9344232653613331,0.7932547955437845,-0.46339738269691666,-0.7959178928389034,-0.6140396565109885,1.1355160438586054,1.2784808265628724,1
-0.35297953711749996,2.113876036206835,0.6652585301408593,-0.024197575462241577,-0.7395964894869691,-1.4790331634451745,0.22411707758468014,0.030563705959642418,1
-0.35297953711749996,1.8894660258428078,0.6782601743438617,-0.3341584122480155,-0.029270812318460737,-1.6348925078746361,0.39130196713682125,1.188724159059516,1
-0.35297953711749996,1.4647497834566594,-0.47333092731890947,0.9928964542065992,0.7244107686410215,-2.1035833584212895,0.32537892678587443,-0.6640518175354553,1
-0.35297953711749996,-0.4644055970566655,0.8713596572071807,-0.5637251980185183,-0.3574476147202429,-1.0380527703896762,0.8724782618916063,1.8052084133699513,0
-0.35297953711749996,-0.9784760425016943,0.9063126741649578,-1.0156918472873793,0.07743597162916949,-1.494620981500514,0.6085569900456893,1.1748426125626588,0
-0.35297953711749996,-1.3460516923600705,0.9345342731418536,-1.1275464863746385,-0.608563863036217,-1.2838173350905882,0.4416560204354478,2.305484432924535,0
-0.35297953711749996,1.4905148963067592,0.7013742084825325,-0.8851998998671691,-1.800590349576444,-0.6990181423474211,0.540534511178745,-0.009063906346282402,0
-0.35297953711749996,-1.7175637992417334,0.9567700794879355,-0.050039364244177015,-1.7379999011242022,-0.33369075223441025,0.9879267365770199,0.032025851685448914,0
-0.35297953711749996,-1.4707239203400857,0.9417574088101882,-1.2997469512556241,-0.8826235023314984,-1.4575594556627756,0.1026190972795197,2.127062228119291,0
-0.35297953711749996,-2.3563064726667773,0.9989462321140472,-0.6742064783940236,-2.7479620705469294,-1.1971818682278734,-0.555302389748263,0.5978704597334481,0
-0.35297953711749996,-1.7643208124443737,0.9577229889341491,-0.2523910025209903,0.2908495395244295,-1.2140779287522698,1.0430670358634255,1.1470795195689443,0
-1.3036430995512363,2.088941590610832,0.6667031572745262,-0.05863766843843882,-0.4433857198063549,-1.3839220145835,0.4272981940854524,1.9870542562784643,0
-0.35297953711749996,2.1886793729948444,0.6609246487398586,0.0791227034663497,-0.9465166941296583,-0.6017659889587348,0.08183415448971082,0.5286303347337926,1
-0.35297953711749996,-1.4795893133785902,-1.1415340193532861,-2.6186567623621286,-1.5970515969013774,-0.7988727173928163,0.5236509897976915,0.3861456693642908,0
-1.3638197829645502,1.9642693626308168,0.6739262929428609,-0.2308381333194242,-1.4331974777707666,-0.8684666569962246,0.510430720504181,1.0660048094033843,0
-0.35297953711749996,-1.5205928115320917,0.9446466630775221,-1.3686271372080183,-2.015110995092639,-1.3208399895942393,-0.34460199554408233,1.9140157613741418,0
-0.35297953711749996,1.7149249066707863,0.6883725642795302,-0.5752390630813952,-1.7158224764648762,-0.6971844016218732,0.5349974130100458,1.6108488577683167,0
-0.35297953711749996,-0.853803814521679,0.8990895384966231,-0.8434913824063939,0.7181037304872635,-2.0997610365293857,0.325927155242883,-0.6518931188472163,1
-0.35297953711749996,-2.1817653534947556,0.9888338421783787,-0.4331258275606439,-1.4560201315015902,-0.8843435270665567,0.511392071937853,0.11426542200363687,0
0.34772413987798945,2.6624338393189024,0.6334767332001869,0.7334844700140943,-0.8043449782883609,-0.86940483742862,0.9078069823168012,-0.7583776974944427,1
-0.35297953711749996,1.9642693626308168,0.6739262929428609,-0.2308381333194242,-0.5367451939640373,-1.3859294084174025,0.4333969218333747,0.20336519218842497,1
-0.35297953711749996,-0.4644055970566655,0.8713596572071807,-0.5637251980185183,-0.608563863036217,-1.2838173350905882,0.4416560204354478,2.305484432924535,0
-0.23678384981960948,-0.7790004777336699,0.8947556570956223,-0.7401711034778025,-1.7379999011242022,-0.33369075223441025,0.9879267365770199,0.032025851685448914,0
-0.35297953711749996,-1.300119258191351,0.9256592262437059,0.13069546079547656,-1.716454709080785,-0.7295027983243031,0.5339268825780212,0.5160064983608821,0
-0.35297953711749996,1.3400775554766442,-0.4661077916505749,0.8206959893256136,0.7146561145603816,0.7666144626535545,-1.6351653195777118,1.7903055089506879,1
-0.35297953711749996,-1.2254067484679894,0.9256180838349186,-1.0570842062284354,-1.6464384237590988,-0.7746439130796101,0.5277476226807959,0.2902516608199289,0
-0.35297953711749996,1.6151871242867744,0.6941510728141979,-0.7129994349861837,-1.3397213734198532,-0.925116981811127,0.5023054707108304,0.8858017157094078,1
-0.35297953711749996,1.8645315802468045,0.6797048014775285,-0.3685985052242126,-1.3397213734198532,-0.925116981811127,0.5023054707108304,0.8858017157094078,0
-0.35297953711749996,-2.281503135878768,0.9946123507130464,-0.5708861994654322,-2.130585516639528,-1.5002303492634268,-0.562624124746649,0.4555534018485766,0
-0.35297953711749996,1.6151871242867744,0.6941510728141979,-0.7129994349861837,-0.501857079088587,-1.143545808716466,0.6589110433443159,2.291602886427678,0
-0.35297953711749996,-1.9388619316163953,0.9678353788698175,-0.49347165335437004,-1.1695000426780433,-0.9315778537373558,0.578628162955722,1.1278898147290615,0
-0.35297953711749996,2.2136138185908476,0.6594800216061916,0.11356279644254674,-1.198689908020066,-1.0105877914848673,0.49004655285099186,0.6139214683487542,1
-0.35297953711749996,-0.9286071513096883,0.9034234198976239,-0.9468116613349852,-0.132599597297534,-1.584200186248228,0.39987308063508215,0.9880914798593003,0
-0.35297953711749996,-0.6638290544759119,0.8927381974360069,1.2282979638705769,-1.9731526999464006,-0.5709401372035625,0.5563429320969069,1.1111928114231997,0
-2.7107532074497898,-0.601954781503266,0.8852096665010319,1.0950180641289953,-0.23201449531001317,-0.11172969620886841,-0.5627870954252585,2.187643226781516,0
-0.35297953711749996,-1.3959205835520765,0.9374235274091874,-1.196426672327033,-0.4883660776487665,-0.5885830235326357,1.3355506189556716,1.1088585573303122,0
-0.35297953711749996,-1.1779516072697187,0.9178696912342932,-1.291212591096956,-0.608563863036217,-1.2838173350905882,0.4416560204354478,2.305484432924535,0
-0.35297953711749996,-0.6115059719115243,0.8861456171753797,-0.43235040199217495,-0.5573290844062424,-0.0031446864452120415,0.954632755556523,1.0391750430108309,0
-1.6339746808413427,-0.41453670586465935,0.8684704029398469,-0.494845012066124,0.3558439121684962,0.24957483942887637,0.2887185643422495,-1.603432980836737,0
-0.35297953711749996,-1.2794117464511718,0.9346732473941837,0.7057151711864887,-1.690527701252291,-0.7422223925779139,0.5317762395910421,0.5663487630582671,0
-0.35297953711749996,-0.8616810951256515,-0.2755578744230601,1.1357851152958194,-1.9990797077748947,-0.5582205429499517,0.5584935750838861,1.0608505467258147,0
-0.35297953711749996,-1.230839827723666,0.923954349155653,-1.1916145416623203,-0.5498340437253242,-0.0788091881640064,0.7219134151410196,1.5281446921553803,0
-0.35297953711749996,-0.5826367909550111,0.8851349848474073,-0.3311789073438065,-0.892062404414205,-0.5668718851646383,1.143491222518779,1.0917977938372327,0
-0.35297953711749996,-2.3563064726667773,0.9989462321140472,-0.6742064783940236,-2.2909837106119957,-1.3395957736337734,-0.5026034512926959,1.5552145133765567,0
-0.35297953711749996,-0.9221661172280189,0.9099756118695158,-0.5420649057792879,-1.690527701252291,-0.7422223925779139,0.5317762395910421,0.5663487630582671,0
-0.35297953711749996,-1.6645830300603615,0.9519444803994814,-0.11463063061620199,1.1449308662777842,-1.538674931032897,1.1949472468783555,-0.7074193048346451,1
-0.35297953711749996,1.2026570361247462,-1.36387230323842,-2.481948385315879,-2.0373564728593854,-0.5350232649936532,0.5618207171353493,1.13464043701616,0
-0.35297953711749996,2.338286046570863,0.652256885937857,0.28576326132353225,-1.6185947759973098,-0.43480944229352564,-0.08749564030584572,0.4455950966812177,0
-0.35297953711749996,-1.8391241492323827,0.9620568703351499,-0.3557112814495817,-0.029270812318460737,-1.6348925078746361,0.39130196713682125,1.188724159059516,0
-0.35297953711749996,-1.880894984357545,1.8183607104650514,0.07841587507255082,-1.7562789483675743,-1.8764833938780874,-0.8197791623212074,1.403414745034587,0
-0.35297953711749996,2.064007145014829,0.6681477844081932,-0.09307776141463578,-0.608563863036217,-1.2838173350905882,0.4416560204354478,2.305484432924535,0
-0.35297953711749996,-1.5275485978173198,0.9418562741007341,-0.010787140603267131,-1.090863004144393,-0.7045023183158227,-0.1316423589878175,1.1085827754951167,0
-0.35297953711749996,-1.3749225949793602,0.9299931076447067,0.027375181866885256,2.142432791239462,1.1309647592759937,-0.4000903937131043,0.1888055630387968,0
-0.35297953711749996,-1.4707239203400857,0.9417574088101882,-1.2997469512556241,-1.3056588606080088,-0.9310361394721022,0.4998514035855254,1.3136455270217806,0
-0.35297953711749996,-1.5228536370883157,-0.23137069532220345,2.0712864249431937,-0.8912957523577405,-0.5276780725611971,0.026697341832641608,1.5725656409453233,0
-0.35297953711749996,1.1931401851453556,0.47669064427166247,0.24884373106818247,-1.690527701252291,-0.7422223925779139,0.5317762395910421,0.5663487630582671,0
-0.35297953711749996,-1.3211172467640675,0.9330896460081867,-1.0931063933984415,-1.716454709080785,-0.7295027983243031,0.5339268825780212,0.5160064983608821,0
-0.35297953711749996,-2.5984065369083633,-0.5093359986748851,1.3078734663796632,-1.7037583808490075,-0.9391442437669384,0.3063959668888235,0.4000272158611479,0
0.6194997369052659,-1.0283449336937005,0.9092019284322916,-1.0845720332397735,-1.0470046130272332,-1.0877911437799164,0.4773683274421794,0.8150122566817338,1
-0.35297953711749996,2.113876036206835,0.6652585301408593,-0.024197575462241577,0.3054625076895019,-1.07116530915521,0.20244350017456522,1.136101408233114,1
-0.35297953711749996,2.014138253822823,0.671037038675527,-0.16195794736703006,-1.4331974777707666,-0.8684666569962246,0.510430720504181,1.0660048094033843,0
-0.35297953711749996,-0.2553771202176061,0.8644184872886169,-0.01692915097766351,-0.04605507213867244,-1.2845269526539655,0.8434231616713143,-0.7309615032427288,0
-0.35297953711749996,1.390777113922747,0.7071527170172002,-1.0229602717719575,-1.716454709080785,-0.7295027983243031,0.5339268825780212,0.5160064983608821,0
-0.35297953711749996,-1.1505125846153328,0.9169914634417042,0.33733601865265905,1.3421845899435358,0.7961870221106624,-1.2366515007086065,0.9642123187380252,0
-0.35297953711749996,-1.5524830434133228,0.9433009012344011,-0.045227233579464315,-1.276931245058487,-0.37805813827045,1.1754160585242959,0.3445010298737192,0
-0.35297953711749996,1.290208664284638,-0.46321853738324115,0.7518158033732194,-1.6299108286082165,-0.24742845745225284,0.13917795109480885,-0.15915535334435793,0
-0.35297953711749996,2.014138253822823,0.671037038675527,-0.16195794736703006,0.7126400669353798,-1.050095579851857,0.3417067886721013,0.19654537372673886,0
-0.35297953711749996,1.5653182330947681,0.6970403270815317,-0.7818796209385778,0.456001866979606,0.9233694669613686,-1.6126822434343657,2.288938779290735,1
-0.35297953711749996,-1.3709861379560735,0.9359789002755204,-1.161986579350836,-1.782329873914613,-0.6641478348619032,0.5405282563702811,1.4954050413484419,0
-0.35297953711749996,1.5154493419027621,0.6999295813488655,-0.850759806890972,-1.2197839098755063,-0.5879236042479804,0.9449407663219173,1.0382417164096698,0
-0.35297953711749996,1.6899904610747833,0.6898171914131971,-0.6096791560575923,-1.8660480418613583,-0.5020165838833568,0.7272207090863781,0.048683707481677496,1
-0.35297953711749996,1.5154493419027621,0.6999295813488655,-0.850759806890972,-1.4961661489692617,-0.8375747024123387,0.5156539661640063,0.9437390418267099,0
-0.35297953711749996,1.7100132549973057,0.8062564397467868,-0.7733582194826905,0.4407546597586569,-0.5194551938078187,-0.6212663985172355,0.8906798592225202,0
-0.35297953711749996,-2.431940476708883,-0.172869649420061,1.1350096897273505,-1.9514134690194624,-0.6142338049826545,0.5534166907592836,0.05978894467916318,0
-0.35297953711749996,2.113876036206835,0.6652585301408593,-0.024197575462241577,-0.40486316947900647,-0.9153059647257483,0.035258610622424025,-0.02205904486675947,0
-0.35297953711749996,-1.1754470302113358,0.9184360905753712,0.30289592567646195,-1.8579373646685489,-0.6708841297975568,0.5452914409659331,-0.12041414901481318,0
-0.35297953711749996,1.190470881900626,-0.4574400288485734,0.614055431468431,-0.4828704217828834,0.0005466730850254287,-0.5423500339722799,1.3388533700416145,1
-0.35297953711749996,-0.1651922499046289,0.8540241316031776,-0.1504440823041531,-1.3894593650216316,-0.6973031760382166,0.7329089890728744,0.9298574953298527,0
-0.35297953711749996,-1.325053703787354,0.9271038533773728,0.09625536781927946,-0.34939116416135096,-2.0557070869970024,-0.26046310158978303,1.2303687985500873,0
-0.35297953711749996,-1.8391241492323827,0.9620568703351499,-0.3557112814495817,-0.632889705539339,-1.3387616370710522,0.44137210049354825,0.016682159462785173,0
-0.35297953711749996,1.5154493419027621,0.6999295813488655,-0.850759806890972,-1.607851678800838,-0.34885006086596243,0.23577879214030187,1.4595408523643965,0
-0.35297953711749996,3.011516077662945,0.61325195332885,1.215645771680854,0.07743597162916949,-1.494620981500514,0.6085569900456893,1.1748426125626588,0
-0.35297953711749996,-0.2898644778846442,0.8612472672715122,-0.3226445471851385,0.24082146820787242,-1.8105085545793853,0.36741409599511193,0.26821091014750087,1
-0.35297953711749996,-1.1280827160777127,0.9149804369669593,-1.222332405144562,-1.0693390131787412,-0.27648859691585015,1.3846740577994787,0.8882128558392812,0
-0.22458767091225193,-1.1578751130157465,-0.26141775247308296,0.554025764194424,-1.7787911476633713,-0.6662924470379873,0.5402206586698711,1.4885830901916424,0
-0.35297953711749996,2.438023828954875,0.6464783774031893,0.42352363322832054,-2.250032036917677,-1.3644141551079088,-0.506163105179993,1.476267938282252,0
-0.35297953711749996,0.7253849419467286,0.7487351296486,-0.25614821434234214,-1.0922452927127486,-0.650493086723858,0.9343614494032616,1.2858824340280663,0
-0.35297953711749996,-1.6959645979582096,-0.22139070992191845,0.30282865900856726,-1.45749995331421,-1.4837231200305454,-0.2114650981763767,1.364546414843387,0
-0.35297953711749996,-0.38407663228555544,0.8699485693183513,-0.2908678005934312,0.8385880728609263,-0.931980062910872,0.9319923211010152,0.1836424863328262,0
-0.35297953711749996,-0.3397333690766503,0.8641365215388461,-0.3915247331375328,-1.3397213734198532,-0.925116981811127,0.5023054707108304,0.8858017157094078,0
-0.35297953711749996,-0.5641433794406777,0.8771381657418484,-0.7014855699233067,-1.4903448129537473,-0.6586011910186942,0.7409060127065596,0.37226412286743354,0
-0.35297953711749996,-0.20550822902559995,0.861529233021283,0.05195103497473069,0.3925197150924895,-1.470910158974223,-0.310058280054503,0.23819001321731037,0
-0.35297953711749996,1.0994016258867743,0.7270657226435961,0.26045318030061415,-0.10242058285655276,-0.7491466964109222,0.18643477234373046,1.9758201956399764,1
-0.35297953711749996,-1.5399108020803463,0.9447213447311468,0.057569834264783515,-1.716454709080785,-0.7295027983243031,0.5339268825780212,0.5160064983608821,0
-0.35297953711749996,-1.5205928115320917,0.9446466630775221,-1.3686271372080183,-2.0914283777182785,-1.673369195162969,-0.7906468739092891,2.049515311999191,0
-0.35297953711749996,-1.0034104880976973,0.9077573012986246,-1.0501319402635763,-0.8559254452834811,0.004054455832394055,1.8191841036172152,0.8604497628455668,0
-0.35297953711749996,1.0159297627286046,-0.44732763891290483,0.3729747806350512,-1.690527701252291,-0.7422223925779139,0.5317762395910421,0.5663487630582671,0
0.17205023911212614,2.039072699418826,0.6695924115418601,-0.12751785439083296,1.1287710220482756,0.5156439693624182,-1.671161546526343,0.9919754117317394,1
-0.35297953711749996,-1.029175600947797,-0.26694783450281734,0.8279644138101918,0.7761222188224963,1.3441840460837349,-0.9609171747077614,2.247294139800163,0
-0.35297953711749996,-1.8141897036363797,0.960612243201483,-0.32127118847338454,-0.029270812318460737,-1.6348925078746361,0.39130196713682125,1.188724159059516,0
0.17205023911212614,2.064007145014829,0.6681477844081932,-0.09307776141463578,0.1592726460049012,1.4433930656982938,-1.136227314053253,0.9089305930063134,1
-0.35297953711749996,2.438023828954875,0.6464783774031893,0.42352363322832054,-1.2984744241544195,-0.013994863171159277,0.5642694284207586,0.4039504571906462,0
-0.35297953711749996,-1.145625906031906,-1.1621120492207833,-2.2051393078883126,-1.8641565748214755,-0.778509668137285,0.36641664034277666,1.4996883273891282,0
-0.35297953711749996,-1.7393863668483707,0.9562783618004822,-0.2179509095447932,0.5232497647253933,0.2105576057974663,0.2763160043645661,0.1665669101891668,1
-0.08431414044195645,0.6755160507547224,0.7516243839159339,-0.32502840029473645,-0.546714504785428,-1.333229692957092,0.4358693075837133,1.7864215770782488,1
-0.35297953711749996,-1.6466951978142341,0.9520022032812403,-0.013450486987756916,-1.72338693295913,-0.19077813263735044,0.14730320088815943,0.021047740349618538,0
-0.35297953711749996,2.014138253822823,0.671037038675527,-0.16195794736703006,-1.2121827562570953,-0.9876864642870046,0.49172615379217477,1.1334424333278044,0
-0.35297953711749996,0.5738550654567638,0.812129190606785,0.9164405572887055,-0.8295804313470974,-0.5867334154181152,1.1386797636999928,1.5748234448817995,0
-0.35297953711749996,2.039072699418826,0.6695924115418601,-0.12751785439083296,1.0962425706653867,1.7649986252061014,-0.30915210598115694,2.2056495003095917,1
-0.35297953711749996,1.8645315802468045,0.6797048014775285,-0.3685985052242126,-0.27521283159661025,-0.6660809047791973,1.3188013618642709,2.4301613406310825,1
-0.35297953711749996,2.088941590610832,0.6667031572745262,-0.05863766843843882,-1.716454709080785,-0.7295027983243031,0.5339268825780212,0.5160064983608821,1
-0.35297953711749996,-0.803934923329673,0.8962002842292893,-0.7746111964539997,-1.8940664539273575,-0.6423678175325187,0.5486597609720955,0.17113918734769396,0
-0.35297953711749996,1.390777113922747,0.7071527170172002,-1.0229602717719575,-0.029270812318460737,-1.6348925078746361,0.39130196713682125,1.188724159059516,0
-0.35297953711749996,-2.331372027070774,0.9975016049803802,-0.6397663854178265,-2.2847645004590693,-1.2319702352940451,-0.32372865066953926,-0.06488796302738442,0
-0.35297953711749996,1.4647497834566594,-0.47333092731890947,0.9928964542065992,-1.8940664539273575,-0.6423678175325187,0.5486597609720955,0.17113918734769396,0
-0.35297953711749996,1.5403837874987651,0.6984849542151986,-0.8163197139147749,-0.47272112359545926,-1.3017664925929293,0.5637499355786955,0.19503626429031062,1
-0.35297953711749996,-0.0413723752634626,0.8489095751172687,0.12338549021920436,-1.9819730323794333,-0.5685878846827429,0.557006606711733,1.0278723235693574,0
-0.35297953711749996,1.6401215698827774,0.692706445680531,-0.6785593420099865,-1.4331974777707666,-0.8684666569962246,0.510430720504181,1.0660048094033843,1
-0.35297953711749996,1.6650560154787803,0.691261818546864,-0.6441192490337894,-1.4560201315015902,-0.8843435270665567,0.511392071937853,0.11426542200363687,1
-1.6659835549973607,1.7149249066707863,0.6883725642795302,-0.5752390630813952,-1.3478320506126624,-0.756249435896927,0.6842347388312755,1.0548995722058985,0
-0.35297953711749996,0.8001882787347376,0.7444012482475992,-0.15282793541375095,-1.0177585461836212,-1.1499478901768643,0.47329693649906507,-0.7306146045007282,0
-1.570597110012427,1.4276319411481848,-0.5682734162647152,1.0995994407913345,-1.817067912747862,-0.6430951690816887,0.5435478007213344,1.5623729804819877,0
-0.35297953711749996,1.9144004714388108,0.6768155472101948,-0.2997183192718184,-1.4331974777707666,-0.8684666569962246,0.510430720504181,1.0660048094033843,0
-0.35297953711749996,1.7647937978627926,0.6854833100121963,-0.506358877129001,-0.546714504785428,-1.333229692957092,0.4358693075837133,1.7864215770782488,1
-0.35297953711749996,1.3151431098806412,-0.4646631645169079,0.7862558963494164,-1.4331974777707666,-0.8684666569962246,0.510430720504181,1.0660048094033843,0
-0.35297953711749996,1.7647937978627926,0.6854833100121963,-0.506358877129001,0.8828290027701264,1.4844555724578568,-0.7436621517988933,2.233412593303306,1
-0.08431414044195645,0.8251227243307406,0.7429566211139323,-0.11838784243755385,-0.06857552692895597,-1.5000372704237548,0.530226094380403,0.9797625519611861,1
-0.35297953711749996,-1.7475545812351976,-1.570033541130604,-0.9388063457250946,-1.823612683216392,-0.8966264658454193,0.31577750019722634,-0.3784128498786097,0
-0.35297953711749996,-1.9492455109415268,-0.21293023121606303,1.1477894904643173,-2.4636060319680864,-1.2875371315784405,-0.48940741920328334,0.12642036786407762,0
-0.35297953711749996,1.7897282434587956,0.6840386828785293,-0.47191878415280386,-0.5407311548952587,-0.5051659911376372,1.3418810859979824,2.9420271658395576,0
-0.35297953711749996,-1.7175637992417334,0.9567700794879355,-0.050039364244177015,-1.3056588606080088,-0.9310361394721022,0.4998514035855254,1.3136455270217806,0
-0.1286956510790455,2.487892720146881,0.6435891231358555,0.49240381918071485,1.235477805995906,0.6559154957365403,-1.4539065236174746,0.9780938652348823,1
-0.35297953711749996,1.8395971346508015,0.6811494286111955,-0.4030385982004097,0.1863469998595002,-0.43775553048592275,-0.601647046380084,-1.0482507485041908,0
-0.35297953711749996,1.6650560154787803,0.691261818546864,-0.6441192490337894,0.02467875081941684,1.7898849644967307,-0.8081424696090063,0.699793036409619,0
-0.35297953711749996,-1.7032973215832234,0.9592319086665215,0.12023359059113803,-0.132599597297534,-1.584200186248228,0.39987308063508215,0.9880914798593003,0
-0.35297953711749996,-1.7447482645809091,-0.8756369463235161,-1.2503582419562833,-1.4331974777707666,-0.8684666569962246,0.510430720504181,1.0660048094033843,0
-0.35297953711749996,0.19983838151671823,0.8337985976117889,0.39983916264574915,-0.7395964894869691,-1.4790331634451745,0.22411707758468014,0.030563705959642418,1
-0.35297953711749996,-1.7519586081813472,0.9548579183037366,-0.32074797738904104,-1.4318734536715154,-0.8989773968857281,0.5092931634476962,0.0677154927182203,0
-0.35297953711749996,-2.6563504870729107,-0.15986800521705868,0.8250488529415765,-1.6390098920476157,-1.5487725697834929,-0.3772939378432977,1.188968619315233,0
-0.35297953711749996,-1.1280827160777127,0.9149804369669593,-1.222332405144562,-1.3397213734198532,-0.925116981811127,0.5023054707108304,0.8858017157094078,0
-0.23678384981960948,-1.3998570405753632,0.9314377347783735,-0.007064911109311844,-1.1054759723094651,-0.8474149379128825,0.7089811767010428,1.119560886830947,0
-0.35297953711749996,-1.2093675283260374,0.9213245907226533,0.30213768300721067,-0.3366789358587249,-1.243650488209378,0.6445532169943204,1.9731727097816072,0
-0.35297953711749996,2.2136138185908476,0.6594800216061916,0.11356279644254674,-1.1015165457143667,0.3427422093444008,-0.48970172002956924,1.4344906620372315,0
-1.388146527323124,-1.3903041285043283,0.9360535819291451,0.26421039212196606,-1.4445856819741416,-1.7110339956733527,-0.39572315513640743,-0.6750884185132997,0
0.17205023911212614,1.9393349170348138,0.6753709200765278,-0.2652782262956213,-0.19144960158374635,-0.6347629119775041,0.4697686564401603,-0.049822137860473736,1
-0.35297953711749996,-1.3703706003713758,1.7233940431457935,0.3333496046239224,-0.132599597297534,-1.584200186248228,0.39987308063508215,0.9880914798593003,0
-0.35297953711749996,2.250381838146153,2.2896246145556263,0.8454392479835036,1.8824526030077577,0.046953118815764694,-1.7370845868772897,-0.8608005648632318,0
-0.35297953711749996,0.8500571699267438,0.7415119939802653,-0.08394774946135672,-1.3056588606080088,-0.9310361394721022,0.4998514035855254,1.3136455270217806,0
-0.35297953711749996,-1.8640585948283859,0.9635014974688167,-0.3901513744257788,-1.7332104148313432,-0.7983310031275628,0.4448742304274949,0.57190138165701,0
-0.35297953711749996,-1.0034104880976973,0.9077573012986246,-1.0501319402635763,-0.9706633719597333,-0.5871321191395633,0.08393306297986763,0.5751802640192094,0
-0.35297953711749996,-1.6460957067662036,-0.22427996418925233,0.37170884496096146,-1.7945129907437893,-0.12325566054505221,0.1543260751088871,0.9765575985492931,0
-0.35297953711749996,-1.6541304325506117,-1.1314216294176176,-2.8597374131955084,-1.716454709080785,-0.7295027983243031,0.5339268825780212,0.5160064983608821,0
-0.35297953711749996,-1.802679852712202,0.9598557517534961,-0.2879990556990633,-2.340745251661202,-0.5832230759824252,0.3607283603562803,0.6185145395409529,0
-0.35297953711749996,-0.8165071646626495,0.8947798407325436,-0.8774082642982474,-1.3937763911314311,-0.802094886807644,0.6417968201799962,0.00904430012272095,0
-0.35297953711749996,1.8395971346508015,0.6811494286111955,-0.4030385982004097,-0.6166745402290265,-1.1149497891763882,0.6235852885558928,2.4745822894210256,0
-0.35297953711749996,-0.9784760425016943,0.9063126741649578,-1.0156918472873793,-0.5367451939640373,-1.3859294084174025,0.4333969218333747,0.20336519218842497,0
-0.35297953711749996,-0.708224425033595,0.8887287220560214,-0.7385890092839935,-0.7117233081870704,0.7364228167032341,2.712770887758552,1.3497676252230706,0
-0.35297953711749996,0.16993676346386422,2.4689417781310348,1.0963425925935406,-1.3913741081897784,-0.8610841206402654,0.5079217335919561,2.0823655576429987,0
-0.35297953711749996,-0.7731878554233026,3.0713378934842264,0.2626544770837723,-0.4194761376440789,-1.0582185843228082,0.8758821463112845,-0.011080933530929094,0
-0.35297953711749996,0.9909953171326015,-0.44588301177923806,0.3385346876588542,-1.0404121823463166,0.4798043934604581,2.2866999442430402,0.060086815372836666,1
-0.35297953711749996,-0.5142744882486716,0.8742489114745146,-0.6326053839709125,-0.48862639949187037,-0.9466239575274416,0.8842913160465347,2.4579244336247967,0
-0.35297953711749996,1.5154493419027621,0.6999295813488655,-0.850759806890972,-0.7498584066348026,0.7063627304660385,1.6502020603491456,1.2486495260784767,0
-0.1904803052572922,-0.7580933162256009,0.8916179763233553,-0.8074691952363877,-0.23930638124516412,-1.7244717126223499,0.18261805772621406,1.0019730263561577,0
-0.35297953711749996,0.6853278487669872,-0.7711743302637146,0.47440410204289074,-1.8940664539273575,-0.6423678175325187,0.5486597609720955,0.17113918734769396,0
-0.35297953711749996,1.365842668326744,0.7085973441508671,-1.0574003647481547,-1.9451209904400693,-0.590921722410085,0.553803306272208,0.9568290124201939,0
-0.35297953711749996,-1.3959205835520765,0.9374235274091874,-1.196426672327033,-1.8104651647966377,-1.0794157701410605,0.08914094397995542,0.41390876235800506,0
-0.35297953711749996,1.2162359947507257,0.7172651069528687,-1.2640409226053373,-1.7158224764648762,-0.6971844016218732,0.5349974130100458,1.6108488577683167,0
-0.35297953711749996,1.5403837874987651,0.6984849542151986,-0.8163197139147749,0.9828157994732689,-1.6237134364420052,-0.13483842635487242,-0.7079542609625027,1
-0.35297953711749996,1.7647937978627926,0.6854833100121963,-0.506358877129001,-1.4026900446183481,-0.8942250272272411,0.5075287163706558,0.7635359481327336,0
-0.35297953711749996,-1.2712483555720613,0.9302003917408528,-1.0242262074460473,-1.4815094972777652,-0.23812366628542336,0.07565551933339965,0.42655231108685765,0
-0.35297953711749996,-1.702089716989341,0.9519686640364027,-0.2518677914366468,-2.036778896177567,-0.7264510260819521,0.37961267243218916,0.07089418187664898,0
-0.35297953711749996,-1.0537941314932622,0.9144083585610626,0.6435746259444776,-1.4560201315015902,-0.8843435270665567,0.511392071937853,0.11426542200363687,0
-0.08431414044195645,1.6151871242867744,0.6941510728141979,-0.7129994349861837,1.4488913738911662,0.9364585484847845,-1.0193964777997384,0.9503307722411679,1
-0.35297953711749996,1.8146626890547986,0.6825940557448624,-0.43747869117660687,-0.632889705539339,-1.3387616370710522,0.44137210049354825,0.016682159462785173,1
-0.35297953711749996,1.5731560922108319,0.6996178071039245,0.9148149468483591,-1.1160382446817936,-1.0348542356333548,0.4837509751320012,1.320125466053444,1
-0.35297953711749996,1.5403837874987651,0.6984849542151986,-0.8163197139147749,-1.2827525810740015,-0.5570316496640945,0.9501640119817426,0.9159759488329956,0
-0.35297953711749996,-1.1658941181403009,0.9230519377261428,0.57417122890774,1.1962293673685291,-1.343170383693761,0.2996716194628638,-0.7357173539562172,1
-0.35297953711749996,1.465580450710756,0.7028188356161994,-0.9196399928433662,-1.2845648587525682,-1.353700326708989,0.044957190114599976,0.8893252789608649,0
-0.35297953711749996,-1.9887308228084009,0.9707246331371514,-0.5623518393067641,-0.9987691883618351,-0.7071434115387604,0.926236199609911,1.1056793403340899,0
0.1392009320264067,-0.23999558669263804,0.8583580130041784,-0.2537643612327444,-0.6265272208571862,-1.1209077923648825,0.6240311522608032,2.093746516526834,1
-0.35297953711749996,1.7398593522667893,0.6869279371458632,-0.5407989701051981,-1.4331974777707666,-0.8684666569962246,0.510430720504181,1.0660048094033843,0
-0.35297953711749996,1.41571155951875,0.7057080898835333,-0.9885201787957604,0.2908495395244295,-1.2140779287522698,1.0430670358634255,1.1470795195689443,0
-0.35297953711749996,-0.9664185533722767,0.9114949206568075,0.8496919727173167,-0.9922668973895722,-0.39536324602750034,0.2675419320414957,1.26379908549475,0
-0.35297953711749996,-0.7716683324189355,0.8714716876384266,-0.2660743089437965,-2.0581202529670923,-0.7545053313567766,0.3361616678504155,0.07367049117602043,0
-0.35297953711749996,0.7503193875427316,0.7472905025149331,-0.22170812136614512,0.18414275557679938,-1.3543494551263917,0.8258120129545575,1.1609610660658016,1
-0.35297953711749996,2.1126523573727938,0.06331960185935692,-0.3726348729670459,-1.043685554012115,-1.1372282959232534,0.4754475794860442,-0.780956869198113,1
-0.35297953711749996,-1.1280827160777127,0.9149804369669593,-1.222332405144562,-1.3905147641917144,-0.8123580464465758,0.5973327296677282,1.0604521908046414,0
-0.35297953711749996,-2.3563064726667773,0.9989462321140472,-0.6742064783940236,-2.100476422250743,-1.4330572106935369,-0.5184060138711768,1.9251209985716276,0
-0.35297953711749996,2.017482368814885,0.8947633164523687,-0.028364955106825074,-0.6508051887571559,0.053505638369690356,0.9627580053498737,1.2193781367048073,0
-0.35297953711749996,-1.1031482704817095,0.9135358098332924,-1.1878923121683649,-1.3879567980852512,-1.305764714052283,0.05343759854309882,0.5951346320570517,0
-0.08431414044195645,2.237028093111449,2.184658434281409,0.7660904080503739,1.3421845899435358,0.7961870221106624,-1.2366515007086065,0.9642123187380252,1
-0.35297953711749996,-1.1909656712362868,-0.3546671877802884,0.7624669355139415,-0.7458153545370244,-1.133279534998115,-0.3886721182766565,-0.24193666949144155,0
-0.35297953711749996,-1.94530905391824,-0.20694443858524925,-0.04157227075340378,-2.606906886169267,-1.0367388345649249,-0.295726977182002,0.5561376447259038,0
-0.3037405225602886,2.413089383358872,0.6479230045368563,0.38908354025212344,-1.5118879920496797,-0.2945379159194036,0.1297593826030223,0.4317135501843606,0
-0.35297953711749996,1.6401215698827774,0.692706445680531,-0.6785593420099865,-1.4331974777707666,-0.8684666569962246,0.510430720504181,1.0660048094033843,0
-0.35297953711749996,-1.8640585948283859,0.9635014974688167,-0.3901513744257788,-1.4771141333570308,-0.4616793398296697,0.9662862854087784,0.5385856700645528,0
-0.35297953711749996,-1.1754470302113358,0.9184360905753712,0.30289592567646195,0.2858129311448592,-1.6111816853483454,-0.5273133029633711,0.25207155971416756,0
-0.35297953711749996,-1.4457894747440827,0.9403127816765213,-1.265306858279427,-1.2532337444689041,-0.45129292022721773,0.10727630645967631,-0.06691972015568637,0
-0.35297953711749996,2.263482709782854,0.6565907673388578,0.182442982394941,-1.59182258555336,-0.7576092719216668,0.5247256937918001,1.8653115265435127,0
-0.35297953711749996,1.9144004714388108,0.6768155472101948,-0.2997183192718184,-1.0547260450136688,-0.13357597731879034,0.5440505221106183,0.8772347445034508,0
-0.2622245897753581,-1.7121752787586153,-0.3194708796399913,0.34223355383471743,-1.0414519019408872,-0.7632520220884093,0.8393341904463637,1.1112319589328328,0
-0.35297953711749996,-0.9316264805716299,0.9066188235516499,-0.778333425947955,-1.716454709080785,-0.7295027983243031,0.5339268825780212,0.5160064983608821,0
-0.35297953711749996,1.8146626890547986,0.6825940557448624,-0.43747869117660687,-1.2197839098755063,-0.5879236042479804,0.9449407663219173,1.0382417164096698,0
-0.35297953711749996,-2.117253047304455,-0.19500659047559699,1.3464623782492458,-1.780474000156929,-0.29679141881062965,0.24897482422971434,0.03074670685191727,0
-0.35297953711749996,-0.4862686060419491,0.8794304038463124,1.3009003793169265,-2.415472444153993,-0.7250966232154221,-0.6017224730592344,0.7094889607163519,0
-0.35297953711749996,2.014138253822823,0.671037038675527,-0.16195794736703006,0.24082146820787242,-1.8105085545793853,0.36741409599511193,0.26821091014750087,1
-0.35297953711749996,1.7398593522667893,0.6869279371458632,-0.5407989701051981,-1.1760457971263714,-0.4167601232899723,1.1674190348906106,0.9020944023361384,0
-0.35297953711749996,-0.8787382601176822,0.9005341656302901,-0.877931475382591,-1.467239318136837,-0.08128171203603007,1.4176798526075678,0.11561300136026531,0
-0.35297953711749996,-0.962871495521973,-1.423591796819741,-2.0501700240405993,-1.716454709080785,-0.7295027983243031,0.5339268825780212,0.5160064983608821,0
-0.35297953711749996,1.390777113922747,0.7071527170172002,-1.0229602717719575,-1.8940664539273575,-0.6423678175325187,0.5486597609720955,0.17113918734769396,0
-0.35297953711749996,0.16849667668723706,0.8092395920950481,-0.9237369442489659,0.3925197150924895,-1.470910158974223,-0.310058280054503,0.23819001321731037,0
-0.35297953711749996,-1.2782041418572896,0.9274100027640649,0.33361378915870377,-0.8053687523662038,-1.1764746886492778,0.4583523837270593,2.2850548474182957,0
-0.35297953711749996,-0.7291315865416639,0.8918664028282886,-0.6712909175254084,-1.1747924469385196,-0.38859673501694036,0.050213367363434125,1.0221023659763366,0
-0.35297953711749996,-0.9784760425016943,0.9063126741649578,-1.0156918472873793,-0.132599597297534,-1.584200186248228,0.39987308063508215,0.9880914798593003,0
-0.35297953711749996,1.8146626890547986,0.6825940557448624,-0.43747869117660687,-1.4331974777707666,-0.8684666569962246,0.510430720504181,1.0660048094033843,1
-0.35297953711749996,1.5403837874987651,0.6984849542151986,-0.8163197139147749,-1.9514134690194624,-0.6142338049826545,0.5534166907592836,0.05978894467916318,0
-0.23168172339991264,2.56269605693489,0.6392552417348547,0.5957240981093059,-1.1387197838058105,-1.7942111189606686,-0.4187929577017637,2.160377939711748,0
-0.35297953711749996,1.1243360714827773,0.7256210955099291,0.29489327327681136,0.23251221748234308,-0.9640587378948217,0.1569107504032034,0.9303074899353957,1
-1.3708617352788743,-1.6895174756563645,0.9533891075331483,-0.1490707235923991,-0.632889705539339,-1.3387616370710522,0.44137210049354825,0.016682159462785173,0
-0.35297953711749996,-2.5815471502849014,-0.16420188661805946,0.9283691318701677,-0.608563863036217,-1.2838173350905882,0.4416560204354478,2.305484432924535,0
-0.35297953711749996,1.4905148963067592,0.7013742084825325,-0.8851998998671691,-0.48269043441685,-1.2490667771326187,0.566222321329034,1.7780926491801345,0
-0.35297953711749996,1.5902526786907711,0.6955956999478647,-0.7474395279623807,-1.8493392406033093,-0.4410359525622316,0.772110986633622,1.064333041769885,0
-0.35297953711749996,1.5403837874987651,0.6984849542151986,-0.8163197139147749,-1.1116948373595206,-0.5016613094658229,0.09619198083970623,0.8470605113798632,0
-1.3036430995512363,1.9642693626308168,0.6739262929428609,-0.2308381333194242,-0.132599597297534,-1.584200186248228,0.39987308063508215,0.9880914798593003,1
-0.35297953711749996,-2.3386437284065402,-0.1852003499266206,0.8680233060764415,-1.2736462131116082,-1.3935916095013279,-0.7001650216659767,-0.7041306563405456,0
-0.1997060680983879,2.088941590610832,0.6667031572745262,-0.05863766843843882,-0.7978196480068271,-0.5843283973760997,0.018572092039291,1.3923625472513468,1
-0.35297953711749996,-0.5047215761776365,0.8788647586252861,-0.3613300807396344,-0.6335450706495901,-0.6714561609099043,1.1667081305805405,1.0038242699028475,0
3.141592653589793,1.7897282434587956,0.6840386828785293,-0.47191878415280386,1.257944688379172,-1.4022257265506788,1.4116540413302148,-0.7334595500197412,1
0.17205023911212614,1.8894660258428078,0.6782601743438617,-0.3341584122480155,-0.22397805296663564,0.6145917438661788,1.8317780969853459,1.1638519507173783,1
-0.35297953711749996,-2.281503135878768,0.9946123507130464,-0.5708861994654322,-1.0744870988909074,-1.617040259162766,-0.940489847140201,2.1452172483813596,0
-0.35297953711749996,-1.870505717130231,-0.2112783199862499,0.061748008175187497,-1.4026900446183481,-0.8942250272272411,0.5075287163706558,0.7635359481327336,0
-1.570597110012427,1.365842668326744,0.7085973441508671,-1.0574003647481547,-1.5336579362075775,-0.25320411642547436,0.13262020042659386,1.4168636627056403,1
-0.35297953711749996,-1.0787285770892652,0.9158529856947295,0.6091345329682806,-2.193086794019253,-0.4677699310824385,0.5744237293778512,0.5256864179497908,0
-0.35297953711749996,-2.209973024130353,-2.6184164395005345,-1.1557324815234775,-1.9514134690194624,-0.6142338049826545,0.5534166907592836,0.05978894467916318,0
-1.570597110012427,1.7398593522667893,0.6869279371458632,-0.5407989701051981,0.08081397059772621,-1.3036571334999838,0.8343831264528184,0.9603283868655861,1
-0.35297953711749996,-2.0665534888583514,0.9782539181921781,-0.49719388284832533,-2.0581202529670923,-0.7545053313567766,0.3361616678504155,0.07367049117602043,0
-0.35297953711749996,-1.9887308228084009,0.9707246331371514,-0.5623518393067641,-1.3780592119632717,0.45051118745775476,-0.46772278839303416,-0.037622675957616925,0
-0.35297953711749996,-1.3460516923600705,0.9345342731418536,-1.1275464863746385,-1.0353909988267374,-1.8449034405870768,-0.4273640712000246,2.3610106189119637,0
-0.23377848768197984,2.014138253822823,0.671037038675527,-0.16195794736703006,-1.6987158010694152,-0.7075517433546644,0.5335104446378927,1.5778706346118594,0
-0.35297953711749996,1.98920380822682,0.672481665809194,-0.1963980403432271,-1.2416179299810604,-1.239994217206313,0.133824071206582,2.8191311470217424,0
-0.35297953711749996,1.5902526786907711,0.6955956999478647,-0.7474395279623807,0.17679739783929427,-1.8946714704038585,0.2370610822497911,0.27653983804561516,1
-0.35297953711749996,1.465580450710756,0.7028188356161994,-0.9196399928433662,-0.4194761376440789,-1.0582185843228082,0.8758821463112845,-0.011080933530929094,0
-0.35297953711749996,2.2136138185908476,0.6594800216061916,0.11356279644254674,-2.1802301788727085,-0.4689409499820833,0.5735340511783702,0.7228051868694262,0
-0.35297953711749996,-0.8014303462712903,0.8967666835703674,0.8194973203194185,-2.216931792318111,-0.4533188913410943,0.5764964148929953,0.5716547698876384,0
-0.35297953711749996,1.8264962630141013,2.314183275827964,0.25995766738815296,-0.0364075555096407,-2.0822065791786732,-0.8494988667517036,0.297471167607055,0
-0.35297953711749996,1.98920380822682,0.672481665809194,-0.1963980403432271,0.08102258514405136,-1.2106491895265543,0.18233322326906015,0.9534966234333118,1
-0.35297953711749996,1.2910393315387347,0.7129312255518679,-1.160720643676746,-1.5970515969013774,-0.7988727173928163,0.5236509897976915,0.3861456693642908,0
-0.35297953711749996,1.2910393315387347,0.7129312255518679,-1.160720643676746,-1.4331974777707666,-0.8684666569962246,0.510430720504181,1.0660048094033843,0
-1.8990081588531722,1.8645315802468045,0.6797048014775285,-0.3685985052242126,0.4121692916371318,-0.9308937827810878,0.4196985230834333,1.1222198617362569,1
-0.35297953711749996,1.9393349170348138,0.6753709200765278,-0.2652782262956213,0.3441502531869456,-1.8612008762057934,0.3588429824968511,0.4688435893477163,0
-0.35297953711749996,-1.8968703210283613,-0.20970128831719947,1.5546850303002373,-1.8072113319230518,0.11813455588818544,1.4470034749006206,0.549106807056667,0
-0.35297953711749996,1.8645315802468045,0.6797048014775285,-0.3685985052242126,-1.233014589472223,-0.7848454554370049,0.7195604936196984,0.8719201692125507,0
-0.17202877957510088,1.2490082994627925,0.7183979598415946,0.46709373815779687,-0.3501588322039699,-0.803947413111304,-0.018561332705299027,2.2615819894974876,1
-0.35297953711749996,-1.5968263066222281,0.9491129490139064,0.05542969896463723,-1.72338693295913,-0.19077813263735044,0.14730320088815943,0.021047740349618538,0
-0.35297953711749996,1.5653182330947681,0.6970403270815317,-0.7818796209385778,0.20213372271042873,-1.020472987528802,0.2110146136728261,0.9354687290328986,1
-0.35297953711749996,-1.5029300672718549,-0.23949991896314582,0.17360264726244679,-0.2738305430282545,-0.720090136371162,0.25279755347319177,2.252861682098133,0
-0.35297953711749996,1.024598289098765,0.7313996040445969,0.15713290137202301,-1.5195882323897576,-0.42478000640588914,0.2273343730614729,0.5373065252310212,0
-0.35297953711749996,-1.3709861379560735,0.9359789002755204,-1.161986579350836,-2.120710701419334,-1.1198327214697874,-0.11123055754785938,0.03258073314428911,0
-0.35297953711749996,-2.206699799090759,0.9902784693120457,-0.46756592053684104,-2.109244159850002,-1.4721760439886025,-0.5191731201648754,0.45277709254920523,0
-0.35297953711749996,1.7897282434587956,0.6840386828785293,-0.47191878415280386,0.2088621113348823,-1.1353313018510374,1.09508915394346,0.9436705310693574,1
-1.5609944477656215,1.6650560154787803,0.691261818546864,-0.6441192490337894,-0.7395964894869691,-1.4790331634451745,0.22411707758468014,0.030563705959642418,1
-0.35297953711749996,1.465580450710756,0.7028188356161994,-0.9196399928433662,-0.526182921591709,-1.1984901106969303,0.6586271234024164,0.00280061296592804,1
-0.35297953711749996,-0.9535415969056913,0.9048680470312909,-0.9812517543111822,-0.632889705539339,-1.3387616370710522,0.44137210049354825,0.016682159462785173,0
-0.35297953711749996,-0.5573470963186284,2.3986579619353727,0.1805301371309782,-1.716454709080785,-0.7295027983243031,0.5339268825780212,0.5160064983608821,0
-0.35297953711749996,-0.6792626953496577,0.8889771485609547,-0.6024107315730141,0.07743597162916949,-1.494620981500514,0.6085569900456893,1.1748426125626588,0
-0.35297953711749996,-0.26757507255204155,1.6338715012837493,0.6270728656948106,0.5251521288273973,0.8117748401660019,-1.621091413169616,-0.1800665878649913,1
-0.35297953711749996,1.8894660258428078,0.6782601743438617,-0.3341584122480155,0.9039230046255669,1.06179138522097,-1.1985563652698186,1.8090923452423904,1
-0.35297953711749996,-0.3766731964532931,0.8702204253401542,-0.2238047404197539,1.0586860485655478,1.5131324720366122,-0.5348162986252754,-0.24947432034927708,1
-0.35297953711749996,1.5766737200647918,-1.385541710243424,-1.9653469906729224,-0.9882036923324818,-1.0537401427252506,0.4746555604350732,3.037353526140244,0
-0.1997060680983879,1.6650560154787803,0.691261818546864,-0.6441192490337894,0.4121692916371318,-0.9308937827810878,0.4196985230834333,1.1222198617362569,1
-0.35297953711749996,-1.0532793792897035,0.9106465555659585,-1.1190121262159707,-1.3397213734198532,-0.925116981811127,0.5023054707108304,0.8858017157094078,0
-0.35297953711749996,-1.046838345208034,0.9171987475378505,-0.7142653706602734,-1.6229786047298713,-0.7861531231392055,0.5258016327846707,0.3358034046669057,0
-0.35297953711749996,-0.5899084922907775,-0.29756697005959365,1.1766107841504614,-0.8598432207145759,0.19627833544418483,-0.5107087586481368,0.968593188766604,0
-0.35297953711749996,-1.7393863668483707,0.9562783618004822,-0.2179509095447932,-1.4318734536715154,-0.8989773968857281,0.5092931634476962,0.0677154927182203,0
-0.35297953711749996,1.4905148963067592,0.7013742084825325,-0.8851998998671691,-1.297038659840801,-0.8690083712614782,0.5892074798743776,0.8802490971106649,0
-0.35297953711749996,1.465580450710756,0.7028188356161994,-0.9196399928433662,-1.3397213734198532,-0.925116981811127,0.5023054707108304,0.8858017157094078,0
-0.35297953711749996,1.5653182330947681,0.6970403270815317,-0.7818796209385778,0.29422753849298644,-1.0231140807517396,1.2688931722705545,0.9325652938718717,1
-1.634614858324463,2.1637449273988416,0.6623692758735255,0.0446826104901526,-2.159584777226006,-0.4814529038909585,0.5717394851058072,0.6830050125561692,0
0.17205023911212614,2.039072699418826,0.6695924115418601,-0.12751785439083296,0.4992264990401196,-1.3306386326001012,-0.09280325714563492,0.22430846672045324,1
-0.35297953711749996,-1.5521402377737286,-1.206724894890759,-2.8733588407680153,-2.4283817856012178,-0.728431336950113,0.14204354971168728,0.8175362189966862,0
-0.35297953711749996,1.7149249066707863,0.6883725642795302,-0.5752390630813952,-1.196151468939351,-0.22506701764271708,1.394821724420143,0.280277218679477,0
-0.35297953711749996,-1.9380909112723823,-0.20853205721635681,1.4515338976240513,-2.0473488070377703,-0.5671686526037973,0.5613745184915604,-0.12648793741607867,0
-0.35297953711749996,-0.5282789579147407,1.669908688439014,-0.2931630433359485,-0.5367451939640373,-1.3859294084174025,0.4333969218333747,0.20336519218842497,0
-0.35297953711749996,-1.0790444921398032,-0.26405858023548345,0.7590842278577976,-1.3615722537837773,-1.1840666012107754,0.18756912171975945,1.1528765984234042,0
-0.35297953711749996,-1.0203147286522167,0.9126911212855411,0.6790736020301402,-1.9990797077748947,-0.5582205429499517,0.5584935750838861,1.0608505467258147,0
-0.321038827887343,-0.686647060270247,0.8902033484235045,-0.5362597773376121,-0.7020399673871305,-1.2271670102756858,0.4497812702287984,2.485687526618511,0
-0.1997060680983879,1.8395971346508015,0.6811494286111955,-0.4030385982004097,0.40150683673248855,1.1002196975605707,2.587142892315898,1.1124207739634817,1
-0.35297953711749996,1.8395971346508015,0.6811494286111955,-0.4030385982004097,-1.6618637591300507,-0.7298855810820065,0.5303071441983677,1.5068273234626959,0
-0.35297953711749996,1.6151871242867744,0.6941510728141979,-0.7129994349861837,-1.9990797077748947,-0.5582205429499517,0.5584935750838861,1.0608505467258147,0
-0.35297953711749996,-0.4394711514606623,0.8699150300735138,-0.5292851050423212,-2.2634231436695433,-1.2039159300192208,-0.2802776460877656,-0.06766427232675587,0
-0.35297953711749996,1.5902526786907711,0.6955956999478647,-0.7474395279623807,-1.3963343572378948,-0.3086882192019368,1.1856919513046256,0.47436185887031057,1
-0.35297953711749996,1.6151871242867744,0.6941510728141979,-0.7129994349861837,-0.17701854594264899,0.19953519645891982,2.3955951767300405,1.197967856881101,1
-0.35297953711749996,-0.27780698875522625,0.866429513763362,1.5427392728195577,-2.023878732691898,-1.3599588228893047,-0.3453691018377808,0.44167185535171943,0
-0.35297953711749996,-2.1766748505674958,-0.19673318335903478,1.0063068890655735,-1.9229932847597822,-1.398660807908827,-0.35336612547146606,0.9992652278141386,0
-0.21095870307881517,2.014138253822823,0.671037038675527,-0.16195794736703006,-0.7611959907447158,-0.024432480709476456,0.6938531862966879,0.8002546327917888,0
-0.35297953711749996,-2.042449710516445,-0.19934047187659776,1.4497826571778372,-1.3056588606080088,-0.9310361394721022,0.4998514035855254,1.3136455270217806,0
-0.35297953711749996,-0.542228263106616,0.8788889422622075,-0.49856724156007937,-0.860794318545569,1.0221701547600233,-2.1807181377518754,1.4227665267746543,0
-0.35297953711749996,1.8645315802468045,0.6797048014775285,-0.3685985052242126,-1.0414519019408872,-0.7632520220884093,0.8393341904463637,1.1112319589328328,0
-0.35297953711749996,-1.642760462453724,0.9524361980869347,0.05328091468441437,-1.5323031080999856,-1.408501043409371,-0.16003891493442957,1.1750870728183758,0
-0.35297953711749996,-1.7867097735501454,-0.21840334448409038,1.591030226991673,-1.8579373646685489,-0.6708841297975568,0.5452914409659331,-0.12041414901481318,0
-0.27295303368526863,2.4164334983509344,0.871649282313698,0.5226765325123284,-1.4331974777707666,-0.8684666569962246,0.510430720504181,1.0660048094033843,0
-0.35297953711749996,-1.818216987724314,0.9589191895628828,-0.4230093732081669,-1.631293117176572,-0.19341922586028804,1.205181759485888,0.01814430518859178,0
-0.35297953711749996,-0.7716683324189355,0.8714716876384266,-0.2660743089437965,-1.5195882323897576,-0.42478000640588914,0.2273343730614729,0.5373065252310212,0
-0.35297953711749996,2.1637449273988416,0.6623692758735255,0.0446826104901526,-1.0776323245476762,-0.507580467126798,0.09373791371440116,1.2749043226922359,0
-0.35297953711749996,-1.2712483555720613,0.9302003917408528,-1.0242262074460473,-1.8104651647966377,-1.0794157701410605,0.08914094397995542,0.41390876235800506,0
-0.35297953711749996,1.390777113922747,0.7071527170172002,-1.0229602717719575,-0.6051858640676602,-1.0928534870900581,0.6674821568425768,2.0909702072274623,0
-0.35297953711749996,2.288417155378857,0.6551461402051908,0.21688307537113805,-1.2095143490327072,-0.9782039108184524,0.49187622492535177,1.5003285597474203,1
-0.35297953711749996,2.014138253822823,0.671037038675527,-0.16195794736703006,0.8985731943328037,0.5854664718348448,-1.653550397809586,-0.8999471575767908,1
-0.35297953711749996,2.1388104818028384,0.6638139030071923,0.010242517513955385,-2.1181720688379215,-0.5419256274913347,-0.4971313959173074,1.0250241891966643,0
-1.4233562888947437,1.6401215698827774,0.692706445680531,-0.6785593420099865,-1.5265009602147521,-0.43745053551646346,0.9703829182918827,0.4426916615201909,0
-0.35297953711749996,-0.7605475075979825,0.8953213023166486,0.9220593565787585,-1.6390098920476157,-1.5487725697834929,-0.3772939378432977,1.188968619315233,0
-0.35297953711749996,-0.8633567265927141,0.8944736913458515,-1.114766685637672,-2.1074800218226173,-0.9229108702807629,0.11414971515435932,0.19890228034140833,0
-0.35297953711749996,-1.241399457087704,-1.1603784646896618,-2.5780002397598922,-1.525367745164652,0.5621464129668505,2.1020956856786883,0.5812520578564409,0
-0.35297953711749996,-2.7608012169239586,-1.8098607255790196,-0.3795031449525292,-2.071350932563809,-0.9514271825458012,0.11078139514819685,-0.0926510560210988,0
-0.35297953711749996,1.41571155951875,0.7057080898835333,-0.9885201787957604,-0.9987691883618351,-0.7071434115387604,0.926236199609911,1.1056793403340899,1
-0.35297953711749996,-1.8141897036363797,0.960612243201483,-0.32127118847338454,0.46813691144681835,0.1709234496507116,1.6829929003101434,1.6887305486580064,0
-0.2521601212214356,2.1637449273988416,0.6623692758735255,0.0446826104901526,-1.3264906938231364,-0.7281951306221025,0.7276857434130491,1.052123262906527,0
-0.35297953711749996,-1.1280827160777127,0.9149804369669593,-1.222332405144562,-1.7399145281100123,-0.7179935882647077,0.5358728724741465,0.4704547545139052,0
-0.35297953711749996,1.5766737200647918,-1.385541710243424,-1.9653469906729224,-1.6229786047298713,-0.7861531231392055,0.5258016327846707,0.3358034046669057,0
-0.35297953711749996,1.4905148963067592,0.7013742084825325,-0.8851998998671691,-0.8053687523662038,-1.1764746886492778,0.4583523837270593,2.2850548474182957,0
-0.35297953711749996,-0.5545904673696426,0.88175401289262,-0.43021026669202866,-1.2622580089082334,-0.5510242708241999,0.20598885397461172,1.0369625715761384,0
-0.35297953711749996,-0.5641433794406777,0.8771381657418484,-0.7014855699233067,-1.217225943769043,-1.0813302718536877,0.40104563519728775,0.5729241576620803,0
-0.35297953711749996,-1.8391241492323827,0.9620568703351499,-0.3557112814495817,-1.571439469325984,-0.4878046633192867,-0.09243489816405465,-0.463703983493571,0
-0.09794310827539326,1.6650560154787803,0.691261818546864,-0.6441192490337894,-1.2827525810740015,-0.5570316496640945,0.9501640119817426,0.9159759488329956,1
-0.35297953711749996,1.465580450710756,0.7028188356161994,-0.9196399928433662,1.1897186750163002,1.7083483003911986,-0.31727735577450744,2.0254464066156155,0
-0.35297953711749996,-0.9207378086786,2.5390575639842714,-0.014274742803434215,-1.6949906432497486,-0.9000254104718729,0.307163073182522,1.8723711218835704,0
-0.16234871780622398,-1.6999010549814964,-0.22737650255273234,1.4921904202262881,-0.48862639949187037,-0.9466239575274416,0.8842913160465347,2.4579244336247967,0
-0.08431414044195645,1.9642693626308168,0.6739262929428609,-0.2308381333194242,2.19626591669689,0.4715900198300349,-1.084771289693677,-0.8902865056655644,1
-1.4233562888947437,2.113876036206835,0.6652585301408593,-0.024197575462241577,-1.0922452927127486,-0.650493086723858,0.9343614494032616,1.2858824340280663,0
-0.35297953711749996,-0.8473627804400096,0.905641730468515,-0.4387446268506967,-1.709252827466249,-1.2871818571609068,-1.1204361474499551,0.9247971717622634,0
-0.35297953711749996,-1.0283449336937005,0.9092019284322916,-1.0845720332397735,-0.029270812318460737,-1.6348925078746361,0.39130196713682125,1.188724159059516,0
-0.35297953711749996,-1.1006436934233268,0.9141022091743705,0.40621620460505325,0.4992264990401196,-1.3306386326001012,-0.09280325714563492,0.22430846672045324,1
-0.35297953711749996,1.1406019907086198,-0.4545507745812396,0.5451752455160367,-1.4961661489692617,-0.8375747024123387,0.5156539661640063,0.9437390418267099,0
-0.35297953711749996,1.0408642083246078,-0.44877226604657183,0.4074148736112484,-1.8940664539273575,-0.6423678175325187,0.5486597609720955,0.17113918734769396,0
3.141592653589793,2.612564948126896,0.6363659874675208,0.6646042840617002,0.9378243365362817,-1.8230403056730453,0.7598889726036107,-0.6918149105291698,1
-0.35297953711749996,-1.067059225216562,0.9164893566993317,-0.8497078120324335,-1.467239318136837,-0.08128171203603007,1.4176798526075678,0.11561300136026531,0
-0.35297953711749996,-0.373419205042281,-1.2394066303170495,-2.7638840110636838,-0.8053687523662038,-1.1764746886492778,0.4583523837270593,2.2850548474182957,1
0.17205023911212614,2.1637449273988416,0.6623692758735255,0.0446826104901526,0.12580543353471296,-1.1043302642689439,-0.06034427250566465,0.9441890364322528,1
-0.35297953711749996,-1.5494637141513814,0.9401054975803751,-0.21370546896649442,-1.4331974777707666,-0.8684666569962246,0.510430720504181,1.0660048094033843,0
-0.35297953711749996,-1.4208550291480797,0.9388681545428543,-1.23086676530323,-1.3397213734198532,-0.925116981811127,0.5023054707108304,0.8858017157094078,0
-0.35297953711749996,-1.4297204221865842,-1.14442327362062,-2.5497765764097347,-2.135739778927148,-0.49590394363230267,0.5696667995906631,0.6370366606183215,0
-1.5609944477656215,1.9393349170348138,0.6753709200765278,-0.2652782262956213,-1.1442850137861011,-0.4143551052479569,0.04731136322990892,0.719633504705686,1
-0.2669073633386415,-0.733158870629598,0.8901733491896883,-0.7730291022601906,-1.8940664539273575,-0.6423678175325187,0.5486597609720955,0.17113918734769396,0
-1.7985002940032753,-1.5399108020803463,0.9447213447311468,0.057569834264783515,0.9260536348306398,-0.7695525271036127,0.7762168344898375,0.16878228073302448,0
-0.35297953711749996,-1.4208550291480797,0.9388681545428543,-1.23086676530323,-1.5853394795050408,-1.5590410077060626,-1.1242210288507766,1.3743725072073412,0
-0.35297953711749996,1.9144004714388108,0.6768155472101948,-0.2997183192718184,1.1414832503509018,1.3277005681500427,-0.7661452279422394,1.7347793229632593,1
-0.35297953711749996,1.5154493419027621,0.6999295813488655,-0.850759806890972,-0.546714504785428,-1.333229692957092,0.4358693075837133,1.7864215770782488,0
-0.35297953711749996,0.9958966828890475,-2.8710918931926734,-0.2957821519770886,-1.4331974777707666,-0.8684666569962246,0.510430720504181,1.0660048094033843,0
-0.35297953711749996,-1.3211172467640675,0.9330896460081867,-1.0931063933984415,-1.8940664539273575,-0.6423678175325187,0.5486597609720955,0.17113918734769396,0
-0.35297953711749996,1.390777113922747,0.7071527170172002,-1.0229602717719575,-1.4961661489692617,-0.8375747024123387,0.5156539661640063,0.9437390418267099,0
-0.2445418776632581,2.088941590610832,0.6667031572745262,-0.05863766843843882,0.24082146820787242,-1.8105085545793853,0.36741409599511193,0.26821091014750087,1
-1.570597110012427,1.7149249066707863,0.6883725642795302,-0.5752390630813952,-1.4331974777707666,-0.8684666569962246,0.510430720504181,1.0660048094033843,1
-0.35297953711749996,-1.1280827160777127,0.9149804369669593,-1.222332405144562,-2.2274174853669644,-1.2601042478439095,-0.3284855804567274,0.04646227964114635,0
-0.35297953711749996,-1.5494637141513814,0.9401054975803751,-0.21370546896649442,-2.180079750378747,-0.47565272906843636,0.5732931144534703,0.500611458738475,0
-0.35297953711749996,-2.281503135878768,0.9946123507130464,-0.5708861994654322,-1.0353909988267374,-1.8449034405870768,-0.4273640712000246,2.3610106189119637,0
-0.35297953711749996,1.7897282434587956,0.6840386828785293,-0.47191878415280386,-1.5421853187441967,-0.21914822036813686,0.08031715803799805,-0.052966349773330035,0
-0.35297953711749996,1.6899904610747833,0.6898171914131971,-0.6096791560575923,-0.7020399673871305,-1.2271670102756858,0.4497812702287984,2.485687526618511,0
-0.35297953711749996,1.5403837874987651,0.6984849542151986,-0.8163197139147749,-1.3397213734198532,-0.925116981811127,0.5023054707108304,0.8858017157094078,0
-0.35297953711749996,-2.331372027070774,0.9975016049803802,-0.6397663854178265,-1.690527701252291,-0.7422223925779139,0.5317762395910421,0.5663487630582671,0
-0.35297953711749996,-1.365369682908325,0.9346089547954783,0.29865048509816317,-2.771111113702964,-1.1421645693028297,-0.5079841335787821,0.6808626766851813,0
0.17205023911212614,2.363220492166866,0.65081225880419,0.32020335429972935,1.4488913738911662,0.9364585484847845,-1.0193964777997384,0.9503307722411679,1
-0.35297953711749996,1.6768895894380829,2.3228510386299654,0.05331710953097052,-0.5367451939640373,-1.3859294084174025,0.4333969218333747,0.20336519218842497,1
-0.35297953711749996,-2.331372027070774,0.9975016049803802,-0.6397663854178265,-1.3056588606080088,-0.9310361394721022,0.4998514035855254,1.3136455270217806,0
-0.35297953711749996,2.5876305025308928,0.6378106146011877,0.6301641910855031,-1.7845907518019177,-1.0506642785787863,0.08842108190150089,1.8532744452239702,1
-0.2445418776632581,1.7398593522667893,0.6869279371458632,-0.5407989701051981,-1.2202934334499047,-0.8188189183728045,0.6736554219126198,1.3025402898242948,1
-0.35297953711749996,-1.5275485978173198,0.9418562741007341,-0.010787140603267131,-0.80511264633098,0.3823548364570786,1.1497087512012851,0.2728354934529573,0
-0.35297953711749996,-0.7146024063555446,0.8879145077262758,-0.8064970201381174,-0.7118926480152903,-1.2331250134641802,0.4502271339337087,2.1048517537243194,0
-0.35297953711749996,1.4520014920847766,-1.3783185745750894,-2.137547455553908,-2.2200214560564437,-0.44482581603516486,0.5769928395923649,0.799514751311962,0
-0.35297953711749996,-1.9388619316163953,0.9678353788698175,-0.49347165335437004,-1.6390098920476157,-1.5487725697834929,-0.3772939378432977,1.188968619315233,0
-1.4534446306014008,-2.206699799090759,0.9902784693120457,-0.46756592053684104,-1.043685554012115,-1.1372282959232534,0.4754475794860442,-0.780956869198113,0
-0.35297953711749996,1.1406019907086198,-0.4545507745812396,0.5451752455160367,-1.6229786047298713,-0.7861531231392055,0.5258016327846707,0.3358034046669057,0
-0.35297953711749996,-0.9036727057136853,0.901978792763957,-0.9123715683587881,-0.025892813349903898,-1.4439286598741057,0.6171281035439502,0.9742099333624432,0
-0.35297953711749996,-1.8391241492323827,0.9620568703351499,-0.3557112814495817,0.13073668529168536,-2.1417439289540376,-0.07566706332088508,0.4966066823414307,0
-0.1997060680983879,1.8146626890547986,0.6825940557448624,-0.43747869117660687,-1.5457238547645766,-0.5050683561257077,0.8815349192322103,0.4937960239659106,1
-0.35297953711749996,-1.031456811683066,0.9111382732534119,-0.9511005809153543,-1.6806528860320973,-0.36182476478427444,0.9831698067898317,0.1433760943539797,0
-0.35297953711749996,-2.331372027070774,0.9975016049803802,-0.6397663854178265,-1.6471205692404252,-1.379905023869293,-0.1953646697228526,1.3580664758117236,0
-0.35297953711749996,1.8395971346508015,0.6811494286111955,-0.4030385982004097,-1.1747924469385196,-0.38859673501694036,0.050213367363434125,1.0221023659763366,0
-0.35297953711749996,-1.7393863668483707,0.9562783618004822,-0.2179509095447932,-0.5511110730750606,-0.22547442411057683,-0.7650975655621208,-0.8141446786406512,0
-0.35297953711749996,-1.8391241492323827,0.9620568703351499,-0.3557112814495817,-0.5367451939640373,-1.3859294084174025,0.4333969218333747,0.20336519218842497,0
-0.21641029021218988,0.8251227243307406,0.7429566211139323,-0.11838784243755385,-0.7118926480152903,-1.2331250134641802,0.4502271339337087,2.1048517537243194,0
-0.35297953711749996,1.98920380822682,0.672481665809194,-0.1963980403432271,-0.464154398667873,-1.1783242967637984,0.6552232389827382,1.8190899598668084,1
-0.35297953711749996,-0.7041971409456607,0.8904217756946216,-0.6368508245492113,-0.8053687523662038,-1.1764746886492778,0.4583523837270593,2.2850548474182957,0
-0.35297953711749996,1.7398593522667893,0.6869279371458632,-0.5407989701051981,-0.9663620316644841,-0.07920986017670573,0.4860453412965278,1.8694855373859702,0
-0.35297953711749996,-0.4394711514606623,0.8699150300735138,-0.5292851050423212,-1.081316342587606,-0.44524705983184276,0.04208811757008357,0.8418992722823603,0
-0.35297953711749996,-1.870505717130231,-0.2112783199862499,0.061748008175187497,-2.513207145862143,-0.8885845102048048,-0.07734133934875304,0.5673310574403623,0
-0.35297953711749996,-0.9045033729677818,-0.274170970171152,1.0001648786911772,-1.716454709080785,-0.7295027983243031,0.5339268825780212,0.5160064983608821,0
-0.35297953711749996,-0.733158870629598,0.8901733491896883,-0.7730291022601906,-1.690527701252291,-0.7422223925779139,0.5317762395910421,0.5663487630582671,1
-0.35297953711749996,-1.80265816662745,-0.21840259036403853,1.52290828370853,-1.6656613183089233,-0.8422617336888544,0.4388996236211235,0.3413560232656486,0
-0.35297953711749996,-1.8139101010276668,2.37128775236423,0.6284069388839598,-1.9514134690194624,-0.6142338049826545,0.5534166907592836,0.05978894467916318,0
-0.35297953711749996,-0.7476705511313974,0.888694428691132,-0.9088843704497406,-0.5283407319598671,-1.6816140011287883,0.2031882109092307,-2.875436173777731,0
-0.35297953711749996,0.6505816051587194,0.7530690110496008,-0.35946849327093355,-0.029270812318460737,-1.6348925078746361,0.39130196713682125,1.188724159059516,0
-0.35297953711749996,1.7149249066707863,0.6883725642795302,-0.5752390630813952,-0.4194761376440789,-1.0582185843228082,0.8758821463112845,-0.011080933530929094,1
3.141592653589793,1.8645315802468045,0.6797048014775285,-0.3685985052242126,1.1658508725966144,-1.399584633327741,0.35377548273248643,-0.7305561148587147,1
-0.35297953711749996,1.3278941587641726,-0.5624949077300476,0.9618390688865461,-0.47339801181568153,-1.0588138723359968,0.1363960853295256,-1.4795374120397735,1
-0.35297953711749996,-1.3530074786452986,0.9317438841650657,0.23029351023011246,0.4992264990401196,-1.3306386326001012,-0.09280325714563492,0.22430846672045324,0
-0.35297953711749996,2.014138253822823,0.671037038675527,-0.16195794736703006,-0.9604385890937124,-0.9854475594895358,0.6946485922910375,-0.8403901595419472,1
-0.23168172339991264,2.288417155378857,0.6551461402051908,0.21688307537113805,-1.716454709080785,-0.7295027983243031,0.5339268825780212,0.5160064983608821,0
-0.35297953711749996,-2.3563064726667773,0.9989462321140472,-0.6742064783940236,-2.7266207137574034,-1.169127562953049,-0.5118513851664893,0.5950941504340767,0
-0.1997060680983879,1.8645315802468045,0.6797048014775285,-0.3685985052242126,-1.5313008982900551,-0.021952818927598483,1.4239540128320614,0.9263777856440809,0
-0.35297953711749996,1.6151871242867744,0.6941510728141979,-0.7129994349861837,-1.4331974777707666,-0.8684666569962246,0.510430720504181,1.0660048094033843,0
-0.35297953711749996,1.6151871242867744,0.6941510728141979,-0.7129994349861837,1.0445311204839118,-1.682768779298923,0.9771439955124788,-0.7056964570260269,1
-0.35297953711749996,2.2385482641868504,0.6580353944725247,0.1480028894187439,-1.4331974777707666,-0.8684666569962246,0.510430720504181,1.0660048094033843,1
-0.35297953711749996,0.8749916155227468,0.7400673668465985,-0.04950765648515967,-1.5884065683436286,-0.5611769666753565,0.7946329100686631,0.4993486425646535,1
-0.35297953711749996,-1.4956583659360887,0.9432020359438551,-1.3341870442318213,-2.549559871077162,-1.064872847114789,-0.30048390696919014,0.6674878873944344,0
-0.35297953711749996,1.7149249066707863,0.6883725642795302,-0.5752390630813952,-1.716454709080785,-0.7295027983243031,0.5339268825780212,0.5160064983608821,0
-0.27295303368526863,2.338286046570863,0.652256885937857,0.28576326132353225,-1.6319980775009544,-1.006097090147409,-0.7647028610024156,1.082789791061268,0
-0.2769368858211963,-1.4956583659360887,0.9432020359438551,-1.3341870442318213,-1.542865380472314,-1.5959403411298432,-0.3852691165034712,1.3756516520408728,0
-0.35297953711749996,-1.120052511036229,0.9184696298202089,0.5413132301253518,-0.035209605980026315,-0.21907234265017894,-0.57948345871687,2.208072812287755,0
-0.35297953711749996,2.113876036206835,0.6652585301408593,-0.024197575462241577,-0.632889705539339,-1.3387616370710522,0.44137210049354825,0.016682159462785173,1
3.141592653589793,1.8146626890547986,0.6825940557448624,-0.43747869117660687,-0.132599597297534,-1.584200186248228,0.39987308063508215,0.9880914798593003,1
-0.35297953711749996,1.9144004714388108,0.6768155472101948,-0.2997183192718184,0.18414275557679938,-1.3543494551263917,0.8258120129545575,1.1609610660658016,1
-0.35297953711749996,-0.7974938892480036,0.9027524762011812,-0.3698644408983024,-2.384917660086456,-1.2876168388534803,-0.4507133444086978,0.23499430123323706,0
-0.35297953711749996,1.9393349170348138,0.6753709200765278,-0.2652782262956213,-0.132599597297534,-1.584200186248228,0.39987308063508215,0.9880914798593003,1
-0.35297953711749996,2.014138253822823,0.671037038675527,-0.16195794736703006,-1.2827525810740015,-0.5570316496640945,0.9501640119817426,0.9159759488329956,1
-0.35297953711749996,2.1637449273988416,0.6623692758735255,0.0446826104901526,-1.2377611181370145,-0.3577047804330544,0.05543661302325947,0.8998365983996623,1
-0.35297953711749996,2.064007145014829,0.6681477844081932,-0.09307776141463578,-1.071169539717098,0.6744039153910966,-0.0413379923686486,-0.24558886264530766,0
-0.35297953711749996,-0.4613341604459461,0.8779857767126455,1.3353404722931237,-1.6487814283517803,0.42092437954115147,1.8859116945633367,0.25612025687340584,0
-0.35297953711749996,-0.8787382601176822,0.9005341656302901,-0.877931475382591,-1.5213154091364627,-1.4748780918815894,-0.9938680151054557,1.3660435793092267,0
-0.35297953711749996,1.9393349170348138,0.6753709200765278,-0.2652782262956213,-1.7399145281100123,-0.7179935882647077,0.5358728724741465,0.4704547545139052,0
-0.35297953711749996,-1.4956583659360887,0.9432020359438551,-1.3341870442318213,-2.2847645004590693,-1.2319702352940451,-0.32372865066953926,-0.06488796302738442,0
-0.35297953711749996,-0.5795249129656456,0.883198640026287,-0.46465035966822577,-0.4194761376440789,-1.0582185843228082,0.8758821463112845,-0.011080933530929094,0
-0.35297953711749996,-2.73115382386092,-0.1555341238160578,0.7217285740129852,-1.412365644555639,-1.0713076658462244,0.28259638067665727,1.3275270735186377,0
-0.35297953711749996,1.5902526786907711,0.6955956999478647,-0.7474395279623807,-0.5324017866417643,-0.8527364822498708,0.04583792754107968,-0.26969976248515604,1
-0.35297953711749996,-0.4354742504584075,-0.33008510165986904,0.26323961976823185,-1.6748708027705574,-0.7220027830960086,0.5314377591227486,1.5319022826740116,0
-0.35297953711749996,-0.9535415969056913,0.9048680470312909,-0.9812517543111822,-0.5032766420577016,-0.8244856208889225,1.1089397317986336,-0.39486896522285697,0
-0.35297953711749996,-1.9887308228084009,0.9707246331371514,-0.5623518393067641,-1.5190724285032688,-1.2115791922203463,0.06534135776778915,1.3414086200154949,0
-0.35297953711749996,-1.1007808009233098,-0.3650615434657276,0.6289520041874521,-1.2624666234545585,-0.6440322147976293,0.85803875715837,1.0437943350084127,1
-0.35297953711749996,-1.2213794643800553,0.9273111374735189,-0.9553460214936531,-1.2212972988586874,-1.0500933151314689,0.49018045788011844,-1.1258241802113014,0
-1.521303443812159,2.413089383358872,0.6479230045368563,0.38908354025212344,-0.7878577299270528,0.3778711795202194,-2.866142247530847,1.2001860586751472,1
-0.35297953711749996,-0.8972316716320158,0.9085309847358489,-0.5076248128030909,-1.4961661489692617,-0.8375747024123387,0.5156539661640063,0.9437390418267099,0
-0.35297953711749996,-1.6645830300603615,0.9519444803994814,-0.11463063061620199,-1.690527701252291,-0.7422223925779139,0.5317762395910421,0.5663487630582671,0
-0.35297953711749996,-1.3709861379560735,0.9359789002755204,-1.161986579350836,-2.014003917471704,-0.9795611950956653,0.10602446536100874,0.018699186647431976,0
-0.35297953711749996,-1.0387285130188322,-0.2715636816535889,0.5566891105789137,-1.7158224764648762,-0.6971844016218732,0.5349974130100458,1.6108488577683167,0
-0.35297953711749996,-2.6314160414769074,-0.16131263235072557,0.8594889459177735,-2.023878732691898,-1.3599588228893047,-0.3453691018377808,0.44167185535171943,0
-0.35297953711749996,1.98920380822682,0.672481665809194,-0.1963980403432271,-0.7118926480152903,-1.2331250134641802,0.4502271339337087,2.1048517537243194,1
-0.35297953711749996,-0.763566836859924,0.8985167059706747,1.0905375919657887,-1.3269055543908763,0.8349450403837892,-2.5953219374482206,-0.06755207016432752,0
-0.35297953711749996,1.1492705170787803,0.7241764683762623,0.32933336625300846,-1.3056588606080088,-0.9310361394721022,0.4998514035855254,1.3136455270217806,0
-0.35297953711749996,1.4905148963067592,0.7013742084825325,-0.8851998998671691,-0.5367451939640373,-1.3859294084174025,0.4333969218333747,0.20336519218842497,0
-0.35297953711749996,-2.2479389962551797,-0.7159600279691805,-1.508666241198933,-1.2121827562570953,-0.9876864642870046,0.49172615379217477,1.1334424333278044,0
-0.35297953711749996,-2.651636921485436,-0.1620220231892443,0.7240465045456136,-0.8463032734345992,-1.6193046898192964,0.006862054675812024,0.04444525245649966,0
-0.35297953711749996,-0.5392089338446746,0.8756935386081814,-0.6670454769471095,-1.205170941710434,-0.4450109846509205,0.10431723063305681,1.0272636050738395,0
-0.35297953711749996,1.5902526786907711,0.6955956999478647,-0.7474395279623807,-1.716454709080785,-0.7295027983243031,0.5339268825780212,0.5160064983608821,1
-0.35297953711749996,-1.5205928115320917,0.9446466630775221,-1.3686271372080183,-2.61358394144574,-1.1490357629392622,-0.4308369207145112,0.6758168152925488,0
-0.35297953711749996,1.6731540715456241,1.5446764044094317,-0.14111190655926273,0.6110270795598998,1.1548873753901234,-1.176002050433224,-0.455470398477102,0
-0.35297953711749996,-1.3211172467640675,0.9330896460081867,-1.0931063933984415,-0.8559254452834811,0.004054455832394055,1.8191841036172152,0.8604497628455668,0
-0.35297953711749996,-1.8141897036363797,0.960612243201483,-0.32127118847338454,-1.3056588606080088,-0.9310361394721022,0.4998514035855254,1.3136455270217806,0
-0.35297953711749996,1.4905148963067592,0.7013742084825325,-0.8851998998671691,-0.5367451939640373,-1.3859294084174025,0.4333969218333747,0.20336519218842497,1
-0.35297953711749996,-1.4956583659360887,0.9432020359438551,-1.3341870442318213,-1.3188895402047254,-1.1279579906611268,0.27447113088330666,1.1473239798246615,0
-0.35297953711749996,-1.7828142239587073,0.9657198080397079,0.11791566005850967,-0.6443374806782147,-1.3762562585080214,0.4408379518590949,-1.4504951742125276,0
-0.35297953711749996,-2.21161145076424,1.1081623447793023,-0.6656850769381364,-0.025892813349903898,-1.4439286598741057,0.6171281035439502,0.9742099333624432,0
-0.35297953711749996,1.4905148963067592,0.7013742084825325,-0.8851998998671691,-1.4961661489692617,-0.8375747024123387,0.5156539661640063,0.9437390418267099,0
-1.744725385421165,2.6374993937228988,0.6349213603338538,0.6990443770378972,1.1658508725966144,-1.399584633327741,0.35377548273248643,-0.7305561148587147,1
-0.09794310827539326,0.7503193875427316,0.7472905025149331,-0.22170812136614512,0.4992264990401196,-1.3306386326001012,-0.09280325714563492,0.22430846672045324,1
-0.2622245897753581,-0.4939979502648232,2.264319953509718,0.9289733888272969,-0.608563863036217,-1.2838173350905882,0.4416560204354478,2.305484432924535,0
-0.35297953711749996,1.5403837874987651,0.6984849542151986,-0.8163197139147749,-0.132599597297534,-1.584200186248228,0.39987308063508215,0.9880914798593003,0
-0.35297953711749996,-1.4497259317673692,0.9343269890457074,-0.0759450970617061,-0.632889705539339,-1.3387616370710522,0.44137210049354825,0.016682159462785173,0
-0.35297953711749996,-1.3031385874532926,0.9288546298977318,0.2991736961825068,-1.716454709080785,-0.7295027983243031,0.5339268825780212,0.5160064983608821,0
-0.35297953711749996,1.3609310166532633,0.8264812196181238,-1.2555195211494499,-1.1931385284803144,-2.323134524108359,-1.047937053204694,2.12799870174251,0
-0.35297953711749996,-2.2316342446867616,0.9917230964457125,-0.502006013513038,-2.0581202529670923,-0.7545053313567766,0.3361616678504155,0.07367049117602043,0
-0.35297953711749996,-1.9139274860203919,0.9663907517361506,-0.45903156037817305,-1.2121827562570953,-0.9876864642870046,0.49172615379217477,1.1334424333278044,0
-0.35297953711749996,2.1388104818028384,0.6638139030071923,0.010242517513955385,-0.9626322292311112,-0.13621707054172816,1.6019290807083468,0.8743313093424241,0
-0.35297953711749996,-1.4707239203400857,0.9417574088101882,-1.2997469512556241,-1.823161493028415,-0.8697743246984252,0.3166718596691532,0.5298880448577392,0
-0.35297953711749996,-1.0034104880976973,0.9077573012986246,-1.0501319402635763,-0.7268842611843429,-0.6669765646575501,1.1291333961687835,0.7733676171911623,0
-0.35297953711749996,-1.6366353454845217,-0.7572579528027032,-2.513047736798702,-2.19135575413452,-0.3868429390586542,0.6648853924286957,0.5990803744453529,0
-0.24335371123675337,2.1886793729948444,0.6609246487398586,0.0791227034663497,-1.1116948373595206,-0.5016613094658229,0.09619198083970623,0.8470605113798632,0
-0.35297953711749996,1.6401215698827774,0.692706445680531,-0.6785593420099865,-2.0007732378749874,-0.7826393439066408,0.3314047380632274,0.1850207338445512,0
-0.35297953711749996,-0.4893400426526685,0.8728042843408477,-0.5981652909947153,-1.1054759723094651,-0.8474149379128825,0.7089811767010428,1.119560886830947,0
-0.35297953711749996,1.6401215698827774,0.692706445680531,-0.6785593420099865,-0.7118926480152903,-1.2331250134641802,0.4502271339337087,2.1048517537243194,1
-0.11363389431952942,-1.4247914861713662,0.9328823619120405,-0.041505004085509,-1.4318734536715154,-0.8989773968857281,0.5092931634476962,0.0677154927182203,0
-0.35297953711749996,-0.6669004910866312,0.886112077930542,-0.6707677064410649,-0.15389307948390762,-0.3828967588080154,0.6954328490842785,2.4053016827983953,0
-0.35297953711749996,2.1886793729948444,0.6609246487398586,0.0791227034663497,-2.193086794019253,-0.4677699310824385,0.5744237293778512,0.5256864179497908,0
-1.618610421246454,1.8429886152488804,2.089888592952823,0.41316807683251566,-0.6443374806782147,-1.3762562585080214,0.4408379518590949,-1.4504951742125276,1
-0.35297953711749996,-1.963796377212398,0.9692800060034845,-0.5279117463305671,-1.2121827562570953,-0.9876864642870046,0.49172615379217477,1.1334424333278044,0
-1.5609944477656215,1.9393349170348138,0.6753709200765278,-0.2652782262956213,-0.029270812318460737,-1.6348925078746361,0.39130196713682125,1.188724159059516,1
-0.35297953711749996,1.4235494186348137,0.7082855699059261,0.7081743889911765,-1.8584811394000007,-1.2817002329400322,-0.221916562758525,2.099191817358467,0
-0.35297953711749996,-1.2640302129262038,0.9286127731097451,0.4688799609314078,-2.216931792318111,-0.4533188913410943,0.5764964148929953,0.5716547698876384,0
-0.35297953711749996,2.014138253822823,0.671037038675527,-0.16195794736703006,-1.9819730323794333,-0.5685878846827429,0.557006606711733,1.0278723235693574,0
-0.35297953711749996,1.8146626890547986,0.6825940557448624,-0.43747869117660687,-1.5860524374910567,-0.6307172829163465,0.7481886375248057,-0.45272587215774074,0
-0.35297953711749996,1.7897282434587956,0.6840386828785293,-0.47191878415280386,-0.7502740605059339,0.029271111798157,1.9008628671209369,0.9771629118234982,1
-0.35297953711749996,-2.0111197839141726,-0.20540170028108795,1.281069390205899,-2.8315964578203006,-1.228472097303387,-0.638644745024513,0.6823696534264959,0
-0.35297953711749996,-0.7356130620019794,0.8938766751829818,0.9564994495549555,-1.9940961825985144,-0.6703424155323033,0.4665146815957364,0.06534156327790608,0
-0.35297953711749996,0.9738987306526623,-0.4418609046231783,2.000789162469594,-2.193086794019253,-0.4677699310824385,0.5744237293778512,0.5256864179497908,0
-0.17202877957510088,2.1388104818028384,0.6638139030071923,0.010242517513955385,-1.0240983334932259,-0.7137866539719085,0.9276809358383966,0.41734267849294876,1
-0.35297953711749996,-1.3579191303187792,1.0496277596323225,0.03217435382881717,-0.4852871409110737,-1.1133706580651934,-0.04027766878279365,1.8150345057339055,0
-0.35297953711749996,2.462958274550878,0.6450337502695224,0.45796372620451753,-1.6987158010694152,-0.7075517433546644,0.5335104446378927,1.5778706346118594,0
-0.35297953711749996,-1.7214985346022433,0.9563360846822411,-0.11677076591634825,-0.608563863036217,-1.2838173350905882,0.4416560204354478,2.305484432924535,0
-0.35297953711749996,-1.8267619449693562,0.9591917997047373,-0.4240682563176324,-1.7515953567156797,0.00907355131453702,1.3517848820625882,0.5870630932296357,0
-0.35297953711749996,1.8645315802468045,0.6797048014775285,-0.3685985052242126,-0.3501588322039699,-0.803947413111304,-0.018561332705299027,2.2615819894974876,1
-0.35297953711749996,0.04721237867875852,0.8456617640678165,0.36167684017559676,-0.7447226809661825,-1.2832756208253346,0.36287926106525115,2.491240145217254,1
-0.35297953711749996,0.9957152591292897,-1.790862905283365,-0.42947337556671616,-0.7118926480152903,-1.2331250134641802,0.4502271339337087,2.1048517537243194,1
-0.35297953711749996,1.6899904610747833,0.6898171914131971,-0.6096791560575923,-1.3397213734198532,-0.925116981811127,0.5023054707108304,0.8858017157094078,1
-0.35297953711749996,2.1886793729948444,0.6609246487398586,0.0791227034663497,-1.2827525810740015,-0.5570316496640945,0.9501640119817426,0.9159759488329956,0
-0.35297953711749996,-1.3211172467640675,0.9330896460081867,-1.0931063933984415,-1.6930084381872152,-0.13436388300337032,0.09319933761853677,0.015886501252115548,0
-0.35297953711749996,1.5403837874987651,0.6984849542151986,-0.8163197139147749,-0.7604283227020968,-1.2761921545951749,0.4519514174122039,-0.23095855815561128,0
-0.35297953711749996,1.6401215698827774,0.692706445680531,-0.6785593420099865,-1.0177585461836212,-1.1499478901768643,0.47329693649906507,-0.7306146045007282,1
-0.35297953711749996,-1.592891571261718,0.9495469438196009,0.12216110063680857,-1.5116861697432733,-0.6866554962935186,0.6974550081247861,0.375040432166805,1
-0.35297953711749996,1.9393349170348138,0.6753709200765278,-0.2652782262956213,-1.4331974777707666,-0.8684666569962246,0.510430720504181,1.0660048094033843,0
-1.618610421246454,1.5653182330947681,0.6970403270815317,-0.7818796209385778,-0.526182921591709,-1.1984901106969303,0.6586271234024164,0.00280061296592804,1
-0.35297953711749996,-2.156830907898753,0.9873892150447118,-0.3986857345844468,-0.132599597297534,-1.584200186248228,0.39987308063508215,0.9880914798593003,0
-1.618610421246454,1.6151871242867744,0.6941510728141979,-0.7129994349861837,-0.4194761376440789,-1.0582185843228082,0.8758821463112845,-0.011080933530929094,1
-0.35297953711749996,2.088941590610832,0.6667031572745262,-0.05863766843843882,-1.4250868005779571,-1.0373342029104249,0.32850145238373596,0.8969069529068936,1
-0.35297953711749996,1.8645315802468045,0.6797048014775285,-0.3685985052242126,-1.4331974777707666,-0.8684666569962246,0.510430720504181,1.0660048094033843,0
-0.35297953711749996,-0.828869368925676,0.8976449113629562,-0.8090512894301968,-1.1829207893426346,-0.028145166453692583,1.6202019971223618,0.4465987658765962,0
-0.35297953711749996,-1.602667849655867,-0.23372141042847805,0.03584227535765838,-2.0359428283077667,-1.1179989807442396,-0.1167676557165585,1.652493497258888,0
-0.35297953711749996,-0.9011681286553024,0.902545192105035,0.6817369484146301,-1.7193612027161178,-0.6950397894457893,0.5353050107104558,1.6176708089251162,1
-0.3127566089731776,-1.4599940464277312,1.867744298406478,0.618070568363649,-1.3254352946530537,-0.6131402602137433,0.8632620028181953,0.9215285674317384,0
-0.35297953711749996,-1.413636886502222,0.9372805359117468,0.2622394030742252,-0.501857079088587,-1.143545808716466,0.6589110433443159,2.291602886427678,0
-0.35297953711749996,0.6248164923086196,-0.4216361247518412,1.5186278608028347,0.12580543353471296,-1.1043302642689439,-0.06034427250566465,0.9441890364322528,1
-0.35297953711749996,-0.9036727057136853,0.901978792763957,-0.9123715683587881,-0.132599597297534,-1.584200186248228,0.39987308063508215,0.9880914798593003,0
-0.35297953711749996,1.7647937978627926,0.6854833100121963,-0.506358877129001,-1.5589545343612934,-0.7019902073147323,0.6561546465299916,0.3274744767687914,0
-0.35297953711749996,-1.3912070179646019,0.9352695094370018,-1.297429020722996,-2.0359428283077667,-1.1179989807442396,-0.1167676557165585,1.652493497258888,0
-0.35297953711749996,-1.121641681996043,0.9215326289388512,-0.8175856495888648,-1.8940664539273575,-0.6423678175325187,0.5486597609720955,0.17113918734769396,0
-0.35297953711749996,-0.3926215895305978,0.8702211794602059,-0.2919266837028967,-0.4506223004586124,0.13712683992890995,1.1718877784653912,1.0252934965139737,1
-0.23678384981960948,-0.4652579503955142,0.8734682363896065,-0.46209609037614635,-0.132599597297534,-1.584200186248228,0.39987308063508215,0.9880914798593003,0
-0.35297953711749996,-1.2388948800293214,-1.1598120653485835,-0.983891722986474,-1.369682930976587,-1.0151990552965755,0.36949838984020444,1.3219744549198948,0
-1.3734224452113555,-2.3456903417564163,-0.18369799991119484,0.9347633567286895,-1.4331974777707666,-0.8684666569962246,0.510430720504181,1.0660048094033843,0
-0.35297953711749996,-2.281503135878768,0.9946123507130464,-0.5708861994654322,-2.526196480420328,-1.6528645216914515,-0.9367996446015583,0.08533060983234642,0
-0.35297953711749996,-0.9036727057136853,0.901978792763957,-0.9123715683587881,-0.8912957523577405,-0.5276780725611971,0.026697341832641608,1.5725656409453233,0
-0.22084844127589878,1.1961662287221482,-3.073847972969461,-0.12926555880969504,-1.716454709080785,-0.7295027983243031,0.5339268825780212,0.5160064983608821,0
-0.35297953711749996,-2.206699799090759,0.9902784693120457,-0.46756592053684104,-1.2121827562570953,-0.9876864642870046,0.49172615379217477,1.1334424333278044,0
-0.35297953711749996,1.3899464466686502,-0.4689970459179087,0.8895761752780078,-1.8940664539273575,-0.6423678175325187,0.5486597609720955,0.17113918734769396,0
-0.35297953711749996,-1.8191013553098607,1.0784961186687396,-0.5193903448746799,-0.132599597297534,-1.584200186248228,0.39987308063508215,0.9880914798593003,0
-0.35297953711749996,1.8645315802468045,0.6797048014775285,-0.3685985052242126,0.515089722049479,-1.5437584900337686,0.05440111596728181,0.4398013515204704,0
-0.35297953711749996,2.263482709782854,0.6565907673388578,0.182442982394941,-1.817067912747862,-0.6430951690816887,0.5435478007213344,1.5623729804819877,0
-0.35297953711749996,-0.2898644778846442,0.8612472672715122,-0.3226445471851385,-1.3905147641917144,-0.8123580464465758,0.5973327296677282,1.0604521908046414,0
-0.35297953711749996,1.5653182330947681,0.6970403270815317,-0.7818796209385778,-1.3829136105733035,-1.2121209064856,0.14411811713798578,1.1556529077227757,0
-0.35297953711749996,-0.8913105014506587,0.8991137221335443,-0.9807285432268388,-1.6869978958060154,-0.35344174362553216,0.2408495744363638,-0.14945638684205909,0
-0.35297953711749996,-2.103875687682488,-2.87799655383292,0.32055511417961247,-2.0373564728593854,-0.5350232649936532,0.5618207171353493,1.13464043701616,0
-0.35297953711749996,-1.216288961452795,-0.25825588806389455,0.4840866951325642,-0.41629761900645523,-0.08861549611895236,0.9423738376966845,0.7672947956501771,0
-0.20966569843820707,-1.9139274860203919,0.9663907517361506,-0.45903156037817305,-1.1160382446817936,-1.0348542356333548,0.4837509751320012,1.320125466053444,0
-0.30157386613548587,-0.9381079560319454,0.9086290959063431,0.8494569411324089,-1.538829454367674,-0.40262399697275175,-0.14569613645857277,0.5363278661280767,0
-0.35297953711749996,-1.0910907813522916,0.918718056325142,0.6774915078363312,-1.690527701252291,-0.7422223925779139,0.5317762395910421,0.5663487630582671,0
-0.35297953711749996,-1.613763917308216,-1.1360340791611538,-1.3988640099870584,-2.5389814251325786,-0.5971235614717428,0.24166031639469948,0.5143564756341708,0
-0.35297953711749996,-0.853803814521679,0.8990895384966231,-0.8434913824063939,-1.081316342587606,-0.44524705983184276,0.04208811757008357,0.8418992722823603,0
-0.35297953711749996,-0.88348246845772,1.8313224706781126,1.2417144714291521,-1.3056588606080088,-0.9310361394721022,0.4998514035855254,1.3136455270217806,0
-0.35297953711749996,-1.2123868575879788,0.9245199943766793,0.4706159183942409,-0.4433857198063549,-1.3839220145835,0.4272981940854524,1.9870542562784643,0
-0.35297953711749996,1.4398153378606564,-0.4718863001852427,0.9584563612304018,-1.1497007831899877,-1.0075479945404815,0.48691469497338846,1.6164680843723709,1
-0.35297953711749996,2.263482709782854,0.6565907673388578,0.182442982394941,-0.9508601014519314,-1.1349589151262665,0.4693931487820058,1.0016952894073734,0
-0.35297953711749996,-2.1817653534947556,0.9888338421783787,-0.4331258275606439,-1.1351753612258861,-1.1573201897852181,0.34911422218701527,0.8698911138652649,0
-0.35297953711749996,1.98920380822682,0.672481665809194,-0.1963980403432271,-1.452039135867338,-0.46871073696718074,0.22135976625510145,0.3067611668396598,1
-0.35297953711749996,-1.9887308228084009,0.9707246331371514,-0.5623518393067641,-1.780474000156929,-0.29679141881062965,0.24897482422971434,0.03074670685191727,0
-0.23678384981960948,-1.7643208124443737,0.9577229889341491,-0.2523910025209903,-0.526182921591709,-1.1984901106969303,0.6586271234024164,0.00280061296592804,0
-0.35297953711749996,-1.4457894747440827,0.9403127816765213,-1.265306858279427,-1.63566142309511,-0.16249789555323446,0.08844240783134866,0.12723674392064632,0
-0.35297953711749996,1.723554600698372,-1.0207551872690297,-1.547459197791093,-1.2786443139507926,-1.0219593025816047,0.49493738766730655,-1.237174422879832,0
-0.35297953711749996,2.064007145014829,0.6681477844081932,-0.09307776141463578,-1.716454709080785,-0.7295027983243031,0.5339268825780212,0.5160064983608821,0
-0.35297953711749996,1.7149249066707863,0.6883725642795302,-0.5752390630813952,-0.9611296622947307,-0.7446786085557946,0.9224576901785713,0.539608446069623,0
-0.35297953711749996,1.8146626890547986,0.6825940557448624,-0.43747869117660687,-1.716454709080785,-0.7295027983243031,0.5339268825780212,0.5160064983608821,1
-0.35297953711749996,-0.9286071513096883,0.9034234198976239,-0.9468116613349852,-0.8682999953343763,-0.980053518932973,0.6887470801810307,1.034363672195933,0
-0.3119877954030863,2.5876305025308928,0.6378106146011877,0.6301641910855031,0.6143478903358768,-0.6022995016293732,1.9206582409971589,0.8909206543813002,0
-0.35297953711749996,-1.0782138248857065,0.9120911826996254,-1.1534522191921677,-1.4331974777707666,-0.8684666569962246,0.510430720504181,1.0660048094033843,0
-0.1777948813507857,1.4905148963067592,0.7013742084825325,-0.8851998998671691,-1.3397213734198532,-0.925116981811127,0.5023054707108304,0.8858017157094078,0
-1.5539524954512973,-1.146576127592046,0.9229772560725181,-0.8520257425650618,-0.785355620466575,-0.4266003587905161,1.360746245427647,1.0779162473403756,0
-0.35297953711749996,-1.4776797066253138,0.9389670198334004,0.05809304534912707,-1.4318734536715154,-0.8989773968857281,0.5092931634476962,0.0677154927182203,0
-0.35297953711749996,-1.94530905391824,-0.20694443858524925,-0.04157227075340378,-2.344283977912444,-0.5810784638063412,0.36103595805669025,0.6253364906977525,0
-0.35297953711749996,1.8894660258428078,0.6782601743438617,-0.3341584122480155,0.8776841729250964,-1.159843244335183,1.4451180970411914,0.39943585686343047,1
-0.35297953711749996,2.263482709782854,0.6565907673388578,0.182442982394941,-1.9012197746914197,-0.2635271869191743,-0.06292894779998093,0.9904391450461503,0
-0.35297953711749996,1.9866735589224485,1.2039645791335774,-0.1529226679659509,0.8248105144348936,-1.9594895101552634,0.5431821781517511,-0.6657746653440735,1
-0.35297953711749996,-2.3064375814747713,0.9960569778467133,-0.6053262924416294,-2.2141868057702476,-1.063182396654885,-0.10310530775450882,0.21278382683826558,0
-0.35297953711749996,-1.5205928115320917,0.9446466630775221,-1.3686271372080183,-2.406500361914513,-0.7483129838306827,0.13991368356011505,0.5534495109435051,0
-0.35297953711749996,1.9393349170348138,0.6753709200765278,-0.2652782262956213,-1.1116948373595206,-0.5016613094658229,0.09619198083970623,0.8470605113798632,0
-0.35297953711749996,-1.9023959490114621,-0.21262408182937087,1.3851479118037415,-1.7332104148313432,-0.7983310031275628,0.4448742304274949,0.57190138165701,0
-0.35297953711749996,2.512827165742884,0.6421444960021885,0.5268439121569117,-1.7447144661853153,-0.3024958716758429,0.9894439670143251,0.9541408786377953,0
-0.35297953711749996,0.9097378591310147,-0.7841759744667169,0.7843649388286646,-1.1760457971263714,-0.4167601232899723,1.1674190348906106,0.9020944023361384,0
-0.35297953711749996,1.315973777134738,0.7114865984182009,-1.1262805507005487,-1.1160382446817936,-1.0348542356333548,0.4837509751320012,1.320125466053444,0
-0.35297953711749996,-2.3064375814747713,0.9960569778467133,-0.6053262924416294,-2.6262262090914854,-1.6808391196912362,-1.0189447239779175,-0.02046701423744146,0
-0.35297953711749996,-1.500425490213472,-0.23893351962206766,1.7677111640358651,-1.3386465660691305,-0.3190027954135321,0.06343363665694474,0.3422432259372432,0
-0.35297953711749996,1.8395971346508015,0.6811494286111955,-0.4030385982004097,1.452269372859723,1.1274223964853147,-0.7935703413926096,0.7358165465440952,0
-0.35297953711749996,-1.2463139099760583,0.9287557646071858,-0.9897861144698502,-2.378240604809983,-1.175319910479143,-0.31560340087618877,0.11531513066659194,0
-0.35297953711749996,-2.0321586799187377,0.9801660793763771,-0.2264852697034612,-1.0187823202614639,-1.457017741397522,0.023842337909323053,2.31281794041201,0
-0.35297953711749996,-1.9170393640097576,0.968327096557271,-0.32556010805375374,-0.7118926480152903,-1.2331250134641802,0.4502271339337087,2.1048517537243194,0
0.17205023911212614,1.7398593522667893,0.6869279371458632,-0.5407989701051981,-1.0845917266427654,0.14263553174661225,1.8390605273114018,1.3012722769048786,1
-0.35297953711749996,-0.6543282497536547,0.8875325214272878,-0.5679706385968171,-0.5040317912063761,-1.2771210824074433,0.5227713167472605,1.7808689584795059,0
-0.35297953711749996,1.2525259273167524,-1.3667615575057537,-2.413068199363485,-2.234038467713572,-0.4429515496083031,0.5779833832651484,0.6046329930440957,0
-0.35297953711749996,-1.300119258191351,0.9256592262437059,0.13069546079547656,-1.8612585555684993,-0.9666568347765093,0.18416820293685318,0.5885592374532386,0
-0.35297953711749996,2.088941590610832,0.6667031572745262,-0.05863766843843882,-1.4961661489692617,-0.8375747024123387,0.5156539661640063,0.9437390418267099,1
-0.35297953711749996,-0.5616406207921711,1.8664947089449153,1.7628111724959221,-1.83393523914251,-0.28662559985555314,0.9958845643092967,-0.15425103040979304,0
-0.08431414044195645,0.974729397906759,0.7342888583119307,0.08825271541962876,0.07743597162916949,-1.494620981500514,0.6085569900456893,1.1748426125626588,1
-0.35297953711749996,1.3899464466686502,-0.4689970459179087,0.8895761752780078,0.8953502375035549,-1.7861409722492647,0.02093706025630515,-0.6930940553627012,0
-0.35297953711749996,2.113876036206835,0.6652585301408593,-0.024197575462241577,-1.2827525810740015,-0.5570316496640945,0.9501640119817426,0.9159759488329956,1
-0.35297953711749996,1.7398593522667893,0.6869279371458632,-0.5407989701051981,-1.609747925133155,-0.589231271950181,0.7511819054868893,0.502124951864025,1
0.17205023911212614,2.0135695758606103,1.6537674623731289,0.403273124740557,0.7709773889774663,-1.300114770709305,1.2278630741323235,0.4133174033602876,1
-0.35297953711749996,1.5902526786907711,0.6955956999478647,-0.7474395279623807,-1.716454709080785,-0.7295027983243031,0.5339268825780212,0.5160064983608821,0
-0.35297953711749996,-1.1715105731880493,0.924421883206185,-0.8864658355412589,-2.4636060319680864,-1.2875371315784405,-0.48940741920328334,0.12642036786407762,0
-0.35297953711749996,2.064007145014829,0.6681477844081932,-0.09307776141463578,-0.029270812318460737,-1.6348925078746361,0.39130196713682125,1.188724159059516,0
-0.35297953711749996,-1.7029203842434377,-0.2241810988987063,1.6606686556133183,-1.3671249648701234,-1.5086057229022827,-0.17439674128442495,0.8566568961723053,0
-0.35297953711749996,-1.0259599150088086,1.7036896884049786,-0.711748482738078,-0.5475242783812349,-1.2265444159717547,0.6151761188206427,0.005576922265299489,0
-0.35297953711749996,-1.8391241492323827,0.9620568703351499,-0.3557112814495817,-1.4321226704200438,-0.26235247059862965,0.07155888645029529,0.5224463196312195,0
-0.1997060680983879,1.7897282434587956,0.6840386828785293,-0.47191878415280386,-0.6201774772367128,-0.526705038283428,1.3463884190776516,0.7594860706943051,1
-1.5609944477656215,2.2385482641868504,0.6580353944725247,0.1480028894187439,-0.7020399673871305,-1.2271670102756858,0.4497812702287984,2.485687526618511,1
-0.35297953711749996,-0.18057378342959696,0.8600846058876161,0.08639112795092779,0.9378243365362817,-1.8230403056730453,0.7598889726036107,-0.6918149105291698,0
-0.35297953711749996,-1.602351934605329,0.946190155501735,-0.11410741953185846,-2.1221443233356707,-0.8386682471812499,0.20580865410509466,0.08199941907413477,0
-0.35297953711749996,1.6650560154787803,0.691261818546864,-0.6441192490337894,-1.7787911476633713,-0.6662924470379873,0.5402206586698711,1.4885830901916424,0
-0.1777948813507857,1.1991394082707862,0.7212872141089284,0.39821355220540255,-1.8579373646685489,-0.6708841297975568,0.5452914409659331,-0.12041414901481318,0
-0.09794310827539326,1.7149249066707863,0.6883725642795302,-0.5752390630813952,0.29422753849298644,-1.0231140807517396,1.2688931722705545,0.9325652938718717,1
-0.35297953711749996,1.8395971346508015,0.6811494286111955,-0.4030385982004097,-1.8940664539273575,-0.6423678175325187,0.5486597609720955,0.17113918734769396,0
-0.35297953711749996,-1.9974354754835386,-0.3735671246812957,-1.3315278627342104,-1.690527701252291,-0.7422223925779139,0.5317762395910421,0.5663487630582671,0
-0.35297953711749996,2.068827461286868,1.693238020938756,0.5041750723622719,-1.0784137364833863,0.10771364532621819,0.7733968169983334,1.8518936218569424,1
-0.35297953711749996,1.4905148963067592,0.7013742084825325,-0.8851998998671691,-0.43783300872000896,-1.0593828928919928,0.7892640570896368,2.2832739585295636,0
-0.35297953711749996,-1.4208550291480797,0.9388681545428543,-1.23086676530323,-1.3397213734198532,-0.925116981811127,0.5023054707108304,0.8858017157094078,0
-0.35297953711749996,1.911643842489825,2.193719496252947,0.3110220845511885,-0.7604283227020968,-1.2761921545951749,0.4519514174122039,-0.23095855815561128,1
-0.35297953711749996,-2.3563064726667773,0.9989462321140472,-0.6742064783940236,-2.2482815888523042,-0.7924278470948889,-0.9901495355881804,1.136698100480438,0
-0.35297953711749996,1.4983527554228226,0.7039516885049253,0.8114946679197677,-0.38848726422552105,-1.8278439055726916,-0.7735888775299595,1.0145754280194832,1
-0.35297953711749996,-1.2712483555720613,0.9302003917408528,-1.0242262074460473,-0.5469637215339567,-0.6966047666699935,-0.0018649694136875783,2.241152403991248,0
-0.35297953711749996,-1.5275485978173198,0.9418562741007341,-0.010787140603267131,-1.4453533500167606,-0.4592743217876542,-0.15382138625192332,0.35612477243410035,0
-0.35297953711749996,2.462958274550878,0.6450337502695224,0.45796372620451753,-1.9387151278402,-0.855624021415892,-0.7392607090324501,0.4872397361717893,0
-0.35297953711749996,-1.6959645979582096,-0.22139070992191845,0.30282865900856726,-1.9064220060824755,-0.41490693575161447,-0.3413107081991994,0.04364959424583004,0
-0.35297953711749996,-1.8798629016512305,-1.3056395717758984,-1.5485847523914735,-2.3335125319831214,-0.39374178505336205,0.5862488086978352,0.42517806210565356,0
-0.35297953711749996,2.039072699418826,0.6695924115418601,-0.12751785439083296,-1.5457238547645766,-0.5050683561257077,0.8815349192322103,0.4937960239659106,0
-0.35297953711749996,-0.4394711514606623,0.8699150300735138,-0.5292851050423212,-1.1116948373595206,-0.5016613094658229,0.09619198083970623,0.8470605113798632,0
-0.35297953711749996,-1.4457894747440827,0.9403127816765213,-1.265306858279427,-1.964644148616179,-0.811155656171679,0.32803641805706496,-0.10653260251795593,0
-0.35297953711749996,-0.9969694540160279,0.9143094932705166,-0.6453851847078793,-1.174543230189991,-1.0252216613040388,0.48794764436083504,0.5673715390633374,0
-0.35297953711749996,1.4905148963067592,0.7013742084825325,-0.8851998998671691,-0.6434519779116674,-1.5262009347915246,0.21614189892450658,0.2172467386852821,1
-0.35297953711749996,-0.3147989234806473,0.8626918944051791,-0.3570846401613356,-0.5953331834395004,-1.0868954839015639,0.6670362931376664,2.471805980121654,0
-0.35297953711749996,-0.5640912720918997,0.8869596889013392,1.3660583357753655,-2.1008029665461443,-0.8106139419064254,0.24925965868686834,0.07922310977476332,0
-0.35297953711749996,-0.960023072366007,0.9068783193859842,0.6465386127691816,0.8985731943328037,0.5854664718348448,-1.653550397809586,-0.8999471575767908,0
-0.35297953711749996,-0.7665097336142862,1.181418157345956,2.5342884474793657,-0.014657844153388444,-1.491979888277576,-0.4493215685520392,1.1777460477236854,0
-0.35297953711749996,-1.2406974549283099,0.9273858191271436,0.47085094997914867,0.14166865654407257,-1.3174501217026113,0.08686010060725197,1.15968192123227,0
-0.35297953711749996,2.288417155378857,0.6551461402051908,0.21688307537113805,-1.1556114929457848,-0.09487399229926807,0.5520475457443036,0.3196413720410317,1
-0.35297953711749996,-1.8889930404243889,0.9649461246024837,-0.42459146740197584,-0.8463032734345992,-1.6193046898192964,0.006862054675812024,0.04444525245649966,0
-0.35297953711749996,-1.1754470302113358,0.9184360905753712,0.30289592567646195,-1.4261121280388442,-0.4814303312207916,0.21920912326812234,0.3571034315370448,0
-1.7652110648810166,-0.6358752796179673,0.8880981666483141,1.0942598214597439,-1.903941269147551,-1.022765445326158,0.09726619377330598,0.5941118560519815,0
-0.35297953711749996,-1.0283449336937005,0.9092019284322916,-1.0845720332397735,-0.132599597297534,-1.584200186248228,0.39987308063508215,0.9880914798593003,0
-0.35297953711749996,2.1388104818028384,0.6638139030071923,0.010242517513955385,-0.8982812694642603,-0.22111825671757868,0.5307020266574425,0.8192974183861488,0
-0.35297953711749996,-1.8537346624133384,-0.2082500914665859,1.826129479783921,-1.958526761485864,0.026551030638189976,0.11627906175224847,0.5277523264605908,0
-0.35297953711749996,1.440646005114753,0.7042634627498663,-0.9540800858195633,-1.4331974777707666,-0.8684666569962246,0.510430720504181,1.0660048094033843,0
-0.35297953711749996,-1.0313642629556419,0.9123973320863176,-0.9160937978527434,-0.5227570480199998,0.2218314700186368,1.223464032840515,1.2027202809085786,0
-0.35297953711749996,1.6650560154787803,0.691261818546864,-0.6441192490337894,-1.295983260670718,-0.753953500853119,0.7247837392795239,0.7496544016358764,0
-0.35297953711749996,-1.3998570405753632,0.9314377347783735,-0.007064911109311844,-1.4961661489692617,-0.8375747024123387,0.5156539661640063,0.9437390418267099,0
-0.35297953711749996,0.7004504963507256,0.7501797567822669,-0.29058830731853935,-0.632889705539339,-1.3387616370710522,0.44137210049354825,0.016682159462785173,1
-0.35297953711749996,1.5232872010188256,0.7025070613712584,0.8459347608959649,-0.9577917417360757,1.201885119873547,3.140105685217639,0.40785252122472376,0
-0.35297953711749996,0.4362496780264916,-0.7342320386847416,-1.519321001049029,-1.7169058992687618,-0.7563549394712972,0.5330325231060944,-0.3922943963754668,0
0.34772413987798945,2.438023828954875,0.6464783774031893,0.42352363322832054,0.44584015830579093,-1.430866815006906,-0.038687314769774994,-1.6620436435732766,1
-0.35297953711749996,1.5154493419027621,0.6999295813488655,-0.850759806890972,-1.2629761470289567,-0.8749275289224533,0.5867534127490726,1.3080929084230377,0
-0.35297953711749996,1.8395971346508015,0.6811494286111955,-0.4030385982004097,-1.233014589472223,-0.7848454554370049,0.7195604936196984,0.8719201692125507,1
-0.35297953711749996,-1.6645830300603615,0.9519444803994814,-0.11463063061620199,0.3441502531869456,-1.8612008762057934,0.3588429824968511,0.4688435893477163,0
-0.35297953711749996,1.049532734694768,0.7299549769109299,0.19157299434822,-1.903941269147551,-1.022765445326158,0.09726619377330598,0.5941118560519815,1
-0.35297953711749996,1.6401215698827774,0.692706445680531,-0.6785593420099865,-0.9987691883618351,-0.7071434115387604,0.926236199609911,1.1056793403340899,0
-0.35297953711749996,-1.0972436424014156,1.552269012766562,-0.8116405033402805,-2.2551872891786355,-0.569669462723027,0.3994378106335469,1.3103347048891738,0
-0.35297953711749996,-1.3660716850677193,-1.1531553290213268,-2.7502007046408776,-2.250770040754645,-0.8155663177418974,0.1273106713176131,1.1624035300098743,0
-1.618610421246454,1.024598289098765,0.7313996040445969,0.15713290137202301,0.07239936324959895,-1.8917247380965896,-0.9618233487811074,0.27983465270788194,1
-0.35297953711749996,-1.5245292685553782,0.9386608704467082,-0.17926537599029735,-1.3836380290061174,-0.5183296646445721,0.9581610356154279,0.3583825763705764,0
-0.35297953711749996,-1.3533233936958367,-0.24816768176514736,0.3802432051196294,-1.233014589472223,-0.7848454554370049,0.7195604936196984,0.8719201692125507,0
-0.35297953711749996,-1.5205928115320917,0.9446466630775221,-1.3686271372080183,-2.554158819556462,-0.8637661287306694,-0.07378168546145591,0.6462776325346673,0
-0.35297953711749996,-1.827203767602948,-0.3119246358130987,1.7324083381375135,-2.445790576106822,-0.4979079870025047,-0.7474876753966662,0.6997882512038124,0
-0.35297953711749996,2.064007145014829,0.6681477844081932,-0.09307776141463578,0.07743597162916949,-1.494620981500514,0.6085569900456893,1.1748426125626588,1
-0.35297953711749996,-1.7643208124443737,0.9577229889341491,-0.2523910025209903,0.07743597162916949,-1.494620981500514,0.6085569900456893,1.1748426125626588,1
-1.0520533486849344,-1.7339820189015376,1.7475707181191433,-0.013605594430127987,-0.5367451939640373,-1.3859294084174025,0.4333969218333747,0.20336519218842497,0
-0.1997060680983879,1.6899904610747833,0.6898171914131971,-0.6096791560575923,-0.5953331834395004,-1.0868954839015639,0.6670362931376664,2.471805980121654,1
-0.2628186729886105,2.363220492166866,0.65081225880419,0.32020335429972935,-1.7426324566556795,-0.3007644261881095,0.9893660095424901,1.050451495273028,0
-1.5609944477656215,1.290208664284638,-0.46321853738324115,0.7518158033732194,-1.4961661489692617,-0.8375747024123387,0.5156539661640063,0.9437390418267099,1
-0.35297953711749996,1.7897282434587956,0.6840386828785293,-0.47191878415280386,-0.4300384100164073,-1.2456578820432804,0.6506519447422427,0.18948364569156784,1
-0.35297953711749996,2.1388104818028384,0.6638139030071923,0.010242517513955385,-1.174543230189991,-1.0252216613040388,0.48794764436083504,0.5673715390633374,1
-0.35297953711749996,-1.4707239203400857,0.9417574088101882,-1.2997469512556241,-1.800590349576444,-0.6990181423474211,0.540534511178745,-0.009063906346282402,0
-0.35297953711749996,-2.2565686902827653,0.9931677235793794,-0.5364461064892352,-1.5970515969013774,-0.7988727173928163,0.5236509897976915,0.3861456693642908,0
-0.35297953711749996,-1.2028860528657217,0.9193143183679601,-1.3256526840731533,-1.5970515969013774,-0.7988727173928163,0.5236509897976915,0.3861456693642908,0
-0.35297953711749996,-2.105066893080334,-1.1014388648654436,-1.749541438535064,-1.9514134690194624,-0.6142338049826545,0.5534166907592836,0.05978894467916318,0
-0.35297953711749996,-1.9418812608783367,0.9710307825238436,-0.32499341796733977,-1.1702244611108572,-0.23778661189632788,1.392671081433164,0.33061948337686203,0
-0.35297953711749996,-1.1126490752039666,0.9187414858420115,0.6083762902990293,-1.126307805524593,-0.6445739290628828,0.9368155165285666,0.8580386227156935,0
-0.35297953711749996,2.125231523176859,-1.4173235071840962,-1.2076649451965862,1.21413644920638,0.6278611904617157,-1.4973575281992484,0.9808701745342537,1
-0.35297953711749996,1.465580450710756,0.7028188356161994,-0.9196399928433662,-1.3056588606080088,-0.9310361394721022,0.4998514035855254,1.3136455270217806,0
-0.35297953711749996,-1.782289052797943,-0.5391987330484085,-1.0032513141650896,-1.1747924469385196,-0.38859673501694036,0.050213367363434125,1.0221023659763366,0
-0.35297953711749996,1.71409423941669,-0.4877771986555788,1.33729738396857,-2.216931792318111,-0.4533188913410943,0.5764964148929953,0.5716547698876384,0
-0.35297953711749996,-0.777623413874771,1.6843549597756833,-0.6375639730979196,-0.132599597297534,-1.584200186248228,0.39987308063508215,0.9880914798593003,1
-0.35297953711749996,-0.5392089338446746,0.8756935386081814,-0.6670454769471095,-1.4331974777707666,-0.8684666569962246,0.510430720504181,1.0660048094033843,0
-0.35297953711749996,-1.4900419108883403,0.9418320904638129,0.12645002021717772,-1.2121827562570953,-0.9876864642870046,0.49172615379217477,1.1334424333278044,0
-0.35297953711749996,-2.6812849326689134,-0.15842337808339169,0.7906087599653795,-1.6390098920476157,-1.5487725697834929,-0.3772939378432977,1.188968619315233,0
-0.35297953711749996,1.7647937978627926,0.6854833100121963,-0.506358877129001,-1.5970515969013774,-0.7988727173928163,0.5236509897976915,0.3861456693642908,1
-0.35297953711749996,-0.9286071513096883,0.9034234198976239,-0.9468116613349852,0.12293511134334567,-0.48653468576295666,0.6634341120490423,0.23118132459638496,0
-0.35297953711749996,1.9393349170348138,0.6753709200765278,-0.2652782262956213,-1.1989520766603787,-0.7907646130979801,0.7171064264943934,1.2997639805249235,1
-0.35297953711749996,-1.4651074652923373,0.9403874633301459,0.16089011319337493,0.8922971410901686,-1.0169306247381231,0.6044945613523312,0.3884577455276002,0
-0.35297953711749996,1.4896842290526624,-0.47477555445257646,1.0273365471827962,-1.524586333228942,-0.053147699486165934,1.4224367823947561,0.004262758691734536,1
-0.35297953711749996,1.215405327496629,-0.4588846559822404,0.6484955244446281,-1.2827525810740015,-0.5570316496640945,0.9501640119817426,0.9159759488329956,1
-0.35297953711749996,2.113876036206835,0.6652585301408593,-0.024197575462241577,-1.1747924469385196,-0.38859673501694036,0.050213367363434125,1.0221023659763366,1
-0.09794310827539326,1.6151871242867744,0.6941510728141979,-0.7129994349861837,0.3952016239882372,0.04223177414851975,0.015609976873924347,0.1832247659853954,1
-0.35297953711749996,-1.9419738096057606,0.9697717236909378,-0.36000020102995095,-1.733001800285018,-0.7053230591541333,-0.20717567275626325,0.5650696182247356,0
-0.35297953711749996,1.6650560154787803,0.691261818546864,-0.6441192490337894,-1.013822524624993,0.6462699028412324,-0.04609492215583677,-0.13423861997677689,0
-0.35297953711749996,-1.6895174756563645,0.9533891075331483,-0.1490707235923991,-1.0177585461836212,-1.1499478901768643,0.47329693649906507,-0.7306146045007282,0
-0.35297953711749996,0.9909953171326015,-0.44588301177923806,0.3385346876588542,-0.4376243941736837,-0.9663749489185635,0.13721415390587852,2.276442195097289,1
-0.35297953711749996,-1.4707239203400857,0.9417574088101882,-1.2997469512556241,-2.391471284406699,-1.3722417616681675,-0.5409836735784076,-0.05100641653052729,0
-0.35297953711749996,-2.2638403916185315,-0.18953423132762137,0.9713435850050329,-1.690527701252291,-0.7422223925779139,0.5317762395910421,0.5663487630582671,0
-0.35297953711749996,-1.2447247390162441,0.9256927654885434,0.3691127652443664,-1.0495625791336967,-0.5943844761742092,1.0212634585668088,1.2803298154293232,0
-0.35297953711749996,2.113876036206835,0.6652585301408593,-0.024197575462241577,-1.7378394739690526,-0.6911108285121226,0.536661004782574,1.4096365150973373,0
-0.35297953711749996,-0.8787382601176822,0.9005341656302901,-0.877931475382591,-0.46215885122313094,-1.1143271948724571,0.7889801371477372,-0.005528314932186196,0
-0.35297953711749996,-1.3912070179646019,0.9352695094370018,-1.297429020722996,-2.390105020516727,-0.7516286149064115,0.13871640766022408,0.7437463287063408,0
-0.35297953711749996,1.1492705170787803,0.7241764683762623,0.32933336625300846,0.2792101095492481,1.7805864432614404,-0.6935920184421662,1.0613705937065754,0
-0.35297953711749996,-1.5897796932723525,0.9476105989984807,-0.011310351687610687,-0.28830947395318096,-0.8533597709778078,-0.024348045557033515,1.7425191336512014,0
-0.35297953711749996,-1.2503353671505502,-0.34657225750423537,2.4898553520289415,-2.643758928108631,-1.0144049968375828,-0.29252367674247703,0.6271809558750672,0
-0.35297953711749996,-0.5142744882486716,0.8742489114745146,-0.6326053839709125,-1.780474000156929,-0.29679141881062965,0.24897482422971434,0.03074670685191727,0
-0.35297953711749996,-1.0283449336937005,0.9092019284322916,-1.0845720332397735,-1.4121034759153261,-1.2911308442331115,0.05553650703325563,0.6416845613424684,0
-0.35297953711749996,-2.4663352856484972,-0.1747818106042599,0.8643010765824863,-1.8940664539273575,-0.6423678175325187,0.5486597609720955,0.17113918734769396,0
-0.35297953711749996,-2.441400840052494,-0.1762264377379269,0.8987411695586833,-2.40476932202978,-0.6673859918068984,0.23037534661095943,0.6268434674390672,0
-0.35297953711749996,-1.9074864519387225,0.9729429437080426,-0.05428480482247583,-2.1953866002746936,-0.8491309374309871,0.12249656089399683,1.0556354165630717,0
-0.2445418776632581,1.5902526786907711,0.6955956999478647,-0.7474395279623807,-1.3056588606080088,-0.9310361394721022,0.4998514035855254,1.3136455270217806,1
-0.35297953711749996,-1.3709861379560735,0.9359789002755204,-1.161986579350836,-1.3056588606080088,-0.9310361394721022,0.4998514035855254,1.3136455270217806,0
-0.35297953711749996,2.338286046570863,0.652256885937857,0.28576326132353225,-0.19144960158374635,-0.6347629119775041,0.4697686564401603,-0.049822137860473736,1
-0.35297953711749996,1.465580450710756,0.7028188356161994,-0.9196399928433662,-0.871647288363899,0.5470912423253291,1.433289520056231,0.34842427120321745,1
-0.35297953711749996,1.8645315802468045,0.6797048014775285,-0.3685985052242126,-1.5376131775717674,-0.6739359020399078,0.6996056511117652,0.32469816746941993,0
-0.35297953711749996,-1.9771992857994714,-0.2082902004283701,1.2818276328751503,-1.6257792124508992,-1.3518507185944686,-0.15191366514107896,1.355290166512352,0
-0.35297953711749996,1.6899904610747833,0.6898171914131971,-0.6096791560575923,-1.4819471393300843,-0.8716239328129458,0.5135427149248321,0.06392315730625198,1
-0.35297953711749996,-1.2463139099760583,0.9287557646071858,-0.9897861144698502,-2.1648270369147227,-0.8947768577308987,0.11890664494154743,0.08755203767287756,0
-0.35297953711749996,1.7647937978627926,0.6854833100121963,-0.506358877129001,-1.2121827562570953,-0.9876864642870046,0.49172615379217477,1.1334424333278044,0
-0.35297953711749996,-0.13070489223759094,0.8571953516202823,0.155271313903322,-2.0462009380019026,-0.22888444914249895,0.9241044515471842,0.549444295492667,0
-0.35297953711749996,1.7897282434587956,0.6840386828785293,-0.47191878415280386,-1.716454709080785,-0.7295027983243031,0.5339268825780212,0.5160064983608821,0
-0.35297953711749996,1.9393349170348138,0.6753709200765278,-0.2652782262956213,-0.46446861656722016,0.033408032935291265,0.895717433468114,1.5170394549578947,1
-0.09794310827539326,1.7647937978627926,0.6854833100121963,-0.506358877129001,-1.126307805524593,-0.6445739290628828,0.9368155165285666,0.8580386227156935,1
-0.35297953711749996,-2.215963993456052,-2.0339830781407375,-0.7211544343854916,-1.3056588606080088,-0.9310361394721022,0.4998514035855254,1.3136455270217806,0
-0.35297953711749996,-1.8245732829615116,-0.22015336688439757,1.3199899553453027,-2.378240604809983,-1.175319910479143,-0.31560340087618877,0.11531513066659194,0
-0.35297953711749996,2.512827165742884,0.6421444960021885,0.5268439121569117,-2.537052144161001,-0.8741334704634607,-0.07526865383360898,0.61329940937821,0
-0.35297953711749996,-1.5205928115320917,0.9446466630775221,-1.3686271372080183,-2.121817779040269,-1.4611115159683612,-0.5618570184529504,1.927897307870999,0
-0.35297953711749996,-1.652220825797335,0.9490794097690688,-0.18298760548425258,-1.6872065103523408,-0.4464496875989615,0.892899477620122,-0.14262462340978466,0
-1.5609944477656215,2.1814305875964237,1.591146554446603,0.6046601335046747,1.5292839030355774,-0.940689492112628,1.3250154261665223,-0.7642246356556055,1
-0.35297953711749996,-1.9388619316163953,0.9678353788698175,-0.49347165335437004,-1.7037583808490075,-0.9391442437669384,0.3063959668888235,0.4000272158611479,0
-0.35297953711749996,-0.9535415969056913,0.9048680470312909,-0.9812517543111822,1.9624180769798554,-0.3834257085080435,2.1934872893449864,-0.831909520331273,0
-0.35297953711749996,-1.3211172467640675,0.9330896460081867,-1.0931063933984415,-1.6618637591300507,-0.7298855810820065,0.5303071441983677,1.5068273234626959,0
-0.35297953711749996,-1.5899168007723354,-0.33155315364161764,0.21142544789478807,-0.7988197752299077,0.5432786035801518,2.448505206380613,1.2874789059249943,0
-0.35297953711749996,1.41571155951875,0.7057080898835333,-0.9885201787957604,-1.4625011651919584,-0.3187667202326098,0.12566274971991798,0.5276075587287223,0
-0.35297953711749996,-1.0532793792897035,0.9106465555659585,-1.1190121262159707,-0.7118926480152903,-1.2331250134641802,0.4502271339337087,2.1048517537243194,0
-0.35297953711749996,-0.9067845837030508,0.9039151375850772,-0.7789001160343688,0.200052995481949,0.8982844418794069,0.8480821126444761,1.2500114724617286,0
-0.1904803052572922,-0.5795249129656456,0.883198640026287,-0.46465035966822577,-0.8053687523662038,-1.1764746886492778,0.4583523837270593,2.2850548474182957,0
-0.35297953711749996,1.8395971346508015,0.6811494286111955,-0.4030385982004097,-0.3574476147202429,-1.0380527703896762,0.8724782618916063,1.8052084133699513,0
-0.35297953711749996,-1.6869719911661332,-0.22418185301875804,1.7287905988964614,-1.716454709080785,-0.7295027983243031,0.5339268825780212,0.5160064983608821,0
-0.35297953711749996,2.117267516804914,2.0739976944824865,0.7920090995706837,0.3441502531869456,-1.8612008762057934,0.3588429824968511,0.4688435893477163,1
-0.35297953711749996,1.7398593522667893,0.6869279371458632,-0.5407989701051981,0.557563821082206,-1.5806578234575492,0.7933530283145873,0.441080496354002,1
0.17205023911212614,1.6650560154787803,0.691261818546864,-0.6441192490337894,0.557563821082206,-1.5806578234575492,0.7933530283145873,0.441080496354002,1
-0.35297953711749996,2.039072699418826,0.6695924115418601,-0.12751785439083296,-1.1160382446817936,-1.0348542356333548,0.4837509751320012,1.320125466053444,1
-0.35297953711749996,-2.013665268404404,0.9721692602708184,-0.5967919322829613,-1.9893066963056554,-1.1349826664254559,-0.07653782455378855,0.6052170932494672,0
-0.35297953711749996,2.1637449273988416,0.6623692758735255,0.0446826104901526,-1.7193612027161178,-0.6950397894457893,0.5353050107104558,1.6176708089251162,0
-1.3708617352788743,-1.4995948229593752,0.9372162433130413,-0.14482528301410028,-1.001002840433063,-1.0811196853736045,0.5623495886495914,-0.7865094877968559,0
-0.35297953711749996,-1.7643208124443737,0.9577229889341491,-0.2523910025209903,-1.9458995642937893,-1.772665297716835,-0.8036787338676834,1.3969348060029236,0
-0.35297953711749996,-0.8830738169410891,0.30053158216990794,-1.092897320562976,-0.9555769512083848,-0.42013948686428737,1.2844235531827555,0.8358281483207219,0
-0.35297953711749996,1.6650560154787803,0.691261818546864,-0.6441192490337894,-0.570861182615503,-1.3185958231379207,0.4379682160738701,1.8329715063636656,1
-0.35297953711749996,-1.5205928115320917,0.9446466630775221,-1.3686271372080183,-1.9292360443601364,-0.9777274543701174,0.10048736719230958,1.638611950762031,0
-0.35297953711749996,1.6151871242867744,0.6941510728141979,-0.7129994349861837,-0.7502740605059339,0.029271111798157,1.9008628671209369,0.9771629118234982,0
-0.35297953711749996,-1.4087975400186616,0.944050401034704,0.6345170547014661,-1.6824170240594816,-0.9110899384921141,0.3498469714705971,0.3972509065617765,0
-0.35297953711749996,1.7647937978627926,0.6854833100121963,-0.506358877129001,-1.174543230189991,-1.0252216613040388,0.48794764436083504,0.5673715390633374,0
-0.35297953711749996,-1.2166658987925805,0.9251571195013333,-1.0563483698896161,-2.1648270369147227,-0.8947768577308987,0.11890664494154743,0.08755203767287756,0
-0.2794180568883091,1.2774603729127554,-1.368206184639421,-2.3786281063872874,-1.981587853109803,-0.5715297143644916,0.5568799110927141,0.9363522277845329,0
-0.1829668999132181,-0.30826534067155364,0.8705031452099767,0.0826688984569725,-2.005432851408661,-0.5570786746231475,0.5589525966078582,0.9823205797223805,0
-0.35297953711749996,-1.3655817900092404,1.7272712565941817,-0.9576412642361705,-2.194218130395532,-0.07956418903850415,-1.52943121043151,0.5766291048916015,0
0.17205023911212614,1.7983579374863812,-1.0250890686700305,-1.4441389188625018,-0.757511972704786,-0.08676588800443163,0.7455029824410054,1.2332596832016645,1
-0.35297953711749996,2.014138253822823,0.671037038675527,-0.16195794736703006,-0.7604283227020968,-1.2761921545951749,0.4519514174122039,-0.23095855815561128,0
-0.35297953711749996,-2.216990829688467,-0.18922808194092933,1.2087020063444573,-1.716454709080785,-0.7295027983243031,0.5339268825780212,0.5160064983608821,0
-0.35297953711749996,-2.4770958023134146,-0.17213441312491273,0.9651271553789933,-2.1648270369147227,-0.8947768577308987,0.11890664494154743,0.08755203767287756,0
-0.35297953711749996,-1.4457894747440827,0.9403127816765213,-1.265306858279427,-2.2847645004590693,-1.2319702352940451,-0.32372865066953926,-0.06488796302738442,0
-0.35297953711749996,2.113876036206835,0.6652585301408593,-0.024197575462241577,-1.4331974777707666,-0.8684666569962246,0.510430720504181,1.0660048094033843,0
-0.35297953711749996,-1.7393863668483707,0.9562783618004822,-0.2179509095447932,-1.4901361984074222,-0.5655932470452649,0.08885610952280149,0.3654323594351591,0
-0.35297953711749996,-0.95405634910925,0.9086298500263948,0.7813349978492661,-1.9731526999464006,-0.5709401372035625,0.5563429320969069,1.1111928114231997,0
-0.35297953711749996,-1.2961828011680643,0.9316450188745197,-1.0586663004222445,-2.023878732691898,-1.3599588228893047,-0.3453691018377808,0.44167185535171943,0
-0.35297953711749996,-0.9286071513096883,0.9034234198976239,-0.9468116613349852,-0.5894888538395635,-0.9587497684231501,0.14750955088263462,-0.2600007959828572,0
-0.35297953711749996,-0.914056285038817,-0.27878681732192356,0.7288895754598991,-2.0007732378749874,-0.7826393439066408,0.3314047380632274,0.1850207338445512,0
-0.35297953711749996,1.98920380822682,0.672481665809194,-0.1963980403432271,-0.9316687005927033,-1.7315219109185942,-0.16694196365128244,0.05555048965398535,1
-0.35297953711749996,-1.5526889285447485,-0.769876487266673,-2.7670651713214203,-1.6229786047298713,-0.7861531231392055,0.5258016327846707,0.3358034046669057,0
-0.35297953711749996,1.6650560154787803,0.691261818546864,-0.6441192490337894,0.18414275557679938,-1.3543494551263917,0.8258120129545575,1.1609610660658016,1
-0.35297953711749996,-1.1031482704817095,0.9135358098332924,-1.1878923121683649,-1.6028729329168918,-0.9778462287864608,0.29839894325513827,0.9576205883235671,0
-0.35297953711749996,1.98920380822682,0.672481665809194,-0.1963980403432271,-0.38593244984596775,-0.8963863365287372,-0.019379401281651942,-1.4943976176395752,0
0.17205023911212614,1.7149249066707863,0.6883725642795302,-0.5752390630813952,0.5076411063882467,-0.7425710280034952,1.7034032180882908,0.9048022008781573,1
-0.35297953711749996,-0.7112437542955363,0.8919241257100474,-0.5701107738969633,-1.716454709080785,-0.7295027983243031,0.5339268825780212,0.5160064983608821,0
-0.35297953711749996,2.113876036206835,0.6652585301408593,-0.024197575462241577,-0.4433857198063549,-1.3839220145835,0.4272981940854524,1.9870542562784643,1
-0.35297953711749996,1.8344525875399689,0.20488235949435768,-0.9437077513569437,0.36948657805807983,-0.9870023933307366,0.33279651391988607,1.1277724803349995,1
-0.1829668999132181,-0.6140122706326837,0.8800274200091822,-0.7703657558757009,0.3584602234078895,-0.8459432209538369,0.7471962828321173,0.917404602541483,0
-0.35297953711749996,-1.3211172467640675,0.9330896460081867,-1.0931063933984415,-1.6748708027705574,-0.7220027830960086,0.5314377591227486,1.5319022826740116,0
-0.35297953711749996,-1.3959205835520765,0.9374235274091874,-1.196426672327033,-1.6390098920476157,-1.5487725697834929,-0.3772939378432977,1.188968619315233,0
-1.618610421246454,1.1742049626747832,0.7227318412425954,0.36377345922920545,0.5046901625920035,-2.3803040892776295,-0.1085828905748531,-0.6241300258535021,1
-0.35297953711749996,1.7149249066707863,0.6883725642795302,-0.5752390630813952,0.8890431993497969,-1.782318650357361,0.021485288713313733,-0.6809353566744623,1
-1.5539524954512973,0.05921776045939836,0.8410224874001753,0.15951675448162073,-1.4756062041154456,-0.19422628468449799,1.2387638740297122,1.5179520316920447,0
-0.35297953711749996,1.0065032496740947,-2.1009448498373477,-0.5928144969583031,-1.716454709080785,-0.7295027983243031,0.5339268825780212,0.5160064983608821,0
-0.35297953711749996,1.6650560154787803,0.691261818546864,-0.6441192490337894,0.07743597162916949,-1.494620981500514,0.6085569900456893,1.1748426125626588,0
-0.35297953711749996,-0.5545904673696426,0.88175401289262,-0.43021026669202866,-0.8307727721996397,-0.43313451822545684,0.20153430954718266,0.512363858438804,0
-0.08431414044195645,1.6352099182092965,0.8105903211477876,-0.8766784984112819,-1.3213270275298445,-1.0780679131312536,0.40803537850375926,-1.2316218042810891,1
-0.35297953711749996,-1.2782041418572896,0.9274100027640649,0.33361378915870377,-2.167286270582117,-0.904362030166944,0.1187392228804737,-0.27892793811634076,0
-0.35297953711749996,1.7149249066707863,0.6883725642795302,-0.5752390630813952,0.4200212136010253,0.9529405976962873,2.6348893498356887,-1.0290520660375495,0
-0.35297953711749996,1.215405327496629,-0.4588846559822404,0.6484955244446281,-2.320893589717878,-1.203453923029007,-0.32036033066337677,0.2266653733351227,0
-0.35297953711749996,1.7398593522667893,0.6869279371458632,-0.5407989701051981,-0.9626322292311112,-0.13621707054172816,1.6019290807083468,0.8743313093424241,0
-0.35297953711749996,1.0994016258867743,0.7270657226435961,0.26045318030061415,-0.029270812318460737,-1.6348925078746361,0.39130196713682125,1.188724159059516,1
-0.35297953711749996,-1.7673401417063153,0.960918392588175,-0.08391276713396018,-1.9191939826115751,-0.6036413166636958,0.5516526632852289,1.007171277117579,0
-0.35297953711749996,-0.8224283348440066,0.9041971033348482,-0.40430453387449955,-1.023697339845187,0.26587227504759303,-0.4974884893546262,0.2887340487275107,0
-0.35297953711749996,-0.5400612871835234,0.8778021177906072,-0.5654163693047376,-1.4331974777707666,-0.8684666569962246,0.510430720504181,1.0660048094033843,1
-0.35297953711749996,1.5902526786907711,0.6955956999478647,-0.7474395279623807,-1.7158224764648762,-0.6971844016218732,0.5349974130100458,1.6108488577683167,0
-0.35297953711749996,1.7149249066707863,0.6883725642795302,-0.5752390630813952,-0.48862639949187037,-0.9466239575274416,0.8842913160465347,2.4579244336247967,0
-0.35297953711749996,1.365842668326744,0.7085973441508671,-1.0574003647481547,-0.132599597297534,-1.584200186248228,0.39987308063508215,0.9880914798593003,0
-0.35297953711749996,1.024598289098765,0.7313996040445969,0.15713290137202301,-1.2279935954412577,-0.46088785472125265,0.1052785820667288,0.07552421767409223,1
-0.35297953711749996,1.9393349170348138,0.6753709200765278,-0.2652782262956213,-1.4961661489692617,-0.8375747024123387,0.5156539661640063,0.9437390418267099,0
-0.35297953711749996,2.088941590610832,0.6667031572745262,-0.05863766843843882,-1.716454709080785,-0.7295027983243031,0.5339268825780212,0.5160064983608821,1
-0.35297953711749996,-1.6147141388683555,0.9490552261321475,-0.04575044466380779,-1.716454709080785,-0.7295027983243031,0.5339268825780212,0.5160064983608821,0
-0.35297953711749996,1.8395971346508015,0.6811494286111955,-0.4030385982004097,0.18414275557679938,-1.3543494551263917,0.8258120129545575,1.1609610660658016,1
-0.35297953711749996,-1.8640585948283859,0.9635014974688167,-0.3901513744257788,-1.3426683843193707,-1.106122218406078,0.36458437392198567,-1.2288454949817178,0
-0.35297953711749996,-0.9462395160332406,0.6528797155184879,1.219986912522027,-0.7118926480152903,-1.2331250134641802,0.4502271339337087,2.1048517537243194,1
-0.25411710121803166,2.088941590610832,0.6667031572745262,-0.05863766843843882,-1.716454709080785,-0.7295027983243031,0.5339268825780212,0.5160064983608821,0
-0.35297953711749996,-2.206699799090759,0.9902784693120457,-0.46756592053684104,-1.690527701252291,-0.7422223925779139,0.5317762395910421,0.5663487630582671,0
-0.3322215707250347,-2.1817653534947556,0.9888338421783787,-0.4331258275606439,-2.484947388757613,-1.315591436853265,-0.532858423785057,0.12919667716344907,0
-0.35297953711749996,1.0657986539206106,-0.4502168931802386,0.4418549665874455,-2.193086794019253,-0.4677699310824385,0.5744237293778512,0.5256864179497908,0
-0.35297953711749996,-1.1280827160777127,0.9149804369669593,-1.222332405144562,-1.609747925133155,-0.589231271950181,0.7511819054868893,0.502124951864025,0
-0.35297953711749996,0.9497949523107558,0.7357334854455977,0.05381262244343171,-0.9008884417204707,-2.594155176141907,-1.1643630843087682,1.088038614636672,1
-0.35297953711749996,1.1794263121505941,-0.9951040254191408,-2.561476608322776,-1.7787911476633713,-0.6662924470379873,0.5402206586698711,1.4885830901916424,0
-0.35297953711749996,1.6899904610747833,0.6898171914131971,-0.6096791560575923,-1.716454709080785,-0.7295027983243031,0.5339268825780212,0.5160064983608821,0
-1.4233562888947437,1.5154493419027621,0.6999295813488655,-0.850759806890972,-1.1054759723094651,-0.8474149379128825,0.7089811767010428,1.119560886830947,0
-0.35297953711749996,-2.04647699460438,-0.20103352551519793,1.3480444724430547,-2.2607623749330306,-0.8477117053520417,0.12686447267382428,-0.09872484442236429,0
-0.35297953711749996,-1.9418812608783367,0.9710307825238436,-0.32499341796733977,0.12580543353471296,-1.1043302642689439,-0.06034427250566465,0.9441890364322528,0
-0.08431414044195645,2.113876036206835,0.6652585301408593,-0.024197575462241577,-1.1160382446817936,-1.0348542356333548,0.4837509751320012,1.320125466053444,1
-0.35297953711749996,-1.0782138248857065,0.9120911826996254,-1.1534522191921677,-0.029270812318460737,-1.6348925078746361,0.39130196713682125,1.188724159059516,0
-1.5539524954512973,-0.5345139731156706,-0.29753343081475603,1.4150280885993516,-1.5099733650638696,0.08976492011089376,0.5818132467058956,-0.00671535264409584,0
-1.4233562888947437,1.9642693626308168,0.6739262929428609,-0.2308381333194242,-1.4415641204250198,-0.25584520964841206,1.1904987590243223,1.4139602275446137,0
-0.35297953711749996,-1.7122187991854176,-2.871799857403864,-1.6386150927602379,-0.892062404414205,-0.5668718851646383,1.143491222518779,1.0917977938372327,0
-0.35297953711749996,-1.9139274860203919,0.9663907517361506,-0.45903156037817305,-2.114033646142861,-1.00753579309545,0.023879385984649615,-0.0870984374223559,0
-0.35297953711749996,1.6401215698827774,0.692706445680531,-0.6785593420099865,0.7916076529456053,0.28591586645031253,2.9930063729002527,1.8698019369009666,1
-0.35297953711749996,1.7767141794922279,-0.588498196136052,1.581760742458094,-0.9787613143274543,-0.6901056083684566,0.18247282844381918,1.587425846545125,1
-0.35297953711749996,-0.6921514300434516,0.8649837882652402,-0.2637563784111682,-1.5512924659217715,-1.8513055220474748,-0.6129781780452755,-0.6612068720164423,0
-0.35297953711749996,1.5766737200647918,-1.385541710243424,-1.9653469906729224,-1.7399145281100123,-0.7179935882647077,0.5358728724741465,0.4704547545139052,0
-0.35297953711749996,0.4765782180926513,0.9039451408249286,-0.9778792991194332,-0.9852763401248057,-0.7300447387366231,0.9245565986687281,0.5861583753550398,1
-0.35297953711749996,-1.4707239203400857,0.9417574088101882,-1.2997469512556241,-1.716454709080785,-0.7295027983243031,0.5339268825780212,0.5160064983608821,0
-0.1904803052572922,-0.9815879204910598,0.908249018986078,-0.8822203949629601,-1.3397213734198532,-0.925116981811127,0.5023054707108304,0.8858017157094078,0
-0.35297953711749996,1.340908222730741,0.7100419712845341,-1.0918404577243517,-0.5311004985245971,-0.9097246241036611,0.1453394036992291,2.4566452887912655,0
-0.35297953711749996,1.8395971346508015,0.6811494286111955,-0.4030385982004097,-1.932201026252082,-0.5957585186776979,0.5527832782096098,1.0322462363288947,0
-0.35297953711749996,-0.48990872061488133,1.8555347080384497,-0.032934218887128414,0.9310902432102104,-0.37244877050753694,2.3465971733166344,1.0637902405878013,1
-0.35297953711749996,-1.963796377212398,0.9692800060034845,-0.5279117463305671,-1.4318734536715154,-0.8989773968857281,0.5092931634476962,0.0677154927182203,0
-0.35297953711749996,0.08897977431175313,0.8157274914682345,-0.9260548747815942,0.6143478903358768,-0.6022995016293732,1.9206582409971589,0.8909206543813002,0
-0.35297953711749996,1.7647937978627926,0.6854833100121963,-0.506358877129001,-0.8264066086783837,0.10979318526927073,0.9762963980951488,-0.1224459061431149,0
-0.35297953711749996,-1.9669082552017638,0.9712163508246048,-0.394440294006148,-1.1160382446817936,-1.0348542356333548,0.4837509751320012,1.320125466053444,0
-0.35297953711749996,1.8395971346508015,0.6811494286111955,-0.4030385982004097,-1.4331974777707666,-0.8684666569962246,0.510430720504181,1.0660048094033843,1
-0.35297953711749996,-0.5586177514575767,0.8800609592540198,-0.5319484514268109,-1.1116948373595206,-0.5016613094658229,0.09619198083970623,0.8470605113798632,0
-0.35297953711749996,1.6151871242867744,0.6941510728141979,-0.7129994349861837,-0.6651559882819155,-0.3092301596142568,1.5763216673953322,0.5445137358644683,0
-0.35297953711749996,-1.2042314723233771,-0.2530736415720447,2.34947051513726,-1.8365960078790229,-0.6428298245227324,0.5887424455477066,-0.12319045831418463,0
-0.35297953711749996,-2.3064375814747713,0.9960569778467133,-0.6053262924416294,-1.6953171875451503,-0.27758214168476136,1.074828745740567,0.026473233086706016,0
3.141592653589793,2.1886793729948444,0.6609246487398586,0.0791227034663497,0.8985731943328037,0.5854664718348448,-1.653550397809586,-0.8999471575767908,1
-0.35297953711749996,1.7149249066707863,0.6883725642795302,-0.5752390630813952,-0.8996635580326161,-0.1671090251256141,1.5967058350485215,0.9965970769190983,0
0.17205023911212614,2.088941590610832,0.6667031572745262,-0.05863766843843882,0.7628915392257798,1.14726219489471,-1.18629744740998,2.080972592603044,1
-0.35297953711749996,-2.3064375814747713,0.9960569778467133,-0.6053262924416294,-1.4963487831453872,-1.2375341185374866,-0.9572114460415162,1.161332652183174,0
-0.17202877957510088,1.6151871242867744,0.6941510728141979,-0.7129994349861837,0.2908495395244295,-1.2140779287522698,1.0430670358634255,1.1470795195689443,1
-0.35297953711749996,-2.057093125514741,0.9816107065100441,-0.26092536267965827,-1.5385802376191453,-1.0392489232598503,0.29203814053882804,0.08159703921507755,0
-0.35297953711749996,1.7398593522667893,0.6869279371458632,-0.5407989701051981,-1.4330248558638385,-0.4941008603313658,0.9622576684985321,0.26248856782621455,1
-0.35297953711749996,-0.8885852511308424,-0.4024565170656349,-1.9014310180003224,-1.3397213734198532,-0.925116981811127,0.5023054707108304,0.8858017157094078,0
-1.3036430995512363,1.7897282434587956,0.6840386828785293,-0.47191878415280386,-1.3478320506126624,-0.756249435896927,0.6842347388312755,1.0548995722058985,1
-0.35297953711749996,-1.3280730330492956,0.9302992570313988,0.26473360320630956,-0.9750067792820064,-1.1203250453070952,0.4714920572721626,1.0482452186927902,0
-0.35297953711749996,-2.106962016706747,0.9844999607773779,-0.3298055486320525,-0.029270812318460737,-1.6348925078746361,0.39130196713682125,1.188724159059516,0
-0.35297953711749996,2.1388104818028384,0.6638139030071923,0.010242517513955385,-1.9514134690194624,-0.6142338049826545,0.5534166907592836,0.05978894467916318,0
-0.35297953711749996,1.5902526786907711,0.6955956999478647,-0.7474395279623807,-1.4331974777707666,-0.8684666569962246,0.510430720504181,1.0660048094033843,0
-1.3638197829645502,1.8395971346508015,0.6811494286111955,-0.4030385982004097,-1.4664273994962986,-0.21912370451883623,0.07531303671744616,1.3406591124589742,0
-0.35297953711749996,1.6899904610747833,0.6898171914131971,-0.6096791560575923,0.7855903571425387,-1.1572021511122452,0.38723953844346315,0.4023392920244574,1
-0.35297953711749996,2.31335160097486,0.6537015130715239,0.25132316834733515,-1.3042765720396532,-0.9850453710640669,-0.5661524048055537,1.136345868488831,0
-0.35297953711749996,-1.5841875252734416,-0.5777928816506246,0.6194328984322572,-1.3056588606080088,-0.9310361394721022,0.4998514035855254,1.3136455270217806,0
-0.35297953711749996,-0.5142744882486716,0.8742489114745146,-0.6326053839709125,-1.1116948373595206,-0.5016613094658229,0.09619198083970623,0.8470605113798632,0
-0.35297953711749996,-2.206699799090759,0.9902784693120457,-0.46756592053684104,-1.0711512908573082,-1.073157273960745,0.4794672359323362,0.8615621859671505,0
-0.35297953711749996,-1.059760854750019,0.9126568279206517,0.5087782408643933,-1.3386465660691305,-0.3190027954135321,0.06343363665694474,0.3422432259372432,0
-0.35297953711749996,1.1406019907086198,-0.4545507745812396,0.5451752455160367,-0.132599597297534,-1.584200186248228,0.39987308063508215,0.9880914798593003,1
-0.35297953711749996,1.6401215698827774,0.692706445680531,-0.6785593420099865,0.3441502531869456,-1.8612008762057934,0.3588429824968511,0.4688435893477163,0
-0.35297953711749996,-0.9535415969056913,0.9048680470312909,-0.9812517543111822,-0.8850505898675437,-0.024196405528554177,0.7560822993596612,0.9856189655832679,0
-0.35297953711749996,-1.0283449336937005,0.9092019284322916,-1.0845720332397735,-1.8940664539273575,-0.6423678175325187,0.5486597609720955,0.17113918734769396,0
-0.35297953711749996,-1.4707239203400857,0.9417574088101882,-1.2997469512556241,-1.964644148616179,-0.811155656171679,0.32803641805706496,-0.10653260251795593,0
-0.35297953711749996,-2.5901334319600005,-2.594460609987961,-0.043954412669224424,-2.237577193964814,-0.4408069374322191,0.5782909809655583,0.6114549442008954,0
-0.35297953711749996,-1.266333902683707,-1.1589338375559946,-2.612440332736089,-1.817067912747862,-0.6430951690816887,0.5435478007213344,1.5623729804819877,0
-0.35297953711749996,-0.7605475075979825,0.8953213023166486,0.9220593565787585,-1.3378788980265115,-1.5707624692992304,-0.17846813222753932,-0.6889699650101568,0
-0.35297953711749996,1.6151871242867744,0.6941510728141979,-0.7129994349861837,0.456001866979606,0.9233694669613686,-1.6126822434343657,2.288938779290735,1
-0.35297953711749996,-0.7605475075979825,0.8953213023166486,0.9220593565787585,-1.125489104209094,-1.5972892677716442,-0.193412684999545,2.326699486908867,0
-0.35297953711749996,1.98920380822682,0.672481665809194,-0.1963980403432271,-0.9437132923869213,-1.0807031363754698,0.470788308847366,2.951584999889139,0
-0.35297953711749996,1.9756248496008406,-1.4086557443820946,-1.414305503053769,-2.0424097112098716,-0.5319607968269493,0.5622599611982908,1.1443820623251502,0
-0.35297953711749996,1.6899904610747833,0.6898171914131971,-0.6096791560575923,1.3729574023381166,-1.115219258687593,0.7888337570072312,-0.7461605091641901,0
-0.35297953711749996,-0.9011681286553024,0.902545192105035,0.6817369484146301,-1.4493751682670006,-1.2463937447802,0.14732935101311756,-1.2149639484848604,0
-1.570597110012427,1.5902526786907711,0.6955956999478647,-0.7474395279623807,-0.9852763401248057,-0.7300447387366231,0.9245565986687281,0.5861583753550398,1
-0.35297953711749996,-1.9775762231392569,0.9751228071368576,-0.25860743214702997,-1.9514134690194624,-0.6142338049826545,0.5534166907592836,0.05978894467916318,0
-0.35297953711749996,-1.3782578392918396,-0.24672305463148037,0.3458031121434323,0.7709773889774663,-1.300114770709305,1.2278630741323235,0.4133174033602876,0
-0.35297953711749996,1.41571155951875,0.7057080898835333,-0.9885201787957604,-1.2827525810740015,-0.5570316496640945,0.9501640119817426,0.9159759488329956,0
-0.35297953711749996,-1.3280730330492956,0.9302992570313988,0.26473360320630956,-1.9451209904400693,-0.590921722410085,0.553803306272208,0.9568290124201939,0
-0.35297953711749996,1.9393349170348138,0.6753709200765278,-0.2652782262956213,-0.7118926480152903,-1.2331250134641802,0.4502271339337087,2.1048517537243194,1
-0.35297953711749996,-1.3211172467640675,0.9330896460081867,-1.0931063933984415,-0.7202918305034263,0.9006189725828249,2.938465012969645,0.018442175882265044,0
-0.35297953711749996,1.6899904610747833,0.6898171914131971,-0.6096791560575923,-1.2212972988586874,-1.0500933151314689,0.49018045788011844,-1.1258241802113014,0
-0.35297953711749996,-1.1031482704817095,0.9135358098332924,-1.1878923121683649,-1.8940664539273575,-0.6423678175325187,0.5486597609720955,0.17113918734769396,0
-0.35297953711749996,-1.0532793792897035,0.9106465555659585,-1.1190121262159707,-0.6434519779116674,-1.5262009347915246,0.21614189892450658,0.2172467386852821,0
-0.35297953711749996,1.2988771906547985,0.7155087055742607,0.5359739241101911,-1.2335241130466215,-1.015740769561829,0.4482751492104011,1.1362187426271757,0
-0.35297953711749996,-1.345346888985803,1.051048203129068,0.13497142167306497,-1.3056588606080088,-0.9310361394721022,0.4998514035855254,1.3136455270217806,0
-0.35297953711749996,2.014138253822823,0.671037038675527,-0.16195794736703006,-1.1923834967690397,-1.0636566050901304,0.40001268580984123,1.6220207029711138,1
-0.35297953711749996,-1.7528109615201959,0.9569664974861622,-0.21911886974666908,-0.501857079088587,-1.143545808716466,0.6589110433443159,2.291602886427678,0
-0.35297953711749996,2.31335160097486,0.6537015130715239,0.25132316834733515,0.18414275557679938,-1.3543494551263917,0.8258120129545575,1.1609610660658016,1
-0.35297953711749996,-1.1658941181403009,0.9230519377261428,0.57417122890774,-1.3836380290061174,-0.5183296646445721,0.9581610356154279,0.3583825763705764,1
-0.35297953711749996,-1.3460516923600705,0.9345342731418536,-1.1275464863746385,-2.1420520582088605,-1.1478870267446117,-0.15468156212963297,0.03535704244366056,0
-0.35297953711749996,1.3650120010726472,-0.4675524187842419,0.8551360823018106,-1.8940664539273575,-0.6423678175325187,0.5486597609720955,0.17113918734769396,0
-0.35297953711749996,-1.9887308228084009,0.9707246331371514,-0.5623518393067641,-1.645536238315304,-0.5428955233468739,-0.36295115936744093,0.5502094126249338,0
-0.35297953711749996,-0.6084866426495829,0.8829502135213536,-0.6008286373792051,-0.4194761376440789,-1.0582185843228082,0.8758821463112845,-0.011080933530929094,0
-0.35297953711749996,1.7647937978627926,0.6854833100121963,-0.506358877129001,-1.4961661489692617,-0.8375747024123387,0.5156539661640063,0.9437390418267099,0
-0.35297953711749996,-0.5890778250366807,0.8785827928755153,-0.7359256628995038,-1.3894593650216316,-0.6973031760382166,0.7329089890728744,0.9298574953298527,0
-0.35297953711749996,-0.7795691556958829,1.8774860807932243,-0.1749400313702156,-1.0711512908573082,-1.073157273960745,0.4794672359323362,0.8615621859671505,0
-0.35297953711749996,-1.0283449336937005,0.9092019284322916,-1.0845720332397735,-1.082569692775458,-0.47341044810487476,1.15929378509726,0.7218913086421621,0
-0.35297953711749996,1.8395971346508015,0.6811494286111955,-0.4030385982004097,0.2517534394602594,-0.986214747327959,0.5299412599232491,0.9312861490383403,0
-0.35297953711749996,1.4734183098268196,0.7053963156385922,0.7770545749435707,-1.3042765720396532,-0.9850453710640669,-0.5661524048055537,1.136345868488831,1
-0.35297953711749996,1.315973777134738,0.7114865984182009,-1.1262805507005487,-1.23195919030214,-0.6697905850286457,0.8551367530248447,0.7413254737377621,1
-0.35297953711749996,1.5902526786907711,0.6955956999478647,-0.7474395279623807,-1.780474000156929,-0.29679141881062965,0.24897482422971434,0.03074670685191727,0
-0.35297953711749996,1.390777113922747,0.7071527170172002,-1.0229602717719575,-1.1481586858885173,-0.9035235484625314,0.6220791675374956,1.12511350542969,0
-0.35297953711749996,1.7897282434587956,0.6840386828785293,-0.47191878415280386,-0.8691561248801978,-0.19286739535663056,1.5938038309149962,0.6941282156484477,1
-0.35297953711749996,-1.963796377212398,0.9692800060034845,-0.5279117463305671,-1.4903448129537473,-0.6586011910186942,0.7409060127065596,0.37226412286743354,0
-0.35297953711749996,1.8894660258428078,0.6782601743438617,-0.3341584122480155,-0.3233316260687772,-1.1053863556691583,0.8679069676511109,0.1756020991947106,1
-0.35297953711749996,-1.0034104880976973,0.9077573012986246,-1.0501319402635763,-1.3397213734198532,-0.925116981811127,0.5023054707108304,0.8858017157094078,0
-0.35297953711749996,2.088941590610832,0.6667031572745262,-0.05863766843843882,0.12349668417677817,-1.247548522950335,0.9212851356163656,0.9547757682668432,1
-0.35297953711749996,-1.2213794643800553,0.9273111374735189,-0.9553460214936531,-0.9750067792820064,-1.1203250453070952,0.4714920572721626,1.0482452186927902,0
-0.35297953711749996,1.6151871242867744,0.6941510728141979,-0.7129994349861837,-1.1160382446817936,-1.0348542356333548,0.4837509751320012,1.320125466053444,1
-0.35297953711749996,1.1777225905287432,-1.3624276761047531,-2.516388478292076,-2.060816291888613,-0.5235140549340578,0.5637667070314745,1.0890886931691832,0
-0.35297953711749996,1.5902526786907711,0.6955956999478647,-0.7474395279623807,-1.0414519019408872,-0.7632520220884093,0.8393341904463637,1.1112319589328328,1
-0.35297953711749996,-1.4850422350257275,-0.23944219608138695,0.27478279089089186,-1.4331974777707666,-0.8684666569962246,0.510430720504181,1.0660048094033843,0
-0.35297953711749996,-0.3147989234806473,0.8626918944051791,-0.3570846401613356,-0.967558290685779,-1.0662520966341258,0.4728609943625101,2.9975533518269866,0
-0.35297953711749996,1.6899904610747833,0.6898171914131971,-0.6096791560575923,-1.716454709080785,-0.7295027983243031,0.5339268825780212,0.5160064983608821,0
-0.35297953711749996,-1.3628241984180938,-0.242962005756428,2.1765118075870236,-1.4331974777707666,-0.8684666569962246,0.510430720504181,1.0660048094033843,0
-0.35297953711749996,1.049532734694768,0.7299549769109299,0.19157299434822,0.4992264990401196,-1.3306386326001012,-0.09280325714563492,0.22430846672045324,1
-0.09794310827539326,1.8645315802468045,0.6797048014775285,-0.3685985052242126,-0.14696142423681313,0.12487643579070917,-0.20909982366808633,0.9982127190005725,1
-0.35297953711749996,-0.41453670586465935,0.8684704029398469,-0.494845012066124,-1.716454709080785,-0.7295027983243031,0.5339268825780212,0.5160064983608821,0
-0.35297953711749996,-1.8516963905653594,0.9606364268384042,-0.45850834929382955,-1.5099733650638696,0.08976492011089376,0.5818132467058956,-0.00671535264409584,0
-0.35297953711749996,-2.109492266011119,1.5159828741017614,-0.28633017625477636,0.01909864958708285,-1.244601790643066,-0.27759929541453277,0.95807058292911,0
-0.35297953711749996,-1.5648452476763495,0.9461659718648137,0.023129741288586414,-0.025892813349903898,-1.4439286598741057,0.6171281035439502,0.9742099333624432,0
-0.35297953711749996,0.6505816051587194,0.7530690110496008,-0.35946849327093355,-0.32753961125749687,-0.6351395745439112,0.5802953132218756,2.048046422903359,0
-1.6659835549973607,1.8894660258428078,0.6782601743438617,-0.3341584122480155,-1.4331974777707666,-0.8684666569962246,0.510430720504181,1.0660048094033843,0
-0.35297953711749996,-1.8719358754323583,-0.21114591545086647,1.5891251232764345,-1.4331974777707666,-0.8684666569962246,0.510430720504181,1.0660048094033843,0
-1.7985002940032753,-0.3397333690766503,0.8641365215388461,-0.3915247331375328,-1.6545491009519082,-0.60577636716541,0.709676890801241,0.4593495173164195,1
-0.24335371123675337,1.7149249066707863,0.6883725642795302,-0.5752390630813952,-1.609747925133155,-0.589231271950181,0.7511819054868893,0.502124951864025,0
-0.35297953711749996,-1.1704311003629124,-1.2251812591953892,-0.5937009072719908,-2.477256140948289,-0.30662730596281906,0.5987434749780554,0.7022867757617044,0
-0.25411710121803166,0.7752538331387346,0.7458458753812661,-0.187268028389948,-1.690527701252291,-0.7422223925779139,0.5317762395910421,0.5663487630582671,0
-0.35297953711749996,-1.0283449336937005,0.9092019284322916,-1.0845720332397735,-0.029270812318460737,-1.6348925078746361,0.39130196713682125,1.188724159059516,0
-0.35297953711749996,-0.40498379379362426,0.8730862500906185,-0.22356970883484606,-1.251319117483094,-0.06699008419692043,0.5593301705625496,-0.5053486229841426,0
-0.35297953711749996,2.2136138185908476,0.6594800216061916,0.11356279644254674,0.3441502531869456,-1.8612008762057934,0.3588429824968511,0.4688435893477163,1
-0.35297953711749996,-1.8326831151507132,0.9686090623070418,0.04903547410611553,-1.3056588606080088,-0.9310361394721022,0.4998514035855254,1.3136455270217806,0
-0.35297953711749996,-1.6895174756563645,0.9533891075331483,-0.1490707235923991,-1.2965597971686094,0.3703079728591381,1.0163232925236318,-0.03447844563781011,0
-0.35297953711749996,-1.8421434784943242,0.9652522739891758,-0.1872330460625514,-1.8024218456301924,-0.34650569500496714,0.9039509687510959,1.088982337028228,0
-0.35297953711749996,1.6151871242867744,0.6941510728141979,-0.7129994349861837,0.29422753849298644,-1.0231140807517396,1.2688931722705545,0.9325652938718717,1
-0.17202877957510088,1.9393349170348138,0.6753709200765278,-0.2652782262956213,-1.716454709080785,-0.7295027983243031,0.5339268825780212,0.5160064983608821,1
-0.35297953711749996,-0.828869368925676,0.8976449113629562,-0.8090512894301968,0.8385880728609263,-0.931980062910872,0.9319923211010152,0.1836424863328262,0
-0.35297953711749996,-1.2463139099760583,0.9287557646071858,-0.9897861144698502,-1.9229932847597822,-1.398660807908827,-0.35336612547146606,0.9992652278141386,0
-1.4233562888947437,2.288417155378857,0.6551461402051908,0.21688307537113805,-0.608563863036217,-1.2838173350905882,0.4416560204354478,2.305484432924535,0
-0.35297953711749996,-1.3211172467640675,0.9330896460081867,-1.0931063933984415,-1.2786443139507926,-1.0219593025816047,0.49493738766730655,-1.237174422879832,0
-0.27700677796393186,-1.8077486695547103,0.9671644351733748,0.08347556708231263,-1.4903448129537473,-0.6586011910186942,0.7409060127065596,0.37226412286743354,0
-0.35297953711749996,1.577238614724203,-0.5769411790667167,1.3062399986485171,-1.4706892650090826,-0.2840960710093603,0.12739695476676852,1.5391294302823146,0
-0.35297953711749996,-1.4457894747440827,0.9403127816765213,-1.265306858279427,-2.1648270369147227,-0.8947768577308987,0.11890664494154743,0.08755203767287756,0
-0.35297953711749996,-0.23999558669263804,0.8583580130041784,-0.2537643612327444,-1.5970515969013774,-0.7988727173928163,0.5236509897976915,0.3861456693642908,0
-0.35297953711749996,-1.5881168333613351,-0.35613657514543107,-1.001537761531021,-0.659604608742164,-1.6217768922377482,0.03833806133964662,2.058590969258224,0
-0.35297953711749996,0.7951437143827988,-2.277255532735727,-0.23772719704464237,-0.632889705539339,-1.3387616370710522,0.44137210049354825,0.016682159462785173,0
-0.35297953711749996,2.612564948126896,0.6363659874675208,0.6646042840617002,-0.7020399673871305,-1.2271670102756858,0.4497812702287984,2.485687526618511,1
-0.35297953711749996,2.064007145014829,0.6681477844081932,-0.09307776141463578,-1.607851678800838,-0.34885006086596243,0.23577879214030187,1.4595408523643965,0
-0.35297953711749996,1.5902526786907711,0.6955956999478647,-0.7474395279623807,0.13851766183733938,-0.2922736654813193,0.8446720460784389,1.6869929476637726,0
-0.35297953711749996,-1.8889930404243889,0.9649461246024837,-0.42459146740197584,-0.8829633409748057,0.7344722271666022,1.6599631114568856,-0.2563261788223581,0
-0.35297953711749996,-1.4956583659360887,0.9432020359438551,-1.3341870442318213,-1.0779112603326457,1.3232820915984536,-1.936533994500889,0.8463131485447757,0
-0.35297953711749996,1.9144004714388108,0.6768155472101948,-0.2997183192718184,-0.9508601014519314,-1.1349589151262665,0.4693931487820058,1.0016952894073734,0
-0.35297953711749996,-1.0562987085516449,0.9138419592199845,-0.9505338908289404,-1.6618637591300507,-0.7298855810820065,0.5303071441983677,1.5068273234626959,0
-0.35297953711749996,0.8251227243307406,0.7429566211139323,-0.11838784243755385,-1.7751687099775812,-1.5482308555182396,-0.45607069721349447,1.3747243316079523,0
-0.35297953711749996,1.6899904610747833,0.6898171914131971,-0.6096791560575923,-1.7540992415493668,-0.6739871236655747,0.538324555061509,1.684638748058662,0
-1.5360275259239273,1.465580450710756,0.7028188356161994,-0.9196399928433662,-1.3905147641917144,-0.8123580464465758,0.5973327296677282,1.0604521908046414,1
-0.17202877957510088,0.23858644788777136,0.807059728666233,-0.7194143169244116,0.7385656967226575,1.0923178929142459,-1.1865813673518797,-0.20782968085870557,1
-0.35297953711749996,2.113876036206835,0.6652585301408593,-0.024197575462241577,-0.035209605980026315,-0.21907234265017894,-0.57948345871687,2.208072812287755,1
-0.35297953711749996,-2.73115382386092,-0.1555341238160578,0.7217285740129852,-2.130585516639528,-1.5002303492634268,-0.562624124746649,0.4555534018485766,0
-0.35297953711749996,-1.5205928115320917,0.9446466630775221,-1.3686271372080183,-2.554158819556462,-0.8637661287306694,-0.07378168546145591,0.6462776325346673,0
-0.09794310827539326,1.8894660258428078,0.6782601743438617,-0.3341584122480155,-0.608563863036217,-1.2838173350905882,0.4416560204354478,2.305484432924535,1
-0.35297953711749996,1.024598289098765,0.7313996040445969,0.15713290137202301,1.0254422370692025,0.5663362909888263,-1.662590433028082,0.7913427325315239,0
-0.35297953711749996,-0.5296560217736395,0.8803093857589531,-0.39577017371583156,-0.5905728959025878,-0.9499408674929983,-0.17314137884628356,2.079992095891632,0
0.171910454826655,-1.9273303946074654,-0.21117945469570398,1.3507078188275445,-0.025892813349903898,-1.4439286598741057,0.6171281035439502,0.9742099333624432,1
-0.35297953711749996,1.9144004714388108,0.6768155472101948,-0.2997183192718184,0.2621628249973984,-1.782454249304561,0.4108651005768856,0.2654346008481294,0
-0.35297953711749996,1.5902526786907711,0.6955956999478647,-0.7474395279623807,0.45423503610313265,-1.529965501831141,0.8019241418128482,0.2404478171537865,1
-0.35297953711749996,-2.057093125514741,0.9816107065100441,-0.26092536267965827,-1.0711512908573082,-1.073157273960745,0.4794672359323362,0.8615621859671505,0
-1.5609944477656215,2.1886793729948444,0.6609246487398586,0.0791227034663497,-0.31276935369644887,-0.917947057948686,1.0931371692201526,-0.024962480027786227,1
-0.35297953711749996,2.014138253822823,0.671037038675527,-0.16195794736703006,-1.4331974777707666,-0.8684666569962246,0.510430720504181,1.0660048094033843,1
-0.35297953711749996,1.6151871242867744,0.6941510728141979,-0.7129994349861837,-1.9514134690194624,-0.6142338049826545,0.5534166907592836,0.05978894467916318,0
-1.5609944477656215,1.7398593522667893,0.6869279371458632,-0.5407989701051981,-1.1776107198708528,-0.7627103078231556,0.7605574310761671,1.296987671225552,1
-0.35297953711749996,-1.7892552580403767,0.959167616067816,-0.28683109549718744,-0.6728619056601381,-2.1706995037966035,-1.5704765741798923,1.0492974103071273,0
-0.35297953711749996,1.7149249066707863,0.6883725642795302,-0.5752390630813952,-1.716454709080785,-0.7295027983243031,0.5339268825780212,0.5160064983608821,0
-0.35297953711749996,-1.7144519212523677,0.9548337346668152,-0.18351081656859614,-1.4903448129537473,-0.6586011910186942,0.7409060127065596,0.37226412286743354,0
-0.35297953711749996,-1.920374608322237,-0.20838906571891613,-0.007132177777206705,-1.964644148616179,-0.811155656171679,0.32803641805706496,-0.10653260251795593,0
-0.35297953711749996,-1.4995948229593752,0.9372162433130413,-0.14482528301410028,-1.7591374226598369,-0.785611408873952,0.44702487341447406,0.521559116959625,0
-0.35297953711749996,-1.5205928115320917,0.9446466630775221,-1.3686271372080183,-2.2066736826239746,-1.342433422942835,-0.4643756923707476,1.6747039716538596,0
-0.35297953711749996,1.8645315802468045,0.6797048014775285,-0.3685985052242126,-1.3397213734198532,-0.925116981811127,0.5023054707108304,0.8858017157094078,0
-0.35297953711749996,-2.350827125119012,-0.2815874660060932,1.009166385637374,-2.023878732691898,-1.3599588228893047,-0.3453691018377808,0.44167185535171943,0
-0.35297953711749996,-1.6999010549814964,-0.22737650255273234,1.4921904202262881,-1.5970515969013774,-0.7988727173928163,0.5236509897976915,0.3861456693642908,0
-0.35297953711749996,-0.5342519838237867,1.8613467558179548,0.06772271365697313,-0.6384036102650119,-0.1803301443368719,1.798467525120515,-1.3204637018609753,0
-1.8990081588531722,1.9144004714388108,0.6768155472101948,-0.2997183192718184,0.2740652797042178,-0.8637123735315992,1.4951882303979185,-0.7726061427333002,1
-0.35297953711749996,-0.6800933626037546,-0.2871726143741542,1.310125715476951,-1.7806826147032542,-0.3897993627840591,0.9010247274134726,0.0375784702841917,0
-0.35297953711749996,-0.48280645984357495,0.8806155351456453,-0.15841175237640714,-1.9514134690194624,-0.6142338049826545,0.5534166907592836,0.05978894467916318,0
-0.35297953711749996,-1.602351934605329,0.946190155501735,-0.11410741953185846,-1.1160382446817936,-1.0348542356333548,0.4837509751320012,1.320125466053444,0
-0.2521601212214356,1.440646005114753,0.7042634627498663,-0.9540800858195633,-1.4331974777707666,-0.8684666569962246,0.510430720504181,1.0660048094033843,0
-0.35297953711749996,2.462958274550878,0.6450337502695224,0.45796372620451753,-1.036810561795852,-1.525843252759533,0.02266461725429303,-0.3254612327385711,0
-0.35297953711749996,-0.8663760558546555,0.8976690949998776,-0.9462884502506416,-1.716454709080785,-0.7295027983243031,0.5339268825780212,0.5160064983608821,0
-0.35297953711749996,1.98920380822682,0.672481665809194,-0.1963980403432271,-1.9514134690194624,-0.6142338049826545,0.5534166907592836,0.05978894467916318,0
-0.35297953711749996,2.263482709782854,0.6565907673388578,0.182442982394941,-1.8105462229204021,-0.30358718330044787,0.9498602140202587,1.0426857141882713,0
-0.35297953711749996,-1.6645830300603615,0.9519444803994814,-0.11463063061620199,-0.9450987758192603,-0.71741184946133,0.17930910860243196,1.2910832282261981,0
-0.35297953711749996,-0.21506114109663504,0.8569133858705115,-0.21932426825654727,-1.2718886652788948,-0.146465637858176,1.402530536273365,1.5223444486244309,0
-0.35297953711749996,2.2439526121336835,1.449327750791186,0.3523482045334092,0.22913421851378635,-1.1550225858953518,-0.0689153860039256,1.1448217156324683,1
0.17205023911212614,2.113876036206835,0.6652585301408593,-0.024197575462241577,1.1287710220482756,0.5156439693624182,-1.671161546526343,0.9919754117317394,1
-0.35297953711749996,2.064007145014829,0.6681477844081932,-0.09307776141463578,-1.5551569751824208,-0.5896140547078844,0.7475621671072358,1.4929457769658387,0
-0.35297953711749996,-1.3211172467640675,0.9330896460081867,-1.0931063933984415,-0.1179866291324616,-1.4412875666511682,-0.4407504550537783,0.9771133685234701,0
-0.35297953711749996,-1.3959205835520765,0.9374235274091874,-1.196426672327033,-1.5531349413151134,-1.2056600345593713,0.06779542489309426,0.9135648087031222,0
-0.18055562098884081,-0.6364404175075273,0.8875902443090466,-0.46679049496837205,-1.167935119933562,-0.5856276692041724,0.9854897667701655,0.7329965458396478,1
-0.35297953711749996,-1.2059053821276633,0.922509722021986,-1.157174448686123,-0.9611296622947307,-0.7446786085557946,0.9224576901785713,0.539608446069623,0
-0.35297953711749996,-1.1754470302113358,0.9184360905753712,0.30289592567646195,-1.4771141333570308,-0.4616793398296697,0.9662862854087784,0.5385856700645528,0
-0.35297953711749996,-1.5045237589745935,-1.1400893922196191,-2.653096855338326,-2.0373564728593854,-0.5350232649936532,0.5618207171353493,1.13464043701616,0
-0.35297953711749996,-1.6325212688831485,0.9532049736269205,0.12181568478494709,-2.271533820862353,-1.0350483841050209,-0.09834837796732065,0.1014335841697348,0
-0.35297953711749996,-1.859238278556347,1.9885917339993795,0.20710145935112895,-1.140741817673118,-1.1781651391091819,0.26097378451237785,2.7397589079744646,0
-0.35297953711749996,-0.763566836859924,0.8985167059706747,1.0905375919657887,0.2122182056923969,-2.7768866850170757,-0.7174451831766926,-0.597420394350541,0
-0.35297953711749996,1.4528778632929071,2.51834052433062,1.792222266031256,-1.5692079491395885,-0.4590382466067319,-0.09159227318895008,0.5414891052255796,0
-1.5609944477656215,1.7149249066707863,0.6883725642795302,-0.5752390630813952,-0.6499316460732776,-0.4921575561819082,0.2854894957724071,2.977908824157042,1
-0.35297953711749996,2.1388104818028384,0.6638139030071923,0.010242517513955385,-1.4331974777707666,-0.8684666569962246,0.510430720504181,1.0660048094033843,1
0.17205023911212614,1.98920380822682,0.672481665809194,-0.1963980403432271,-0.40486316947900647,-0.9153059647257483,0.035258610622424025,-0.02205904486675947,1
-0.35297953711749996,1.0994016258867743,0.7270657226435961,0.26045318030061415,-0.8053687523662038,-1.1764746886492778,0.4583523837270593,2.2850548474182957,0
-0.35297953711749996,-1.0507748022313206,0.9112129549070366,0.47509639055744757,-1.3264906938231364,-0.7281951306221025,0.7276857434130491,1.052123262906527,0
-0.1777948813507857,2.064007145014829,0.6681477844081932,-0.09307776141463578,-1.4164657719383102,-0.24213286111672438,0.07122040598200174,1.487999839246964,0
-0.35297953711749996,1.41571155951875,0.7057080898835333,-0.9885201787957604,-1.5970515969013774,-0.7988727173928163,0.5236509897976915,0.3861456693642908,0
-0.35297953711749996,1.7149249066707863,0.6883725642795302,-0.5752390630813952,-1.1130771259278762,-0.4476520778738583,1.1621957892307853,1.0243601699128126,0
-0.35297953711749996,-1.131102045339654,0.9181758406209852,-1.0538541697575317,-2.603518588411987,-1.0321716676546557,-0.29579363815751203,0.7715094217000552,0
-0.35297953711749996,1.8894660258428078,0.6782601743438617,-0.3341584122480155,-1.0196010215769629,-0.5043024026887608,1.1540705394374347,0.8441570762188363,1
-0.35297953711749996,1.6899904610747833,0.6898171914131971,-0.6096791560575923,-1.4331974777707666,-0.8684666569962246,0.510430720504181,1.0660048094033843,0
-0.35297953711749996,-0.7386844986126989,0.887250555677517,-0.9425662207566863,-1.6310892819226808,-0.6172855772250054,0.7077309009051158,0.5049012611633964,0
-0.35297953711749996,-0.6857441708099734,0.8909874209156479,1.0253796355073497,0.4992264990401196,-1.3306386326001012,-0.09280325714563492,0.22430846672045324,0
-0.35297953711749996,2.1388104818028384,0.6638139030071923,0.010242517513955385,0.29422753849298644,-1.0231140807517396,1.2688931722705545,0.9325652938718717,1
-0.35297953711749996,-1.5405626617838881,-0.33068060491384743,2.0428923860076305,-1.583820917304661,-0.6019508662037918,0.7490312624999103,0.55246721656141,0
-0.35297953711749996,1.5894220114366748,-0.48055406298724423,1.1650969190875846,-1.716454709080785,-0.7295027983243031,0.5339268825780212,0.5160064983608821,0
-0.35297953711749996,-2.1817653534947556,0.9888338421783787,-0.4331258275606439,-1.8104651647966377,-1.0794157701410605,0.08914094397995542,0.41390876235800506,0
-0.35297953711749996,-1.5151134639843264,-0.3358870350426184,0.3147457268233794,-1.3207121968711666,0.4223771749078906,-0.4724797181802224,0.07372756671091385,0
3.141592653589793,2.388154937762869,0.6493676316705231,0.35464344727592645,1.979474349833073,8.311908126046319e-05,-1.745107471918542,-0.6480091869747773,1
-0.35297953711749996,-1.6225914194723279,-0.22559218678753568,1.9335260530384053,-0.39501625790081096,-0.9936312973519299,-0.24160306846590163,1.7564006801480585,0
-0.35297953711749996,2.363220492166866,0.65081225880419,0.32020335429972935,1.1449308662777842,-1.538674931032897,1.1949472468783555,-0.7074193048346451,1
-0.35297953711749996,2.039072699418826,0.6695924115418601,-0.12751785439083296,-1.4331974777707666,-0.8684666569962246,0.510430720504181,1.0660048094033843,0
-0.35297953711749996,1.6650560154787803,0.691261818546864,-0.6441192490337894,-1.2827525810740015,-0.5570316496640945,0.9501640119817426,0.9159759488329956,0
-0.35297953711749996,0.9248605067147528,0.7371781125792646,0.019372529467234556,0.034961872596442456,-1.4577216480767334,-0.13039492230161603,1.1735634677291271,1
-0.35297953711749996,-2.106962016706747,0.9844999607773779,-0.3298055486320525,-0.5367451939640373,-1.3859294084174025,0.4333969218333747,0.20336519218842497,0
-0.35297953711749996,-0.5641433794406777,0.8771381657418484,-0.7014855699233067,-0.132599597297534,-1.584200186248228,0.39987308063508215,0.9880914798593003,0
-0.35297953711749996,1.7647937978627926,0.6854833100121963,-0.506358877129001,-0.4883965893923623,1.3758925641574442,-1.5347158909823682,0.09350291349215234,1
-0.35297953711749996,1.6151871242867744,0.6941510728141979,-0.7129994349861837,-0.4194761376440789,-1.0582185843228082,0.8758821463112845,-0.011080933530929094,0
-0.35297953711749996,-0.1427019373880405,-0.35397281923576396,0.2717739799268999,-0.8053687523662038,-1.1764746886492778,0.4583523837270593,2.2850548474182957,0
-0.35297953711749996,-1.4278108154333078,0.9360777655660665,0.12697323130152127,0.5845919261982235,-1.2184214115008034,0.08100076118145955,0.21320322952296744,0
-0.35297953711749996,-0.4225860940748929,0.8512469077670897,0.21608699272296272,-0.803986463797848,-1.2304839202412425,-0.6076514246640199,2.107755188885346,0
-0.35297953711749996,1.6102754726132935,0.8120349482814546,-0.911118591387479,-1.2212972988586874,-1.0500933151314689,0.49018045788011844,-1.1258241802113014,0
-0.35297953711749996,1.9393349170348138,0.6753709200765278,-0.2652782262956213,-1.2197839098755063,-0.5879236042479804,0.9449407663219173,1.0382417164096698,1
-0.35297953711749996,1.98920380822682,0.672481665809194,-0.1963980403432271,-1.9819730323794333,-0.5685878846827429,0.557006606711733,1.0278723235693574,0
-0.35297953711749996,0.8749916155227468,0.7400673668465985,-0.04950765648515967,1.2977650256972124,-1.03883836598088,-0.6957605523664432,-0.7614634381722352,1
-0.35297953711749996,-0.3926215895305978,0.8702211794602059,-0.2919266837028967,-1.4331974777707666,-0.8684666569962246,0.510430720504181,1.0660048094033843,0
-0.35297953711749996,-1.3628241984180938,-0.242962005756428,2.1765118075870236,-0.2724462509438216,-1.0664796284114753,0.12285632755588308,1.9580120184512184,0
-0.35297953711749996,-1.9396925988704918,-0.20831438406529135,1.4190647936955954,0.8890431993497969,-1.782318650357361,0.021485288713313733,-0.6809353566744623,0
-1.620530953695815,-1.09670723640004,0.9200880018051842,-0.7831455566126677,-1.4961661489692617,-0.8375747024123387,0.5156539661640063,0.9437390418267099,0
-0.08431414044195645,2.039072699418826,0.6695924115418601,-0.12751785439083296,-0.029270812318460737,-1.6348925078746361,0.39130196713682125,1.188724159059516,1
-0.35297953711749996,2.1637449273988416,0.6623692758735255,0.0446826104901526,-1.003812375873783,-0.8007872191054435,0.835555681015024,0.5451610646683659,1
-0.35297953711749996,-1.2785200569078274,-0.252501563166148,0.4835634840482207,-1.3188895402047254,-1.1279579906611268,0.27447113088330666,1.1473239798246615,0
-0.35297953711749996,-2.152117342311278,0.9852351970725262,-0.4996880829804097,-1.1160382446817936,-1.0348542356333548,0.4837509751320012,1.320125466053444,0
-0.35297953711749996,1.5403837874987651,0.6984849542151986,-0.8163197139147749,-1.716454709080785,-0.7295027983243031,0.5339268825780212,0.5160064983608821,1
-0.35297953711749996,-1.3998570405753632,0.9314377347783735,-0.007064911109311844,0.5526325693252336,-0.5432441587724554,0.8086758191298078,0.8886628504448241,0
-0.35297953711749996,-1.3959205835520765,0.9374235274091874,-1.196426672327033,-1.895106173521928,-1.8854242330813862,-0.8987059928245811,1.2222843309076903,0
-1.3785438650763184,-1.4707239203400857,0.9417574088101882,-1.2997469512556241,-2.199399073300965,-1.1197530141947476,-0.14992463234244485,-0.07599320022487022,0
-0.35297953711749996,-1.8920123696863302,0.9681415282565098,-0.25611323201494557,-1.5323031080999856,-1.408501043409371,-0.16003891493442957,1.1750870728183758,0
-0.2751196901100714,2.5876305025308928,0.6378106146011877,0.6301641910855031,-1.7970547793421696,-1.2083923171643696,-1.2537530714868552,2.1677207451349414,0
-0.35297953711749996,-0.45485268498563036,0.8759755043579522,-0.29244989478724026,0.18414275557679938,-1.3543494551263917,0.8258120129545575,1.1609610660658016,0
-0.35297953711749996,-1.3211172467640675,0.9330896460081867,-1.0931063933984415,-1.6296508807139105,-0.38157575617539635,0.23609264464917568,-0.03810614417352831,0
-0.35297953711749996,2.064007145014829,0.6681477844081932,-0.09307776141463578,1.251637650225414,-1.398403404658775,1.4122022697872234,-0.7213008513315022,1
-0.35297953711749996,1.6401215698827774,0.692706445680531,-0.6785593420099865,-1.583820917304661,-0.6019508662037918,0.7490312624999103,0.55246721656141,0
-0.35297953711749996,-0.4394711514606623,0.8699150300735138,-0.5292851050423212,-0.7020399673871305,-1.2271670102756858,0.4497812702287984,2.485687526618511,0
-0.35297953711749996,1.6650560154787803,0.691261818546864,-0.6441192490337894,-1.126307805524593,-0.6445739290628828,0.9368155165285666,0.8580386227156935,1
-0.35297953711749996,-0.8353508443859917,0.8996551837176494,0.8187390776501673,-1.716454709080785,-0.7295027983243031,0.5339268825780212,0.5160064983608821,0
-0.35297953711749996,-1.5524830434133228,0.9433009012344011,-0.045227233579464315,-0.6344292835036703,-0.859032302477253,0.15391051719748997,2.2560126095910498,0
-0.35297953711749996,-0.890013528986158,0.9069433661047412,0.9854813555743642,-2.5062887455471388,-1.3436457421280894,-0.5763094283668305,0.13197298646282052,0
-0.35297953711749996,-1.2961828011680643,0.9316450188745197,-1.0586663004222445,-1.4331974777707666,-0.8684666569962246,0.510430720504181,1.0660048094033843,0
-1.3785438650763184,-2.331372027070774,0.9975016049803802,-0.6397663854178265,-1.732485996398529,-1.4921222449685907,-0.36916868804994707,1.3691717130092094,0
-0.35297953711749996,-1.275184812595348,0.924214599110039,0.16513555377167355,-1.0174000316931082,-1.5110269729894865,-1.0421614704817561,2.135518281879061,0
-0.35297953711749996,1.024598289098765,0.7313996040445969,0.15713290137202301,-1.716454709080785,-0.7295027983243031,0.5339268825780212,0.5160064983608821,1
-0.35297953711749996,-0.6888156074206927,0.884361301410183,-0.8736860348042921,-1.690527701252291,-0.7422223925779139,0.5317762395910421,0.5663487630582671,0
-0.35297953711749996,0.39931394628474254,0.8222415805424534,0.6753599064553257,-2.4161338320961754,-1.6960687719219445,-0.9455579161892611,0.6607432792368959,0
-0.35297953711749996,-1.5897796932723525,0.9476105989984807,-0.011310351687610687,-0.8043449782883609,-0.86940483742862,0.9078069823168012,-0.7583776974944427,0
-0.35297953711749996,-2.331372027070774,0.9975016049803802,-0.6397663854178265,-1.8016974271973787,-1.0402969368459951,0.08990805027365395,1.8862526683804275,0
-1.6602219576492774,1.8395971346508015,0.6811494286111955,-0.4030385982004097,-1.7787911476633713,-0.6662924470379873,0.5402206586698711,1.4885830901916424,0
-0.35297953711749996,1.6401215698827774,0.692706445680531,-0.6785593420099865,-1.4331974777707666,-0.8684666569962246,0.510430720504181,1.0660048094033843,0
-0.35297953711749996,1.6899904610747833,0.6898171914131971,-0.6096791560575923,0.6694154348748662,1.2039125197096125,-1.1781721976166295,2.2611756862970203,1
-0.35297953711749996,1.8894660258428078,0.6782601743438617,-0.3341584122480155,-0.3501588322039699,-0.803947413111304,-0.018561332705299027,2.2615819894974876,1
-0.35297953711749996,1.8894660258428078,0.6782601743438617,-0.3341584122480155,-0.2749830214971023,1.656435616905688,-1.100205845164632,0.06573982049843807,0
0.17205023911212614,2.088941590610832,0.6667031572745262,-0.05863766843843882,-0.8788317248174884,-0.36995003397561366,1.3688714952209977,1.2581193410343519,1
-0.25411710121803166,2.31335160097486,0.6537015130715239,0.25132316834733515,-1.440310770237168,-0.22768182137538018,0.07329309149714586,1.5339681911848115,0
-0.35297953711749996,-0.6792626953496577,0.8889771485609547,-0.6024107315730141,-1.3397213734198532,-0.925116981811127,0.5023054707108304,0.8858017157094078,0
-0.35297953711749996,1.4026974955521818,-0.5668287891310482,1.0651593478151373,-1.7399145281100123,-0.7179935882647077,0.5358728724741465,0.4704547545139052,0
-0.35297953711749996,-1.7282317671792264,0.9606765358001883,0.08579349761494098,-1.845921168970613,-1.5175354570204773,-1.4704982512294493,1.3748514574696076,0
-0.35297953711749996,-1.6031826018594257,-0.22995960743337396,1.7984290275181065,-1.2470456110534887,-0.8367832173039216,-0.3453537371780433,0.4806775894362495,0
-0.35297953711749996,-2.2316342446867616,0.9917230964457125,-0.502006013513038,-1.3056588606080088,-0.9310361394721022,0.4998514035855254,1.3136455270217806,0
-0.35297953711749996,-1.4208550291480797,0.9388681545428543,-1.23086676530323,-1.6161036125136083,-1.1747680799754852,0.07301867055291955,0.7912990411264479,0
-0.35297953711749996,-1.497088524238216,0.9433344404792388,0.19319007086942563,-1.690527701252291,-0.7422223925779139,0.5317762395910421,0.5663487630582671,0
-0.23678384981960948,-1.275184812595348,0.924214599110039,0.16513555377167355,-0.9508601014519314,-1.1349589151262665,0.4693931487820058,1.0016952894073734,0
-0.35297953711749996,-2.013665268404404,0.9721692602708184,-0.5967919322829613,-1.908404211145009,-1.180568463220117,-0.12734697263521416,1.9001342148772844,0
-0.35297953711749996,-1.4707239203400857,0.9417574088101882,-1.2997469512556241,-3.1256534816819297,-2.944046981039126,0.560069328534464,0.6804025379180387,0
-0.35297953711749996,1.7897282434587956,0.6840386828785293,-0.47191878415280386,-0.005113029393810642,-0.6548605174119032,0.4027280845584007,0.24783918039261366,0
-0.35297953711749996,-0.40901107788155844,0.8713931964520183,-0.3253078935696283,0.3690782234913539,-1.5491747789570094,-0.023929779698004583,0.24472129091899775,0
-0.35297953711749996,2.393559285709702,1.4406599879891844,0.5589887623905917,-1.1727051980457814,0.3700718976782158,0.9540941794606587,-0.21984277842928934,0
-0.35297953711749996,-1.0258403566353176,0.9097683277733697,0.5095364835336444,-1.716454709080785,-0.7295027983243031,0.5339268825780212,0.5160064983608821,0
-0.35297953711749996,1.5902526786907711,0.6955956999478647,-0.7474395279623807,-0.8598432207145759,0.19627833544418483,-0.5107087586481368,0.968593188766604,0
-0.35297953711749996,-1.4247914861713662,0.9328823619120405,-0.041505004085509,-0.8102837719499267,0.5464153277958372,-0.06297844353689003,0.2609709557337963,0
-0.35297953711749996,-1.3509610014834863,0.4555471026286355,0.04310171053095141,-0.608563863036217,-1.2838173350905882,0.4416560204354478,2.305484432924535,1
-0.35297953711749996,1.6650560154787803,0.691261818546864,-0.6441192490337894,-1.305396691967696,-1.1508593178589894,0.2727915299421237,0.6278030148456113,0
-0.35297953711749996,-1.1535319138772744,0.9201868670957303,0.5058142540396892,0.7628915392257798,1.14726219489471,-1.18629744740998,2.080972592603044,0
-0.35297953711749996,-1.4651074652923373,0.9403874633301459,0.16089011319337493,0.24082146820787242,-1.8105085545793853,0.36741409599511193,0.26821091014750087,0
-0.35297953711749996,-1.3812771685537812,-0.24352765097745444,0.5142813475304625,-2.5717989448514533,-0.899626389790387,-1.1379041422185254,0.7275530872077675,0
-0.35297953711749996,1.3238116362508014,0.7140640784405938,0.5704140170863881,-0.47401343132679785,-0.8037113379303817,0.04366778035767421,2.4469463222889667,0
0.17205023911212614,1.7398593522667893,0.6869279371458632,-0.5407989701051981,1.3421845899435358,0.7961870221106624,-1.2366515007086065,0.9642123187380252,1
-0.35297953711749996,1.2910393315387347,0.7129312255518679,-1.160720643676746,-1.6445237967732886,-0.39034107704931265,0.9798014867836693,-0.14817724200852744,0
-0.35297953711749996,1.8645315802468045,0.6797048014775285,-0.3685985052242126,0.3925197150924895,-1.470910158974223,-0.310058280054503,0.23819001321731037,0
-0.35297953711749996,-0.4893400426526685,0.8728042843408477,-0.5981652909947153,-1.3397213734198532,-0.925116981811127,0.5023054707108304,0.8858017157094078,0
0.17205023911212614,1.7398593522667893,0.6869279371458632,-0.5407989701051981,-0.4194761376440789,-1.0582185843228082,0.8758821463112845,-0.011080933530929094,1
-0.35297953711749996,-0.5616370807195182,0.8832563629080458,-0.3634702160397807,0.12580543353471296,-1.1043302642689439,-0.06034427250566465,0.9441890364322528,0
-0.35297953711749996,1.5154493419027621,0.6999295813488655,-0.850759806890972,-1.4331974777707666,-0.8684666569962246,0.510430720504181,1.0660048094033843,0
-0.35297953711749996,1.7726316569788567,0.6880607900345891,1.190335690657936,-1.3056588606080088,-0.9310361394721022,0.4998514035855254,1.3136455270217806,0
-0.35297953711749996,-1.1031482704817095,0.9135358098332924,-1.1878923121683649,-2.0600348799529025,-1.138808167387074,-0.11589219625245778,0.5120993940044768,0
-1.5609944477656215,1.7398593522667893,0.6869279371458632,-0.5407989701051981,1.5111785935924726,-0.7582953132326358,-0.2612505065487071,-0.7892265311659497,1
-0.35297953711749996,2.1637449273988416,0.6623692758735255,0.0446826104901526,0.06579654165398785,1.5000433905131962,-1.1281020642599024,1.0891336867002896,1
-0.2445418776632581,2.014138253822823,0.671037038675527,-0.16195794736703006,-1.4331974777707666,-0.8684666569962246,0.510430720504181,1.0660048094033843,1
-0.35297953711749996,2.113876036206835,0.6652585301408593,-0.024197575462241577,-1.3917487061989267,-0.349462118730372,1.1400903037358727,0.527480432867067,1
-0.35297953711749996,-1.473229759314737,-1.3953356251510045,-1.2801295385638272,-1.500936227081481,0.11812486447004955,0.4842583788544994,-0.00910028244222727,0
-0.35297953711749996,-1.3258843710414507,-0.2490459095577361,2.008791814869245,-0.570861182615503,-1.3185958231379207,0.4379682160738701,1.8329715063636656,0
-0.35297953711749996,-1.5823291406828066,1.0626294038353248,-0.2777864829569567,-0.631305374614218,-0.5017521365486335,0.2737856108489599,-0.7911749037240043,0
-0.35297953711749996,-0.06545446752061679,0.8482456230685099,-0.012683710399364723,-1.523750265359142,-0.4446956541484534,0.9260564542460085,1.5858620740739737,0
-0.35297953711749996,1.4896842290526624,-0.47477555445257646,1.0273365471827962,-1.690527701252291,-0.7422223925779139,0.5317762395910421,0.5663487630582671,1
-0.35297953711749996,-0.3397333690766503,0.8641365215388461,-0.3915247331375328,-0.30599215925878454,-1.0978311059674069,0.12399352535184208,0.2904624789861298,0
-0.35297953711749996,1.7398593522667893,0.6869279371458632,-0.5407989701051981,-0.47401343132679785,-0.8037113379303817,0.04366778035767421,2.4469463222889667,0
-0.35297953711749996,-1.3034545025038304,-0.25105693603248114,0.4491233910720236,-0.857737722962048,-0.7926142212125007,0.9139772817500724,0.8337990929734362,0
-0.35297953711749996,-2.2638403916185315,-0.18953423132762137,0.9713435850050329,-1.0177585461836212,-1.1499478901768643,0.47329693649906507,-0.7306146045007282,0
-0.35297953711749996,-1.0782138248857065,0.9120911826996254,-1.1534522191921677,-1.8940664539273575,-0.6423678175325187,0.5486597609720955,0.17113918734769396,0
-0.35297953711749996,1.390777113922747,0.7071527170172002,-1.0229602717719575,-1.4961661489692617,-0.8375747024123387,0.5156539661640063,0.9437390418267099,0
-0.35297953711749996,1.5403837874987651,0.6984849542151986,-0.8163197139147749,-0.25946864003393266,-1.5650700054022098,0.40891311585357804,-0.7031984102490143,1
-0.35297953711749996,-1.5245292685553782,0.9386608704467082,-0.17926537599029735,-1.4903448129537473,-0.6586011910186942,0.7409060127065596,0.37226412286743354,0
-0.35297953711749996,2.1886793729948444,0.6609246487398586,0.0791227034663497,-0.27521283159661025,-0.6660809047791973,1.3188013618642709,2.4301613406310825,0
-0.35297953711749996,-1.2463139099760583,0.9287557646071858,-0.9897861144698502,-0.7978196480068271,-0.5843283973760997,0.018572092039291,1.3923625472513468,0
-0.3161114318244851,-1.963796377212398,0.9692800060034845,-0.5279117463305671,-2.1648270369147227,-0.8947768577308987,0.11890664494154743,0.08755203767287756,0
-0.35297953711749996,-0.567162708702619,0.8803335693958744,-0.5330073345362765,-1.573946102084467,-0.2215532384101523,1.2004248296986997,0.12949454785712256,0
-1.570597110012427,1.074467180290771,0.728510349777263,0.22601308732441716,-0.608563863036217,-1.2838173350905882,0.4416560204354478,2.305484432924535,1
-0.35297953711749996,-1.0034104880976973,0.9077573012986246,-1.0501319402635763,-0.46215885122313094,-1.1143271948724571,0.7889801371477372,-0.005528314932186196,0
-1.5609944477656215,1.6650560154787803,0.691261818546864,-0.6441192490337894,-1.3397213734198532,-0.925116981811127,0.5023054707108304,0.8858017157094078,1
-0.35297953711749996,2.570794113001734,1.4926698275974224,1.0987314405838327,1.1595438344428564,-1.3957623114358373,0.35432371118949507,-0.7183974161704756,0
-0.35297953711749996,-1.9887308228084009,0.9707246331371514,-0.5623518393067641,-0.9253062159105504,-1.5136680662124244,0.0157170881159725,2.1326148467180337,0
-0.35297953711749996,-1.3959205835520765,0.9374235274091874,-1.196426672327033,-1.0671453730413425,-1.1257190858636579,0.4773935693821694,-0.82650861304509,0
-0.35297953711749996,-0.2649300322886412,0.8598026401378454,-0.2882044542089415,-1.2197839098755063,-0.5879236042479804,0.9449407663219173,1.0382417164096698,0
-0.35297953711749996,-1.4956583659360887,0.9432020359438551,-1.3341870442318213,-1.5970515969013774,-0.7988727173928163,0.5236509897976915,0.3861456693642908,0
-0.35297953711749996,-1.3530074786452986,0.9317438841650657,0.23029351023011246,-0.7020399673871305,-1.2271670102756858,0.4497812702287984,2.485687526618511,0
-0.35297953711749996,1.5653182330947681,0.6970403270815317,-0.7818796209385778,-1.8054225850170451,-0.8478232697287866,0.3162554217290246,1.5917521811087165,0
-0.35297953711749996,-1.366272572368599,0.9338248823033348,-1.2629889277467985,-2.1648270369147227,-0.8947768577308987,0.11890664494154743,0.08755203767287756,0
-0.35297953711749996,1.3528286043601756,-0.5639395348637144,0.9962791618627431,-1.043685554012115,-1.1372282959232534,0.4754475794860442,-0.780956869198113,0
-0.35297953711749996,-1.3460516923600705,0.9345342731418536,-1.1275464863746385,-2.777788168979437,-1.254461497677167,-0.6430940771112912,0.8005418472518263,0
-0.35297953711749996,-1.5524830434133228,0.9433009012344011,-0.045227233579464315,-1.7332104148313432,-0.7983310031275628,0.4448742304274949,0.57190138165701,0
-0.35297953711749996,1.7149249066707863,0.6883725642795302,-0.5752390630813952,-1.8579373646685489,-0.6708841297975568,0.5452914409659331,-0.12041414901481318,0
-0.35297953711749996,-1.3460516923600705,0.9345342731418536,-1.1275464863746385,-1.4331974777707666,-0.8684666569962246,0.510430720504181,1.0660048094033843,0
-0.35297953711749996,1.190470881900626,-0.4574400288485734,0.614055431468431,-1.452723995999173,0.5201782717261372,-0.4603923164718966,0.9247091333988573,0
-0.35297953711749996,-1.7643208124443737,0.9577229889341491,-0.2523910025209903,-0.025892813349903898,-1.4439286598741057,0.6171281035439502,0.9742099333624432,0
-0.35297953711749996,-1.677518544774617,1.480920125755519,-0.24080145382783186,-0.22847976661537472,-2.334695326652093,-1.240557907987666,0.3224579513013979,0
-0.35297953711749996,1.6899904610747833,0.6898171914131971,-0.6096791560575923,-0.7604283227020968,-1.2761921545951749,0.4519514174122039,-0.23095855815561128,1
-0.35297953711749996,0.44918283747674864,0.8193523262751197,0.7442400924077202,-0.04091024229364226,1.3597718641390744,-1.3453570871687708,1.103015233197147,1
0.14828691058203125,-0.015585576328610684,0.845356368801176,0.056196475553029424,-1.2624666234545585,-0.6440322147976293,0.85803875715837,1.0437943350084127,1
-0.35297953711749996,-2.676571367081439,-0.16057739605557741,0.6896064115694164,-2.6199139298097736,-1.0288560365789268,-0.2945963622576211,0.5812126039372195,0
-0.35297953711749996,1.763963130608696,-0.49066645292291255,1.4061775699209642,-1.753403043082188,0.09214515551440516,1.4425541428138426,0.6672790008819974,0
-0.35297953711749996,-1.4662100358640886,-1.0127170381754136,-1.0606896182325891,-2.1780577165114394,-1.0916987089199233,-0.10647362776067126,-0.07876950952424167,0
-0.35297953711749996,2.1388104818028384,0.6638139030071923,0.010242517513955385,-1.7253015599449397,-0.5750809686676478,-0.3047506632147139,0.45947664317807485,0
-1.5609944477656215,1.6401215698827774,0.692706445680531,-0.6785593420099865,0.24082146820787242,-1.8105085545793853,0.36741409599511193,0.26821091014750087,1
-0.35297953711749996,2.6873682849149056,0.63203210606652,0.7679245629902915,-1.169241067398768,-1.701143467640432,-1.4877702386922516,2.536179599370092,0
-0.35297953711749996,1.8894660258428078,0.6782601743438617,-0.3341584122480155,-1.5512924659217715,-1.8513055220474748,-0.6129781780452755,-0.6612068720164423,0
-0.35297953711749996,-2.2316342446867616,0.9917230964457125,-0.502006013513038,-1.4255963241523555,-1.2682295170352487,0.057216107974438546,1.1612055263215186,0
-0.35297953711749996,-1.4152385741003313,0.9374982090628121,0.22977029914576896,0.4508570371345759,-1.7209293498316711,0.5760980054057192,0.4549620428508591,0
-0.35297953711749996,1.6151871242867744,0.6941510728141979,-0.7129994349861837,-0.06174207550877009,1.5626128729890736,-1.117522747341247,0.8414929690818933,0
-0.08431414044195645,1.7647937978627926,0.6854833100121963,-0.506358877129001,-0.35802029264825075,-1.2717047934842023,0.6011022124125469,1.9759490190809788,1
-0.35297953711749996,-0.9350886267700038,0.9054336922523172,0.6809787057453787,0.4992264990401196,-1.3306386326001012,-0.09280325714563492,0.22430846672045324,0
-0.35297953711749996,-1.0034104880976973,0.9077573012986246,-1.0501319402635763,-1.7787911476633713,-0.6662924470379873,0.5402206586698711,1.4885830901916424,0
-0.35297953711749996,-0.9666306604731916,1.7041572224555108,-0.4065997766170169,-2.234038467713572,-0.4429515496083031,0.5779833832651484,0.6046329930440957,0
-0.35297953711749996,-0.828869368925676,0.8976449113629562,-0.8090512894301968,-1.082569692775458,-0.47341044810487476,1.15929378509726,0.7218913086421621,0
-0.35297953711749996,-1.7673401417063153,0.960918392588175,-0.08391276713396018,-1.6397343104804296,-0.8549813279424652,0.43674898063414436,0.39169828796303363,0
-0.35297953711749996,2.31335160097486,0.6537015130715239,0.25132316834733515,-1.3264906938231364,-0.7281951306221025,0.7276857434130491,1.052123262906527,1
-0.35297953711749996,-2.0820275711107437,0.983055333643711,-0.2953654556558554,-1.4560201315015902,-0.8843435270665567,0.511392071937853,0.11426542200363687,0
-1.2543494333509684,-0.9286071513096883,0.9034234198976239,-0.9468116613349852,-1.8940664539273575,-0.6423678175325187,0.5486597609720955,0.17113918734769396,0
-0.35297953711749996,-0.7073090189350263,0.8923581205157418,-0.5033793722247921,-1.4261121280388442,-0.4814303312207916,0.21920912326812234,0.3571034315370448,0
-1.618610421246454,1.8146626890547986,0.6825940557448624,-0.43747869117660687,1.0254422370692025,0.5663362909888263,-1.662590433028082,0.7913427325315239,1
-0.35297953711749996,-0.8384222809967111,0.8930290642121845,-1.080326592661475,-1.690527701252291,-0.7422223925779139,0.5317762395910421,0.5663487630582671,0
-0.35297953711749996,1.6151871242867744,0.6941510728141979,-0.7129994349861837,-1.205170941710434,-0.4450109846509205,0.10431723063305681,1.0272636050738395,1
-0.35297953711749996,1.6899904610747833,0.6898171914131971,-0.6096791560575923,-1.4331974777707666,-0.8684666569962246,0.510430720504181,1.0660048094033843,1
-0.35297953711749996,-0.601954781503266,0.8852096665010319,1.0950180641289953,-1.2121827562570953,-0.9876864642870046,0.49172615379217477,1.1334424333278044,0
-1.8842840767414035,0.17490393592071513,0.8352432247454558,0.36539906966955205,-0.029270812318460737,-1.6348925078746361,0.39130196713682125,1.188724159059516,1
-0.35297953711749996,-0.3147989234806473,0.8626918944051791,-0.3570846401613356,-0.9987691883618351,-0.7071434115387604,0.926236199609911,1.1056793403340899,0
-0.35297953711749996,0.8999260611187498,0.7386227397129316,-0.015067563508962545,0.25385357427186905,-0.9360044326199972,0.20036175498497705,0.9275311806360242,1
-0.35297953711749996,1.7897282434587956,0.6840386828785293,-0.47191878415280386,-1.2121827562570953,-0.9876864642870046,0.49172615379217477,1.1334424333278044,0
-0.35297953711749996,-0.9720350084200249,0.9128648661368497,-0.6109450917316821,-1.716454709080785,-0.7295027983243031,0.5339268825780212,0.5160064983608821,0
-0.35297953711749996,-1.5897796932723525,0.9476105989984807,-0.011310351687610687,-1.0597168413298594,-1.8998477425675409,-0.4276479911419242,0.07220834545021393,0
-0.35297953711749996,2.014138253822823,0.671037038675527,-0.16195794736703006,-0.9635723297545576,-1.947015513913891,-0.4356231698020977,0.25889137817585367,1
-0.27602828796563383,-1.7520671560523373,3.140857417294645,1.1551813335962817,-1.0177585461836212,-1.1499478901768643,0.47329693649906507,-0.7306146045007282,0
-0.1904803052572922,-1.8640585948283859,0.9635014974688167,-0.3901513744257788,0.17679739783929427,-1.8946714704038585,0.2370610822497911,0.27653983804561516,0
-0.35297953711749996,-1.4530611760798486,-0.2423891732304796,0.242482833214841,-1.690527701252291,-0.7422223925779139,0.5317762395910421,0.5663487630582671,0
-0.35297953711749996,-2.2565686902827653,0.9931677235793794,-0.5364461064892352,-2.399581961599509,-1.2033742157539673,-0.3590544054579624,0.11809143996596339,0
-0.3161114318244851,-2.3563064726667773,0.9989462321140472,-0.6742064783940236,-2.399979835736921,-1.132026242700051,-0.31267715953856534,1.1667189974106282,0
-0.35297953711749996,-1.9023959490114621,-0.21262408182937087,1.3851479118037415,-2.5595413699863947,-1.2404719791995835,-0.4814495914710065,-0.059856514231164226,0
-0.35297953711749996,0.8999260611187498,0.7386227397129316,-0.015067563508962545,-1.8940664539273575,-0.6423678175325187,0.5486597609720955,0.17113918734769396,0
-0.35297953711749996,2.088941590610832,0.6667031572745262,-0.05863766843843882,0.012133914311011962,1.261370686383053,2.672451729512583,1.8096509319634362,0
-0.35297953711749996,-2.1912257168383666,0.9854770538605129,-0.669394347729311,-2.1448901757145284,-1.57009281326697,-0.6957696860855684,1.8572796606748083,0
-0.35297953711749996,-1.2532696962612864,0.925965375630398,0.36805388213490087,-2.1173548370428117,-1.3033084980744023,-0.3372438520444302,0.6218749490456958,0
-0.35297953711749996,1.3400775554766442,-0.4661077916505749,0.8206959893256136,-1.2377611181370145,-0.3577047804330544,0.05543661302325947,0.8998365983996623,0
-0.08431414044195645,1.4647497834566594,-0.47333092731890947,0.9928964542065992,-2.234038467713572,-0.4429515496083031,0.5779833832651484,0.6046329930440957,1
0.17205023911212614,1.9393349170348138,0.6753709200765278,-0.2652782262956213,0.3925197150924895,-1.470910158974223,-0.310058280054503,0.23819001321731037,1
-0.35297953711749996,-2.156830907898753,0.9873892150447118,-0.3986857345844468,-0.16084770583798902,1.0225784865759273,-1.7879923827798576,0.9505752324968849,0
-0.35297953711749996,1.4905148963067592,0.7013742084825325,-0.8851998998671691,-1.716454709080785,-0.7295027983243031,0.5339268825780212,0.5160064983608821,0
-0.35297953711749996,-0.7041971409456607,0.8904217756946216,-0.6368508245492113,-1.2786443139507926,-1.0219593025816047,0.49493738766730655,-1.237174422879832,0
-1.570597110012427,1.2490082994627925,0.7183979598415946,0.46709373815779687,1.017091340086953,-1.613992818708414,0.2821913162039555,-0.6975932124706907,1
-0.35297953711749996,-1.1530171616737157,0.9164250641006262,-1.256772498120759,-1.8940664539273575,-0.6423678175325187,0.5486597609720955,0.17113918734769396,0
-0.35297953711749996,1.6401215698827774,0.692706445680531,-0.6785593420099865,-0.25946864003393266,-1.5650700054022098,0.40891311585357804,-0.7031984102490143,1
-0.35297953711749996,-1.6437704842980512,-0.9994092445857188,-1.1332920336789385,-1.6806528860320973,-0.36182476478427444,0.9831698067898317,0.1433760943539797,0
-0.35297953711749996,1.6899904610747833,0.6898171914131971,-0.6096791560575923,-1.5884065683436286,-0.5611769666753565,0.7946329100686631,0.4993486425646535,0
-0.35297953711749996,-2.5316782590928955,-0.16709114088539323,0.9972493178225621,-1.2377611181370145,-0.3577047804330544,0.05543661302325947,0.8998365983996623,0
-0.35297953711749996,1.9393349170348138,0.6753709200765278,-0.2652782262956213,0.8776841729250964,-1.159843244335183,1.4451180970411914,0.39943585686343047,1
0.14828691058203125,-0.6084866426495829,0.8829502135213536,-0.6008286373792051,-0.7020399673871305,-1.2271670102756858,0.4497812702287984,2.485687526618511,1
-0.35297953711749996,1.7398593522667893,0.6869279371458632,-0.5407989701051981,-1.8940664539273575,-0.6423678175325187,0.5486597609720955,0.17113918734769396,0
-0.09794310827539326,1.8894660258428078,0.6782601743438617,-0.3341584122480155,-1.189276476723088,-0.6136819744789969,0.942038762188392,0.7357728551390192,1
-0.35297953711749996,0.18595851376348793,1.605714194905559,1.1459921908703954,-1.6205216712472499,-0.006082547107308822,1.4303946101270328,-0.1820141234035073,0
-0.35297953711749996,-0.5795249129656456,0.883198640026287,-0.46465035966822577,-1.4331974777707666,-0.8684666569962246,0.510430720504181,1.0660048094033843,0
-0.35297953711749996,-2.281503135878768,0.9946123507130464,-0.5708861994654322,-1.7258767509051212,-0.23193622138484982,1.0784186616930165,0.9945566119769002,0
-0.35297953711749996,1.5902526786907711,0.6955956999478647,-0.7474395279623807,-1.4331974777707666,-0.8684666569962246,0.510430720504181,1.0660048094033843,0
-0.35297953711749996,-0.7515614550792842,0.8938774293030335,0.8883775062718127,-1.0470046130272332,-1.0877911437799164,0.4773683274421794,0.8150122566817338,0
-0.35297953711749996,-1.0283449336937005,0.9092019284322916,-1.0845720332397735,-1.9514134690194624,-0.6142338049826545,0.5534166907592836,0.05978894467916318,0
-0.35297953711749996,1.6102754726132935,0.8120349482814546,-0.911118591387479,-0.132599597297534,-1.584200186248228,0.39987308063508215,0.9880914798593003,1
-0.35297953711749996,-1.4707239203400857,0.9417574088101882,-1.2997469512556241,-1.3264906938231364,-0.7281951306221025,0.7276857434130491,1.052123262906527,0
-0.35297953711749996,1.390777113922747,0.7071527170172002,-1.0229602717719575,-1.0495625791336967,-0.5943844761742092,1.0212634585668088,1.2803298154293232,0
-0.35297953711749996,-2.338533698487428,-0.7184661724974817,-2.0037643265550313,-1.3397213734198532,-0.925116981811127,0.5023054707108304,0.8858017157094078,0
-0.35297953711749996,-0.5142744882486716,0.8742489114745146,-0.6326053839709125,-1.716454709080785,-0.7295027983243031,0.5339268825780212,0.5160064983608821,0
-0.35297953711749996,-1.3164036811765927,0.930935628036001,-1.1941087417944045,-1.6319980775009544,-1.006097090147409,-0.7647028610024156,1.082789791061268,0
-0.35297953711749996,-2.5910075136285124,-0.16755867493592536,0.6921006117015008,-1.5190724285032688,-1.2115791922203463,0.06534135776778915,1.3414086200154949,0
-0.35297953711749996,-1.0782138248857065,0.9120911826996254,-1.1534522191921677,-0.132599597297534,-1.584200186248228,0.39987308063508215,0.9880914798593003,0
-1.6698246198960827,2.460428025246506,1.1765166635939057,0.501439098581794,0.6676486039983927,-1.2494224490828967,1.2364341876305844,0.21268472416007211,0
-0.35297953711749996,1.5653182330947681,0.6970403270815317,-0.7818796209385778,-0.6645446142383499,-0.6350701757789681,1.1261130314612675,2.9888869354928724,0
-0.35297953711749996,-0.7356130620019794,0.8938766751829818,0.9564994495549555,-1.794618254624353,-1.3993990782602044,-1.2942401657770495,0.9359024089597491,0
-0.35297953711749996,-1.4956583659360887,0.9432020359438551,-1.3341870442318213,-2.6608656035040923,-1.0040376551047916,-0.2910367083703239,0.6601591790315244,0
-0.35297953711749996,-1.4707239203400857,0.9417574088101882,-1.2997469512556241,-1.2975481834151994,-1.0999036853863022,0.3179221354650803,1.14454767052529,0
-0.35297953711749996,1.440646005114753,0.7042634627498663,-0.9540800858195633,-1.4331974777707666,-0.8684666569962246,0.510430720504181,1.0660048094033843,0
-0.35297953711749996,-1.2880208616300846,-0.2472958871574289,2.279832086515615,-2.674974240615538,-0.8426106694505529,-0.10896726461054268,0.4695990108955965,0
-0.35297953711749996,1.5902526786907711,0.6955956999478647,-0.7474395279623807,-0.3951502951409569,-1.003274282342344,0.876166066253184,2.2777213399308205,0
-0.35297953711749996,-0.6882016311110729,1.0051679703896113,-0.9022680727090917,-1.4961661489692617,-0.8375747024123387,0.5156539661640063,0.9437390418267099,0
-0.35297953711749996,2.064007145014829,0.6681477844081932,-0.09307776141463578,-1.1442850137861011,-0.4143551052479569,0.04731136322990892,0.719633504705686,0
-0.35297953711749996,-1.2712483555720613,0.9302003917408528,-1.0242262074460473,-1.4961661489692617,-0.8375747024123387,0.5156539661640063,0.9437390418267099,0
-0.35297953711749996,2.31335160097486,0.6537015130715239,0.25132316834733515,-1.716454709080785,-0.7295027983243031,0.5339268825780212,0.5160064983608821,0
-0.35297953711749996,2.612564948126896,0.6363659874675208,0.6646042840617002,-1.6390098920476157,-1.5487725697834929,-0.3772939378432977,1.188968619315233,1
-0.27700677796393186,-1.8391241492323827,0.9620568703351499,-0.3557112814495817,0.4992264990401196,-1.3306386326001012,-0.09280325714563492,0.22430846672045324,0
-0.35297953711749996,-0.6543282497536547,0.8875325214272878,-0.5679706385968171,-1.3397213734198532,-0.925116981811127,0.5023054707108304,0.8858017157094078,0
-0.35297953711749996,-0.8512992374632963,0.8996559378377011,0.7506171343670243,-1.9791721631325667,0.03906298454706503,0.11807362782481151,0.5675525007738478,0
-0.35297953711749996,-0.38407663228555544,0.8699485693183513,-0.2908678005934312,-0.31898821874650407,-0.5721934295016265,0.48034797335881596,-0.2974628554788703,0
-0.35297953711749996,1.9842684688871408,-0.7483928923539878,-1.0217784265596634,-1.6987158010694152,-0.7075517433546644,0.5335104446378927,1.5778706346118594,0
-0.35297953711749996,1.8894660258428078,0.6782601743438617,-0.3341584122480155,0.29422753849298644,-1.0231140807517396,1.2688931722705545,0.9325652938718717,1
-0.35297953711749996,-0.5635294031310578,0.9979448347212766,-0.7300676078281063,-1.4318734536715154,-0.8989773968857281,0.5092931634476962,0.0677154927182203,0
-0.35297953711749996,1.7149249066707863,0.6883725642795302,-0.5752390630813952,-0.029270812318460737,-1.6348925078746361,0.39130196713682125,1.188724159059516,1
-0.35297953711749996,-0.9350886267700038,0.9054336922523172,0.6809787057453787,-1.2786443139507926,-1.0219593025816047,0.49493738766730655,-1.237174422879832,0
-0.35297953711749996,1.390777113922747,0.7071527170172002,-1.0229602717719575,-0.45609794810898097,-2.1959786133711248,-0.47771812449865114,1.2442503450469444,0
-0.35297953711749996,-1.5045237589745935,-1.1400893922196191,-2.653096855338326,-1.9193714691077335,-0.40429519434015015,0.7780021855892894,1.0082392075387803,0
-0.35297953711749996,-2.3064375814747713,0.9960569778467133,-0.6053262924416294,-0.7152706469838471,-1.4240888614647105,0.22440099752657972,2.3193659794213923,0
-0.35297953711749996,1.3238116362508014,0.7140640784405938,0.5704140170863881,-1.7037583808490075,-0.9391442437669384,0.3063959668888235,0.4000272158611479,0
-0.35297953711749996,1.9642693626308168,0.6739262929428609,-0.2308381333194242,-0.37936164943777684,-1.2997590987590266,0.5576512078307732,1.9787253283803499,1
-0.35297953711749996,1.8894660258428078,0.6782601743438617,-0.3341584122480155,-0.608563863036217,-1.2838173350905882,0.4416560204354478,2.305484432924535,1
-0.35297953711749996,1.9144004714388108,0.6768155472101948,-0.2997183192718184,-0.5573290844062424,-0.0031446864452120415,0.954632755556523,1.0391750430108309,1
-0.35297953711749996,-0.9784760425016943,0.9063126741649578,-1.0156918472873793,-0.6007692643326153,-1.4700923242418757,0.3030439080880538,0.21169412008653932,0
-0.35297953711749996,2.1388104818028384,0.6638139030071923,0.010242517513955385,-1.524586333228942,-0.053147699486165934,1.4224367823947561,0.004262758691734536,0
-0.08431414044195645,1.6899904610747833,0.6898171914131971,-0.6096791560575923,0.2792101095492481,1.7805864432614404,-0.6935920184421662,1.0613705937065754,1
-0.35297953711749996,-1.80265816662745,-0.21840259036403853,1.52290828370853,-1.316221132980337,-1.1184754371925745,0.27462120201648366,1.5142101062442777,0
-0.1777948813507857,1.9274596800306856,-1.0384428394291483,-1.528273819036863,-1.174543230189991,-1.0252216613040388,0.48794764436083504,0.5673715390633374,0
-0.35297953711749996,-2.5411386224365065,-0.17044792920325924,0.7609807976538949,-2.0581202529670923,-0.7545053313567766,0.3361616678504155,0.07367049117602043,0
-0.35297953711749996,2.2136138185908476,0.6594800216061916,0.11356279644254674,-1.5882838593021185,-0.7597538840977508,0.5244180960913901,1.858489575386713,0
-0.35297953711749996,-0.5112030516379521,0.8808750309799794,1.2664602863407297,-1.5195882323897576,-0.42478000640588914,0.2273343730614729,0.5373065252310212,0
-0.35297953711749996,-1.4192658581882653,0.9358051554242119,0.12803211441098677,-0.7477160943994705,-0.46413555580755034,1.3569677359963075,0.5118453530759086,0
-0.35297953711749996,-1.0129112928199544,0.912962977307344,0.7461366622038177,-0.029270812318460737,-1.6348925078746361,0.39130196713682125,1.188724159059516,0
-0.35297953711749996,-1.2003814758073388,0.9198807177090382,0.26845583270026485,-0.3951502951409569,-1.003274282342344,0.876166066253184,2.2777213399308205,0
-0.35297953711749996,-1.0034104880976973,0.9077573012986246,-1.0501319402635763,-1.5970515969013774,-0.7988727173928163,0.5236509897976915,0.3861456693642908,0
-0.35297953711749996,-1.9771992857994714,-0.2082902004283701,1.2818276328751503,-1.690527701252291,-0.7422223925779139,0.5317762395910421,0.5663487630582671,0
-0.2707164851177303,-1.5399108020803463,0.9447213447311468,0.057569834264783515,-0.9508601014519314,-1.1349589151262665,0.4693931487820058,1.0016952894073734,0
-0.35297953711749996,1.6401215698827774,0.692706445680531,-0.6785593420099865,-1.2121827562570953,-0.9876864642870046,0.49172615379217477,1.1334424333278044,0
-0.35297953711749996,1.2910393315387347,0.7129312255518679,-1.160720643676746,-1.716454709080785,-0.7295027983243031,0.5339268825780212,0.5160064983608821,0
-0.35297953711749996,-1.0039252403012562,0.9115191042937287,0.7124548118968719,-0.45686561615160004,-0.9442189394854261,-0.23581635561416703,2.2754635359943443,0
-0.35297953711749996,-2.0825962490729566,1.965785757341313,0.26986561645173146,-0.8463032734345992,-1.6193046898192964,0.006862054675812024,0.04444525245649966,0
-0.35297953711749996,-1.0283449336937005,0.9092019284322916,-1.0845720332397735,-1.690527701252291,-0.7422223925779139,0.5317762395910421,0.5663487630582671,0
-0.35297953711749996,-1.1505125846153328,0.9169914634417042,0.33733601865265905,-0.7020399673871305,-1.2271670102756858,0.4497812702287984,2.485687526618511,0
-1.6166898887970926,-0.7790004777336699,0.8947556570956223,-0.7401711034778025,-1.6229786047298713,-0.7861531231392055,0.5258016327846707,0.3358034046669057,0
-0.23678384981960948,-2.206699799090759,0.9902784693120457,-0.46756592053684104,-0.5367451939640373,-1.3859294084174025,0.4333969218333747,0.20336519218842497,0
-0.35297953711749996,-1.9147581532744886,-0.20975901119895835,1.4535048866717923,-0.47339801181568153,-1.0588138723359968,0.1363960853295256,-1.4795374120397735,0
-0.35297953711749996,2.137290310727436,2.1904369428160764,0.6283300361455855,0.557563821082206,-1.5806578234575492,0.7933530283145873,0.441080496354002,1
-0.35297953711749996,-1.8212363169862553,0.9621145932169087,-0.25453113782113657,-1.5473321856077997,-0.7845722655718862,0.5208584422040929,1.7795430002924082,0
-0.35297953711749996,-1.3959205835520765,0.9374235274091874,-1.196426672327033,-1.716454709080785,-0.7295027983243031,0.5339268825780212,0.5160064983608821,0
-0.35297953711749996,1.9393349170348138,0.6753709200765278,-0.2652782262956213,-0.5927738857864424,0.05678370280772782,2.023090631072907,0.7886308902314076,1
0.17205023911212614,1.8645315802468045,0.6797048014775285,-0.3685985052242126,-1.0850608562591593,0.2665481895770849,0.9987794742384948,0.37618736419693183,1
-0.35297953711749996,2.113876036206835,0.6652585301408593,-0.024197575462241577,-0.2751556434040303,1.2820698202408298,-1.5520327931589832,0.8692560620756076,1
-0.321038827887343,-1.156036490935657,0.9196204677546522,-1.0882942627337289,-1.7193612027161178,-0.6950397894457893,0.5353050107104558,1.6176708089251162,0
-0.35297953711749996,-1.7829513314586902,-0.31344394460039027,0.3406514596409085,-1.3397213734198532,-0.925116981811127,0.5023054707108304,0.8858017157094078,0
-0.35297953711749996,-1.8889930404243889,0.9649461246024837,-0.42459146740197584,-0.132599597297534,-1.584200186248228,0.39987308063508215,0.9880914798593003,0
-0.35297953711749996,1.9144004714388108,0.6768155472101948,-0.2997183192718184,0.20548411236632558,-1.3262951498515676,0.8692630175363312,1.15818475676643,0
0.17205023911212614,2.1388104818028384,0.6638139030071923,0.010242517513955385,1.4010938106762856,-1.089530687607288,-0.7043316658647041,-0.5608307589720196,1
-0.35297953711749996,-0.5142744882486716,0.8742489114745146,-0.6326053839709125,0.4508570371345759,-1.7209293498316711,0.5760980054057192,0.4549620428508591,1
-0.35297953711749996,1.4905148963067592,0.7013742084825325,-0.8851998998671691,-0.5470147548068366,-0.9956491018469307,0.8864614632299401,-0.25872165114932555,1
-0.35297953711749996,-1.0757092478273236,0.9126575820407035,0.44065629758125047,-2.1802301788727085,-0.4689409499820833,0.5735340511783702,0.7228051868694262,0
-0.35297953711749996,1.98920380822682,0.672481665809194,-0.1963980403432271,-0.8982812694642603,-0.22111825671757868,0.5307020266574425,0.8192974183861488,1
-0.35297953711749996,1.5403837874987651,0.6984849542151986,-0.8163197139147749,-1.2624666234545585,-0.6440322147976293,0.85803875715837,1.0437943350084127,1
-0.35297953711749996,-0.8663760558546555,0.8976690949998776,-0.9462884502506416,-0.2911797961445486,-0.2355641924718206,0.6994303389976735,1.0295114218153336,0
-0.35297953711749996,-1.8267619449693562,0.9591917997047373,-0.4240682563176324,-1.9514134690194624,-0.6142338049826545,0.5534166907592836,0.05978894467916318,0
-0.35297953711749996,1.440646005114753,0.7042634627498663,-0.9540800858195633,-0.5529535484684023,0.4201710633775264,-0.08432396262375125,0.7606270020789134,0
-0.35297953711749996,0.1334524192851946,1.8194190296967765,0.828068105517799,-1.0041693520963915,-1.3141051218004622,-0.8167811977795374,2.3018398290761795,0
0.17205023911212614,1.7647937978627926,0.6854833100121963,-0.506358877129001,0.18414275557679938,-1.3543494551263917,0.8258120129545575,1.1609610660658016,1
-0.35297953711749996,-1.0532793792897035,0.9106465555659585,-1.1190121262159707,-1.4331974777707666,-0.8684666569962246,0.510430720504181,1.0660048094033843,0
-0.26886434333523757,1.98920380822682,0.672481665809194,-0.1963980403432271,-1.5482709043726501,-0.3961167360225342,0.9732437361154542,1.4278417740414708,0
-0.35297953711749996,-1.6492014965353934,0.9458840061150429,-0.35146584087128296,-1.7158224764648762,-0.6971844016218732,0.5349974130100458,1.6108488577683167,0
-0.35297953711749996,-1.4956583659360887,0.9432020359438551,-1.3341870442318213,-1.9171719487442678,-1.2196872965151826,-0.1281140789289127,0.4277903088548623,0
-0.35297953711749996,-1.3211172467640675,0.9330896460081867,-1.0931063933984415,-1.3280040828063175,-1.190364841505591,0.2729254349712503,-1.1119426337144442,0
-0.35297953711749996,1.8395971346508015,0.6811494286111955,-0.4030385982004097,-1.189276476723088,-0.6136819744789969,0.942038762188392,0.7357728551390192,1
-0.35297953711749996,1.465580450710756,0.7028188356161994,-0.9196399928433662,-0.9787613143274543,-0.6901056083684566,0.18247282844381918,1.587425846545125,0
-0.18569269347990544,-1.3900014280264004,2.9128338921073857,1.403229447126441,1.608898871501312,0.429607127405383,-1.486365508257445,0.25821329552308264,1
-0.35297953711749996,-2.3064375814747713,0.9960569778467133,-0.6053262924416294,-1.9514134690194624,-0.6142338049826545,0.5534166907592836,0.05978894467916318,0
-0.35297953711749996,-2.3064375814747713,0.9960569778467133,-0.6053262924416294,-1.6390098920476157,-1.5487725697834929,-0.3772939378432977,1.188968619315233,0
-0.35297953711749996,2.039072699418826,0.6695924115418601,-0.12751785439083296,0.04420782993037631,1.0212705927266605,-1.6698982868943753,0.6703660572381168,1
-0.09794310827539326,1.6899904610747833,0.6898171914131971,-0.6096791560575923,-0.7593535153513742,-0.6700779681975799,0.013079583358318214,-0.7745170479277759,1
-0.35297953711749996,1.440646005114753,0.7042634627498663,-0.9540800858195633,-1.8940664539273575,-0.6423678175325187,0.5486597609720955,0.17113918734769396,0
-0.2622245897753581,-0.6638811618246897,0.8829166742765162,-0.839245941828095,-0.9004204365410999,-0.8487228317621496,0.8270752725865251,0.839351711572179,0
-0.35297953711749996,-1.3460516923600705,0.9345342731418536,-1.1275464863746385,-1.2095143490327072,-0.9782039108184524,0.49187622492535177,1.5003285597474203,0
-0.35297953711749996,-0.43394552347756143,0.8728378235856852,-0.3597479865458254,-1.4972215481393447,-0.9526295728206979,0.38007770675886016,1.0743337373014985,0
-0.17202877957510088,2.014138253822823,0.671037038675527,-0.16195794736703006,-0.4436349365548834,-0.7472970882964016,-0.010436082911948419,2.441785083191464,1
-0.35297953711749996,-1.04524917424822,0.9141357484192081,0.6446335090539431,-1.690527701252291,-0.7422223925779139,0.5317762395910421,0.5663487630582671,0
-0.35297953711749996,-1.0787285770892652,0.9158529856947295,0.6091345329682806,-1.6478449876732388,-0.6861137820282651,0.6186782487545894,0.5607961444595242,0
-0.35297953711749996,-1.8624755120887473,-0.20778912713300046,1.8253936434451012,-1.4331974777707666,-0.8684666569962246,0.510430720504181,1.0660048094033843,0
-0.35297953711749996,-1.8397760089359245,-0.31334507930984434,1.6296112702932655,-0.4436349365548834,-0.7472970882964016,-0.010436082911948419,2.441785083191464,0
-0.35297953711749996,2.1637449273988416,0.6623692758735255,0.0446826104901526,-1.1171734441961003,0.32252259986249543,-0.4893632395612756,0.468937142421487,1
-0.35297953711749996,-1.3912070179646019,0.9352695094370018,-1.297429020722996,-1.2121827562570953,-0.9876864642870046,0.49172615379217477,1.1334424333278044,0
-0.35297953711749996,-1.3709861379560735,0.9359789002755204,-1.161986579350836,-1.589505375612453,-0.609785561996711,0.7052417774498432,1.5207970454765258,0
-0.35297953711749996,1.5653182330947681,0.6970403270815317,-0.7818796209385778,-0.029270812318460737,-1.6348925078746361,0.39130196713682125,1.188724159059516,1
-0.35297953711749996,-1.3709861379560735,0.9359789002755204,-1.161986579350836,-1.3056588606080088,-0.9310361394721022,0.4998514035855254,1.3136455270217806,0
-0.09794310827539326,1.8146626890547986,0.6825940557448624,-0.43747869117660687,-0.025892813349903898,-1.4439286598741057,0.6171281035439502,0.9742099333624432,1
-0.35297953711749996,2.263482709782854,0.6565907673388578,0.182442982394941,-1.716454709080785,-0.7295027983243031,0.5339268825780212,0.5160064983608821,0
0.17205023911212614,2.288417155378857,0.6551461402051908,0.21688307537113805,0.29758363285050105,-2.664669463917778,-0.543641164849598,-0.6085256315480267,1
-0.35297953711749996,-1.4367968679520062,0.9375216385796816,0.16065508160846703,-2.234038467713572,-0.4429515496083031,0.5779833832651484,0.6046329930440957,0
-0.35297953711749996,-0.1444847381644495,0.8630381527536555,0.4245756280868591,-1.6748708027705574,-0.7220027830960086,0.5314377591227486,1.5319022826740116,0
-0.35297953711749996,1.5154493419027621,0.6999295813488655,-0.850759806890972,-1.3397213734198532,-0.925116981811127,0.5023054707108304,0.8858017157094078,0
-0.35297953711749996,-1.146576127592046,0.9229772560725181,-0.8520257425650618,-1.6930084381872152,-0.13436388300337032,0.09319933761853677,0.015886501252115548,0
-0.35297953711749996,-1.6749666093854934,-0.22882112968639923,1.526630513202485,-1.716454709080785,-0.7295027983243031,0.5339268825780212,0.5160064983608821,0
-0.35297953711749996,-1.4457894747440827,0.9403127816765213,-1.265306858279427,-1.6927592214386866,-0.7709888092904686,0.5309336146159376,-0.4388443256608836,0
-0.35297953711749996,1.3650120010726472,-0.4675524187842419,0.8551360823018106,-1.3056588606080088,-0.9310361394721022,0.4998514035855254,1.3136455270217806,1
-0.35297953711749996,-0.0413723752634626,0.8489095751172687,0.12338549021920436,-1.4095650368346113,-0.5056100703909613,0.960311678602407,0.3080403116731914,1
-0.35297953711749996,1.465580450710756,0.7028188356161994,-0.9196399928433662,1.555598157838796,1.0767300748589066,-0.8021414548908703,0.9364492257443107,1
-0.35297953711749996,-1.5430226800697118,0.9466576895522669,0.19104128658920266,-1.5970515969013774,-0.7988727173928163,0.5236509897976915,0.3861456693642908,0
-0.35297953711749996,-1.8141897036363797,0.960612243201483,-0.32127118847338454,0.5440834447377301,-0.5701475154342267,-0.6298375120154964,1.0913125384227358,0
-0.35297953711749996,-0.7041971409456607,0.8904217756946216,-0.6368508245492113,-1.8940664539273575,-0.6423678175325187,0.5486597609720955,0.17113918734769396,0
-0.35297953711749996,1.8146626890547986,0.6825940557448624,-0.43747869117660687,-0.029270812318460737,-1.6348925078746361,0.39130196713682125,1.188724159059516,1
-0.35297953711749996,-1.397350741854204,0.937555931944571,0.33095044277421404,-1.7193612027161178,-0.6950397894457893,0.5353050107104558,1.6176708089251162,0
-0.35297953711749996,1.049532734694768,0.7299549769109299,0.19157299434822,-1.690527701252291,-0.7422223925779139,0.5317762395910421,0.5663487630582671,1
-0.35297953711749996,-1.1280827160777127,0.9149804369669593,-1.222332405144562,-1.4706892650090826,-0.2840960710093603,0.12739695476676852,1.5391294302823146,0
-0.35297953711749996,-1.5245292685553782,0.9386608704467082,-0.17926537599029735,-2.271533820862353,-1.0350483841050209,-0.09834837796732065,0.1014335841697348,0
-0.35297953711749996,2.3362162556861614,0.8334275346554987,0.3871864652800133,-1.4152191064886361,-0.8466330808989213,0.5099944191071002,2.1283339095808462,0
-0.35297953711749996,-0.5545904673696426,0.88175401289262,-0.43021026669202866,-1.964644148616179,-0.811155656171679,0.32803641805706496,-0.10653260251795593,0
-0.35297953711749996,-1.4776797066253138,0.9389670198334004,0.05809304534912707,-1.7806826147032542,-0.3897993627840591,0.9010247274134726,0.0375784702841917,0
-0.35297953711749996,-2.0869392227842245,1.1009392091109678,-0.4934846120571508,-0.132599597297534,-1.584200186248228,0.39987308063508215,0.9880914798593003,0
-0.35297953711749996,-2.281503135878768,0.9946123507130464,-0.5708861994654322,-1.2121827562570953,-0.9876864642870046,0.49172615379217477,1.1334424333278044,0
-0.35297953711749996,1.465580450710756,0.7028188356161994,-0.9196399928433662,-1.4331974777707666,-0.8684666569962246,0.510430720504181,1.0660048094033843,1
-0.35297953711749996,1.7149249066707863,0.6883725642795302,-0.5752390630813952,0.995749983297427,-1.6420471239832386,0.23874031162218187,-0.6948169031713196,1
-0.35297953711749996,-1.5275485978173198,0.9418562741007341,-0.010787140603267131,0.038339871564999184,-1.2667578000762032,0.09543121410551289,0.9590492420320545,0
-0.35297953711749996,-1.4527452610293108,0.9375223926997334,0.09253313832532417,-0.5953331834395004,-1.0868954839015639,0.6670362931376664,2.471805980121654,0
-0.35297953711749996,2.088941590610832,0.6667031572745262,-0.05863766843843882,-0.7118926480152903,-1.2331250134641802,0.4502271339337087,2.1048517537243194,0
-0.35297953711749996,-1.2945936302082501,0.9285820197558773,0.3002325792919722,-1.3056588606080088,-0.9310361394721022,0.4998514035855254,1.3136455270217806,0
-0.35297953711749996,1.390777113922747,0.7071527170172002,-1.0229602717719575,-2.3127829125250683,-1.3723214689432073,-0.502289598783822,0.05756751683863204,0
0.17205023911212614,2.2136138185908476,0.6594800216061916,0.11356279644254674,-0.035209605980026315,-0.21907234265017894,-0.57948345871687,2.208072812287755,1
-0.35297953711749996,2.064007145014829,0.6681477844081932,-0.09307776141463578,-1.7158224764648762,-0.6971844016218732,0.5349974130100458,1.6108488577683167,1
-0.35297953711749996,2.113876036206835,0.6652585301408593,-0.024197575462241577,-1.5313008982900551,-0.021952818927598483,1.4239540128320614,0.9263777856440809,0
-0.35297953711749996,-1.2283352506652834,0.924520748496731,0.40249397511109797,-1.5970515969013774,-0.7988727173928163,0.5236509897976915,0.3861456693642908,0
-0.35297953711749996,-1.120052511036229,0.9184696298202089,0.5413132301253518,-1.8871807841045591,-0.4370629451847518,0.03171980132084623,0.044628253348774516,0
-0.35297953711749996,-2.1817653534947556,0.9888338421783787,-0.4331258275606439,-1.4445856819741416,-1.7110339956733527,-0.39572315513640743,-0.6750884185132997,0
-0.35297953711749996,-0.6857441708099734,0.8909874209156479,1.0253796355073497,-2.3567388208653073,-1.5046856814820309,-0.723418128088861,1.490149484779109,0
-0.35297953711749996,-1.2213794643800553,0.9273111374735189,-0.9553460214936531,-1.9514134690194624,-0.6142338049826545,0.5534166907592836,0.05978894467916318,0
-0.35297953711749996,-1.1285974682812712,0.9187422399620634,0.5402543470158864,-0.608563863036217,-1.2838173350905882,0.4416560204354478,2.305484432924535,0
-0.35297953711749996,-2.163923801683964,-0.29456492657217426,1.181890061602703,-1.2121827562570953,-0.9876864642870046,0.49172615379217477,1.1334424333278044,0
-0.35297953711749996,0.8251227243307406,0.7429566211139323,-0.11838784243755385,-1.8433243965034767,-0.527971510200497,-0.2953320947229273,-0.13139226035064344,0
-0.35297953711749996,1.9393349170348138,0.6753709200765278,-0.2652782262956213,-1.4331974777707666,-0.8684666569962246,0.510430720504181,1.0660048094033843,1
-0.35297953711749996,1.98920380822682,0.672481665809194,-0.1963980403432271,-0.3805373269758845,-0.8603616627452841,0.035542530564323604,2.26674322859499,0
0.014653133671615304,-1.4152385741003313,0.9374982090628121,0.22977029914576896,0.8159688519144528,-1.1007879014782649,0.33313567517384035,0.39717805292695435,1
-0.35297953711749996,1.049532734694768,0.7299549769109299,0.19157299434822,-1.3386465660691305,-0.3190027954135321,0.06343363665694474,0.3422432259372432,1
-0.35297953711749996,1.5154493419027621,0.6999295813488655,-0.850759806890972,-0.9987691883618351,-0.7071434115387604,0.926236199609911,1.1056793403340899,0
-0.35297953711749996,-1.4635425813813605,-0.5867090709575595,0.6898951785784604,-2.1074800218226173,-0.9229108702807629,0.11414971515435932,0.19890228034140833,0
-0.35297953711749996,-1.497088524238216,0.9433344404792388,0.19319007086942563,-1.1989520766603787,-0.7907646130979801,0.7171064264943934,1.2997639805249235,0
-0.35297953711749996,-1.5524830434133228,0.9433009012344011,-0.045227233579464315,-1.3056588606080088,-0.9310361394721022,0.4998514035855254,1.3136455270217806,0
-0.35297953711749996,-1.0919936708125655,0.9179339838329986,-0.8841479050086306,-1.3056588606080088,-0.9310361394721022,0.4998514035855254,1.3136455270217806,0
-0.35297953711749996,1.9642693626308168,0.6739262929428609,-0.2308381333194242,-1.7498643168309465,0.09000054333832119,1.4422465451134328,0.6604570497251978,0
-0.35297953711749996,-1.7963018713902523,0.9606699660832418,-0.22009104484493947,-2.2947898046376887,-1.4474055254101428,-0.5938532466519676,0.5426387962975625,0
-0.35297953711749996,-0.19314602476257348,0.8586641623908705,-0.01640593989332001,-1.5399042617183967,-1.0087381833703468,0.2931756975953129,1.0798863559002414,0
-0.35297953711749996,-1.2463139099760583,0.9287557646071858,-0.9897861144698502,-1.5970515969013774,-0.7988727173928163,0.5236509897976915,0.3861456693642908,0
-0.35297953711749996,1.7647937978627926,0.6854833100121963,-0.506358877129001,-0.833591045131973,-0.8072480910316722,0.9118783732599156,0.7872491636880194,0
-0.35297953711749996,-1.2373213031839818,0.9259646215103463,0.4361758254180438,-0.012966063908505188,-2.0039419591958874,-1.1356273671082018,0.2909398899053677,0
-0.35297953711749996,-1.4401730196963343,0.9389428361964791,0.19533020616957192,1.0528370504952265,-1.5360338378099594,0.137068688280627,-0.7045158696736185,0
-0.35297953711749996,-1.1530171616737157,0.9164250641006262,-1.256772498120759,-1.419794176267122,-0.2971790091423413,1.1876379412007507,0.42881011502333366,0
0.1205397299160087,-0.3397333690766503,0.8641365215388461,-0.3915247331375328,-0.48862639949187037,-0.9466239575274416,0.8842913160465347,2.4579244336247967,1
-1.8990081588531722,2.088941590610832,0.6667031572745262,-0.05863766843843882,0.19875572374187178,-1.211436835529332,-0.014811522734302807,1.1499829547299711,1
-0.35297953711749996,2.263482709782854,0.6565907673388578,0.182442982394941,-1.6930084381872152,-0.13436388300337032,0.09319933761853677,0.015886501252115548,0
-0.31834798039202344,0.03980894284649622,0.8453899080460137,0.2946137800019194,-1.576527918980508,-1.56863410003697,-0.3821053966620839,1.6719942703597996,0
-0.35297953711749996,-1.4208550291480797,0.9388681545428543,-1.23086676530323,-1.8871855633969932,-0.9539372405228985,0.18631884592383233,0.5382169727558536,0
-0.35297953711749996,-0.9286071513096883,0.9034234198976239,-0.9468116613349852,-1.4331974777707666,-0.8684666569962246,0.510430720504181,1.0660048094033843,0
-0.35297953711749996,-0.3904329275227531,-0.3091239871289291,1.4521315279600382,-1.8579373646685489,-0.6708841297975568,0.5452914409659331,-0.12041414901481318,0
-0.35297953711749996,-1.0258403566353176,0.9097683277733697,0.5095364835336444,-1.800096861460933,-0.575215168931886,-1.8797953861780314,0.5577790400013729,0
-0.35297953711749996,-1.6645830300603615,0.9519444803994814,-0.11463063061620199,1.8312989454353623,-0.33748073411026946,0.39051456217789715,-0.830871170656521,1
-0.35297953711749996,1.6650560154787803,0.691261818546864,-0.6441192490337894,-0.7560936535521141,0.5329409390427959,2.4892220887578342,0.39107257988916744,0
-0.35297953711749996,-1.5245292685553782,0.9386608704467082,-0.17926537599029735,-1.476389714924217,-1.1554705816706976,0.15224336693133636,1.3358560014167522,0
-0.35297953711749996,-1.9139274860203919,0.9663907517361506,-0.45903156037817305,-0.6862957758244529,-2.126156110898698,-0.4601069757818944,-0.6476722242615855,0
-0.35297953711749996,1.2240738538667895,0.7198425869752615,0.43265364518159977,-1.5195882323897576,-0.42478000640588914,0.2273343730614729,0.5373065252310212,1
-0.35297953711749996,1.8395971346508015,0.6811494286111955,-0.4030385982004097,-0.7020399673871305,-1.2271670102756858,0.4497812702287984,2.485687526618511,0
3.141592653589793,1.8395971346508015,0.6811494286111955,-0.4030385982004097,1.1512379044315422,-1.5424972529248009,1.1943990184213469,-0.7195780035228843,1
-0.35297953711749996,1.465580450710756,0.7028188356161994,-0.9196399928433662,-0.8912957523577405,-0.5276780725611971,0.026697341832641608,1.5725656409453233,0
-0.35297953711749996,-1.793105254556415,-0.21378674321326696,1.7941835869398082,-2.237577193964814,-0.4408069374322191,0.5782909809655583,0.6114549442008954,0
-0.35297953711749996,2.064007145014829,0.6681477844081932,-0.09307776141463578,-0.3501588322039699,-0.803947413111304,-0.018561332705299027,2.2615819894974876,1
3.141592653589793,2.064007145014829,0.6681477844081932,-0.09307776141463578,1.0591440886489845,-1.5398561597018632,0.13652045982361835,-0.7166745683618574,1
-0.35297953711749996,-2.331372027070774,0.9975016049803802,-0.6397663854178265,-1.6390098920476157,-1.5487725697834929,-0.3772939378432977,1.188968619315233,0
-0.35297953711749996,1.6899904610747833,0.6898171914131971,-0.6096791560575923,-1.716454709080785,-0.7295027983243031,0.5339268825780212,0.5160064983608821,0
-0.35297953711749996,1.1406019907086198,-0.4545507745812396,0.5451752455160367,-0.48862639949187037,-0.9466239575274416,0.8842913160465347,2.4579244336247967,0
-0.35297953711749996,1.7647937978627926,0.6854833100121963,-0.506358877129001,-0.7020399673871305,-1.2271670102756858,0.4497812702287984,2.485687526618511,1
-0.35297953711749996,-0.9261025742513054,0.9039898192387019,0.6472968554384327,-1.690527701252291,-0.7422223925779139,0.5317762395910421,0.5663487630582671,0
-0.35297953711749996,-0.7784753065729054,-0.610162883992494,-1.8613380777014021,0.12580543353471296,-1.1043302642689439,-0.06034427250566465,0.9441890364322528,0
-0.35297953711749996,2.2136138185908476,0.6594800216061916,0.11356279644254674,-1.4331974777707666,-0.8684666569962246,0.510430720504181,1.0660048094033843,1
-0.35297953711749996,-1.3211172467640675,0.9330896460081867,-1.0931063933984415,-2.1648270369147227,-0.8947768577308987,0.11890664494154743,0.08755203767287756,0
-0.35297953711749996,2.039072699418826,0.6695924115418601,-0.12751785439083296,0.3902109657345545,-1.6141284176556143,0.6715711280675273,0.24877674505190078,1
-0.35297953711749996,-1.6371030999741272,-0.22707110728609192,1.7976707848488553,-2.176691452621467,-0.47108556215816727,0.5732264534779603,0.7159832357126265,0
-0.35297953711749996,0.903815335861341,-1.7825069167263048,1.1294608203154322,-0.8480514659452558,-1.2325832991989267,0.37145037456351204,2.290607466017039,0
-0.35297953711749996,2.2136138185908476,0.6594800216061916,0.11356279644254674,-1.6319980775009544,-1.006097090147409,-0.7647028610024156,1.082789791061268,0
-1.9175733058636624,-0.6543282497536547,0.8875325214272878,-0.5679706385968171,-0.7978196480068271,-0.5843283973760997,0.018572092039291,1.3923625472513468,1
-0.35297953711749996,1.2988771906547985,0.7155087055742607,0.5359739241101911,0.12580543353471296,-1.1043302642689439,-0.06034427250566465,0.9441890364322528,1
-1.2543494333509684,-0.41453670586465935,0.8684704029398469,-0.494845012066124,-0.608563863036217,-1.2838173350905882,0.4416560204354478,2.305484432924535,0
-0.35297953711749996,1.9393349170348138,0.6753709200765278,-0.2652782262956213,-1.716454709080785,-0.7295027983243031,0.5339268825780212,0.5160064983608821,0
-0.35297953711749996,1.8645315802468045,0.6797048014775285,-0.3685985052242126,0.32618689536597634,-1.6982913334800878,0.5412181143222065,0.2571056729500151,1
-0.35297953711749996,-0.7322434645310293,0.8938027476494088,-0.5378194652009891,-0.3369281526072534,-0.6070255619222795,0.20681893999691967,2.4279035366946067,0
-0.35297953711749996,-0.708224425033595,0.8887287220560214,-0.7385890092839935,-1.3397213734198532,-0.925116981811127,0.5023054707108304,0.8858017157094078,0
-0.35297953711749996,2.1886793729948444,0.6609246487398586,0.0791227034663497,-0.5311004985245971,-0.9097246241036611,0.1453394036992291,2.4566452887912655,1
-0.35297953711749996,1.190470881900626,-0.4574400288485734,0.614055431468431,-1.006370341980246,-0.3073805514997361,1.3794508121396534,1.0104786234159555,1
-0.35297953711749996,1.8395971346508015,0.6811494286111955,-0.4030385982004097,0.4499409638654561,2.0050208854600355,-0.3459839817879775,1.039160119311604,1
-0.35297953711749996,-2.0104974593623286,-2.629973456569869,-0.8802117377139008,-1.7806826147032542,-0.3897993627840591,0.9010247274134726,0.0375784702841917,0
-0.35297953711749996,-1.3460516923600705,0.9345342731418536,-1.1275464863746385,-0.029270812318460737,-1.6348925078746361,0.39130196713682125,1.188724159059516,0
-1.8990081588531722,2.167089042390904,0.8860955536503672,0.17827560275035748,1.7757458190601279,-0.0933184075583573,-1.954339609786158,-0.8469190183663748,1
-0.35297953711749996,1.7897282434587956,0.6840386828785293,-0.47191878415280386,-0.8109339823464942,0.20338132506343398,0.924456704658732,0.8443104124122336,0
-0.35297953711749996,0.7503193875427316,0.7472905025149331,-0.22170812136614512,-0.9797249605850542,-2.0425914713601148,-0.6134270073869578,2.100235608748796,1
-0.35297953711749996,2.438023828954875,0.6464783774031893,0.42352363322832054,-2.2355281625597736,-1.0912367019297093,-0.14655631233628236,0.21556013613763692,0
-0.35297953711749996,1.5403837874987651,0.6984849542151986,-0.8163197139147749,-0.7783438059199137,0.11607512084556804,0.9733373222685293,0.9717374190864108,0
-0.35297953711749996,1.6578072300803597,1.6214837242536084,-0.11858181899546444,-0.3951502951409569,-1.003274282342344,0.876166066253184,2.2777213399308205,1
-0.35297953711749996,1.5653182330947681,0.6970403270815317,-0.7818796209385778,-1.9990797077748947,-0.5582205429499517,0.5584935750838861,1.0608505467258147,0
-0.35297953711749996,-1.4182579033622726,0.9406936127168382,0.3982485345327993,-0.8660602992990043,-0.810349494571702,-0.20417543955054984,-0.7606355014309187,0
-0.35297953711749996,1.465580450710756,0.7028188356161994,-0.9196399928433662,-0.608563863036217,-1.2838173350905882,0.4416560204354478,2.305484432924535,1
-0.35297953711749996,2.069819767325196,2.8447300207967974,0.909747819146939,0.8890431993497969,-1.782318650357361,0.021485288713313733,-0.6809353566744623,1
-0.35297953711749996,1.8699359281936379,1.4709971577961898,-0.16425319010954734,0.24082146820787242,-1.8105085545793853,0.36741409599511193,0.26821091014750087,1
-0.35297953711749996,-1.1255781390193298,0.9155468363080373,0.37177611162885615,-1.1702244611108572,-0.23778661189632788,1.392671081433164,0.33061948337686203,0
-0.35297953711749996,-1.9139274860203919,0.9663907517361506,-0.45903156037817305,-0.632889705539339,-1.3387616370710522,0.44137210049354825,0.016682159462785173,0
-0.35297953711749996,1.4905148963067592,0.7013742084825325,-0.8851998998671691,-1.4961661489692617,-0.8375747024123387,0.5156539661640063,0.9437390418267099,0
-0.35297953711749996,-1.5205928115320917,0.9446466630775221,-1.3686271372080183,-2.4853452628950246,-1.2442434637993487,-0.48648117786566003,1.177824234608114,0
-0.35297953711749996,-1.9887308228084009,0.9707246331371514,-0.5623518393067641,-2.1648270369147227,-0.8947768577308987,0.11890664494154743,0.08755203767287756,0
-0.35297953711749996,-1.3031385874532926,0.9288546298977318,0.2991736961825068,-1.4331974777707666,-0.8684666569962246,0.510430720504181,1.0660048094033843,0
-0.35297953711749996,-0.5641433794406777,0.8771381657418484,-0.7014855699233067,-1.7399145281100123,-0.7179935882647077,0.5358728724741465,0.4704547545139052,0
-1.991193716422504,-0.7041971409456607,0.8904217756946216,-0.6368508245492113,0.020025762110306378,0.3727044489921594,2.6519096514343077,2.6121368557203515,1
-0.35297953711749996,-1.0283449336937005,0.9092019284322916,-1.0845720332397735,0.6318589127750274,0.952046366540124,-1.4038363902607478,-0.19394813436184843,1
-0.35297953711749996,-0.11532335871262278,0.8511348773358437,-0.08156389635175892,-0.16332412845863087,-1.61223777674856,0.4009379371934045,-0.5165153775233744,1
-0.35297953711749996,2.064007145014829,0.6681477844081932,-0.09307776141463578,-0.6567881826070399,-0.66979920704984,0.00631317417945243,1.1204822998906931,1
-0.26886434333523757,2.088941590610832,0.6667031572745262,-0.05863766843843882,0.7916076529456053,0.28591586645031253,2.9930063729002527,1.8698019369009666,0
-0.27159013690192496,-0.5142223808998936,0.8840704346340054,1.43493852172776,-1.9032168507147373,-1.716556687167186,-0.7167767247041361,1.3913821874041807,0
-1.570597110012427,1.8894660258428078,0.6782601743438617,-0.3341584122480155,0.557563821082206,-1.5806578234575492,0.7933530283145873,0.441080496354002,1
-0.35297953711749996,1.98920380822682,0.672481665809194,-0.1963980403432271,-0.035209605980026315,-0.21907234265017894,-0.57948345871687,2.208072812287755,1
-0.35297953711749996,-1.3709861379560735,0.9359789002755204,-1.161986579350836,-1.7399145281100123,-0.7179935882647077,0.5358728724741465,0.4704547545139052,0
-0.09794310827539326,1.5403837874987651,0.6984849542151986,-0.8163197139147749,-0.8043449782883609,-0.86940483742862,0.9078069823168012,-0.7583776974944427,1
-0.35297953711749996,-0.8014303462712903,0.8967666835703674,0.8194973203194185,-0.1179866291324616,-1.4412875666511682,-0.4407504550537783,0.9771133685234701,0
-0.18569269347990544,-0.015585576328610684,0.845356368801176,0.056196475553029424,-1.2308557058222331,-1.0062582160932767,0.4484252203435782,1.5031048690467919,1
-0.08431414044195645,1.5653182330947681,0.6970403270815317,-0.7818796209385778,-0.2751556434040303,1.2820698202408298,-1.5520327931589832,0.8692560620756076,1
-0.35297953711749996,1.1810443688461159,-2.1110572397730163,-0.3517338461249234,-1.2212972988586874,-1.0500933151314689,0.49018045788011844,-1.1258241802113014,1
-0.35297953711749996,1.6601443638052997,0.8091456940141207,-0.8422384054350848,-1.4961661489692617,-0.8375747024123387,0.5156539661640063,0.9437390418267099,1
-0.35297953711749996,1.5403837874987651,0.6984849542151986,-0.8163197139147749,-1.2121827562570953,-0.9876864642870046,0.49172615379217477,1.1334424333278044,0
-0.35297953711749996,-0.8135824511464663,-1.0566316071344157,-1.997249810989429,-0.6198496972929485,-0.8529460111173222,0.051607983369024,-1.8844459542526453,0
-0.35297953711749996,-2.2565686902827653,0.9931677235793794,-0.5364461064892352,-1.690527701252291,-0.7422223925779139,0.5317762395910421,0.5663487630582671,0
-0.35297953711749996,-1.1036630226852682,0.9172976128283965,0.5746944399920834,0.7126400669353798,-1.050095579851857,0.3417067886721013,0.19654537372673886,0
-0.35297953711749996,-2.206699799090759,0.9902784693120457,-0.46756592053684104,-1.2311721140788814,-1.4304909429251085,0.038786890681328845,-0.702851511507014,0
-0.35297953711749996,-1.1787822745238155,-0.2582800717008158,0.6213238559530092,-0.48386611195495766,-0.8096693411188761,0.0441136440625845,2.0661105493947747,0
-0.35297953711749996,1.9144004714388108,0.6768155472101948,-0.2997183192718184,-1.9990797077748947,-0.5582205429499517,0.5584935750838861,1.0608505467258147,0
-0.35297953711749996,-1.2712483555720613,0.9302003917408528,-1.0242262074460473,-0.4433857198063549,-1.3839220145835,0.4272981940854524,1.9870542562784643,0
-1.5609944477656215,1.7398593522667893,0.6869279371458632,-0.5407989701051981,-0.8912957523577405,-0.5276780725611971,0.026697341832641608,1.5725656409453233,1
-0.35297953711749996,-2.2565686902827653,0.9931677235793794,-0.5364461064892352,-1.3056588606080088,-0.9310361394721022,0.4998514035855254,1.3136455270217806,0
-0.35297953711749996,-1.0283449336937005,0.9092019284322916,-1.0845720332397735,-0.6293975430485538,-0.5031122138588955,1.3478095368155103,1.3807388046909659,0
-0.23377848768197984,1.723554600698372,-1.0207551872690297,-1.547459197791093,-1.5203861168311241,-0.18642252505870305,0.08000330552912427,1.4446806467645947,0
-0.35297953711749996,-2.331372027070774,0.9975016049803802,-0.6397663854178265,-2.9169618849784045,-1.3406893184026845,-0.8124487633516073,0.6934748906239816,0
-0.35297953711749996,-0.5795249129656456,0.883198640026287,-0.46465035966822577,0.45654378546106744,-1.3867472431497498,-0.17970526630918215,0.22986108531919613,0
-0.35297953711749996,-1.1964450187840523,0.925866510339852,-0.920905928517456,-1.6310892819226808,-0.6172855772250054,0.7077309009051158,0.5049012611633964,0
-0.35297953711749996,-1.09670723640004,0.9200880018051842,-0.7831455566126677,-0.7978196480068271,-0.5843283973760997,0.018572092039291,1.3923625472513468,0
-0.35297953711749996,-1.4457894747440827,0.9403127816765213,-1.265306858279427,-1.0533543566477066,-1.6819938978613709,-0.24498893937466915,2.1492727025142626,0
-0.35297953711749996,1.8645315802468045,0.6797048014775285,-0.3685985052242126,0.29422753849298644,-1.0231140807517396,1.2688931722705545,0.9325652938718717,0
-0.24335371123675337,2.363220492166866,0.65081225880419,0.32020335429972935,-1.1747924469385196,-0.38859673501694036,0.050213367363434125,1.0221023659763366,0
-0.35297953711749996,1.7897282434587956,0.6840386828785293,-0.47191878415280386,0.3441502531869456,-1.8612008762057934,0.3588429824968511,0.4688435893477163,1
-0.35297953711749996,-1.3709861379560735,0.9359789002755204,-1.161986579350836,-1.412365644555639,-1.0713076658462244,0.28259638067665727,1.3275270735186377,0
-0.35297953711749996,1.739028685012693,-0.4892218257892458,1.371737476944767,-0.647659963100387,-1.0559541536662775,-0.07146975550472867,2.0896910623939307,1
-0.35297953711749996,1.440646005114753,0.7042634627498663,-0.9540800858195633,-1.006370341980246,-0.3073805514997361,1.3794508121396534,1.0104786234159555,0
-0.35297953711749996,-1.1964450187840523,0.925866510339852,-0.920905928517456,-1.5421853187441967,-0.21914822036813686,0.08031715803799805,-0.052966349773330035,0
-0.35297953711749996,-1.6931726084081615,2.3636306218902012,0.7338760020927741,-1.8940664539273575,-0.6423678175325187,0.5486597609720955,0.17113918734769396,0
-0.35297953711749996,1.7398593522667893,0.6869279371458632,-0.5407989701051981,-1.4331974777707666,-0.8684666569962246,0.510430720504181,1.0660048094033843,1
-0.35297953711749996,1.7647937978627926,0.6854833100121963,-0.506358877129001,-1.7095797168645217,-1.1181177551605828,0.08114392034627016,0.9715021348204242,0
-0.35297953711749996,-1.8640585948283859,0.9635014974688167,-0.3901513744257788,-1.83393523914251,-0.28662559985555314,0.9958845643092967,-0.15425103040979304,0
-0.35297953711749996,1.9393349170348138,0.6753709200765278,-0.2652782262956213,-1.5457238547645766,-0.5050683561257077,0.8815349192322103,0.4937960239659106,1
-0.35297953711749996,1.6899904610747833,0.6898171914131971,-0.6096791560575923,-1.3264906938231364,-0.7281951306221025,0.7276857434130491,1.052123262906527,1
-0.35297953711749996,0.6505816051587194,0.7530690110496008,-0.35946849327093355,-1.716454709080785,-0.7295027983243031,0.5339268825780212,0.5160064983608821,0
-0.35297953711749996,-1.8253497734052602,-1.8699388031502124,-0.9361634318617356,-1.3386465660691305,-0.3190027954135321,0.06343363665694474,0.3422432259372432,0
-0.35297953711749996,-1.4707239203400857,0.9417574088101882,-1.2997469512556241,-2.1501627354016697,-0.9790194808304117,0.02724770599081211,0.20445489894015123,0
-0.35297953711749996,1.8886353585887115,-0.4978895885912473,1.5783780348019496,-1.716454709080785,-0.7295027983243031,0.5339268825780212,0.5160064983608821,0
-0.35297953711749996,2.288417155378857,0.6551461402051908,0.21688307537113805,-1.183465565811428,-1.1935151880525188,-0.8007856187719333,3.047316556641328,0
-0.35297953711749996,1.7398593522667893,0.6869279371458632,-0.5407989701051981,-0.9611296622947307,-0.7446786085557946,0.9224576901785713,0.539608446069623,1
-0.35297953711749996,-0.7885533898047049,0.8901398099448508,-1.0114464067090805,-1.2197839098755063,-0.5879236042479804,0.9449407663219173,1.0382417164096698,0
-0.35297953711749996,1.5902526786907711,0.6955956999478647,-0.7474395279623807,-1.7892048661308761,-0.27553287802562354,0.9933112186020323,1.0399094048889,0
-0.35297953711749996,-1.7763348871593765,-2.650510955544845,-0.9412933998464464,-1.8608060254969971,-0.8142586500396968,0.32106953215264084,1.6985202945555193,0
-0.35297953711749996,1.8645315802468045,0.6797048014775285,-0.3685985052242126,0.4508570371345759,-1.7209293498316711,0.5760980054057192,0.4549620428508591,1
-0.35297953711749996,-2.6314160414769074,-0.16131263235072557,0.8594889459177735,-1.5970515969013774,-0.7988727173928163,0.5236509897976915,0.3861456693642908,0
-0.35297953711749996,1.4148808922646532,-0.4704416730515757,0.9240162682542048,-0.4433857198063549,-1.3839220145835,0.4272981940854524,1.9870542562784643,0
-0.35297953711749996,1.4905148963067592,0.7013742084825325,-0.8851998998671691,-0.1861659049926031,0.9514223435140035,2.2798265355483576,-0.20573518512425804,0
-0.35297953711749996,-1.3280730330492956,0.9302992570313988,0.26473360320630956,-1.5970515969013774,-0.7988727173928163,0.5236509897976915,0.3861456693642908,0
-0.35297953711749996,1.3273292641047614,-1.3710954389067544,-2.3097479204348934,-1.9819730323794333,-0.5685878846827429,0.557006606711733,1.0278723235693574,0
-0.35297953711749996,-2.076937068183484,-0.20251169189370244,1.144067260970362,-2.555889859441195,-0.9446931207544537,-0.16424334851230027,0.5728836760391052,0
-0.35297953711749996,-0.7790004777336699,0.8947556570956223,-0.7401711034778025,-0.9508601014519314,-1.1349589151262665,0.4693931487820058,1.0016952894073734,0
-0.35297953711749996,1.5403837874987651,0.6984849542151986,-0.8163197139147749,-1.4509254692837463,-1.274872759468397,0.05866084420292417,0.4728688644803775,1
-0.35297953711749996,-2.0279205303303263,-0.20329236697861053,1.3145765545651278,-1.2177354673434413,-1.3122255859785117,0.12976029078799037,0.8372227310767053,0
-0.35297953711749996,1.8146626890547986,0.6825940557448624,-0.43747869117660687,1.4062649362952322,-1.253591178946047,0.5083555288734709,-0.5489662212528588,1
-0.35297953711749996,1.8146626890547986,0.6825940557448624,-0.43747869117660687,0.24082146820787242,-1.8105085545793853,0.36741409599511193,0.26821091014750087,0
-0.35297953711749996,1.8395971346508015,0.6811494286111955,-0.4030385982004097,0.5494779713305196,0.866719142146466,-1.6208074932277163,2.1087356855967583,0
-0.35297953711749996,-1.0661563357562887,0.9172734291914751,0.7119316008125283,0.7244107686410215,-2.1035833584212895,0.32537892678587443,-0.6640518175354553,0
-0.2707164851177303,-0.7167693822786372,0.889001332197876,-0.7396478923934591,-1.4331974777707666,-0.8684666569962246,0.510430720504181,1.0660048094033843,0
-0.35297953711749996,-1.0283449336937005,0.9092019284322916,-1.0845720332397735,-1.2984744241544195,-0.013994863171159277,0.5642694284207586,0.4039504571906462,0
-0.35297953711749996,-1.5463579243821914,-0.23005847272392,0.5094692168657498,-1.8579373646685489,-0.6708841297975568,0.5452914409659331,-0.12041414901481318,0
-0.35297953711749996,-0.7291315865416639,0.8918664028282886,-0.6712909175254084,-1.4331974777707666,-0.8684666569962246,0.510430720504181,1.0660048094033843,0
-0.35297953711749996,-0.3551149026016183,0.8701969958232846,-0.15468952288245186,-2.0015546498106973,-0.16734523145362445,1.0110636413471596,0.7620100330092575,0
-0.35297953711749996,1.4905148963067592,0.7013742084825325,-0.8851998998671691,-1.553551050657855,-0.4388186371248266,-0.09193075365724362,1.5070426248413242,1
-0.35297953711749996,1.365842668326744,0.7085973441508671,-1.0574003647481547,-1.2197839098755063,-0.5879236042479804,0.9449407663219173,1.0382417164096698,0
-1.7985002940032753,-0.23044267462160306,0.8629738601549499,0.01751094199853359,-0.44440428912743046,-0.08520289773645473,-0.5478425426532526,-0.8280262251375083,0
-0.35297953711749996,-0.36768714393459473,0.8687765523265389,-0.2574865907266996,-1.11332061336369,0.6935551162255453,1.4542965586747987,0.8143217444738451,0
-0.35297953711749996,2.113876036206835,0.6652585301408593,-0.024197575462241577,-1.3264906938231364,-0.7281951306221025,0.7276857434130491,1.052123262906527,0
-0.18569269347990544,-1.5399108020803463,0.9447213447311468,0.057569834264783515,-0.1545025269204927,-0.8512406543356742,0.09857105248598533,0.2672733454882137,1
-0.35297953711749996,-0.8827655442056163,0.8988411119916899,-0.9796696601173732,-1.419794176267122,-0.2971790091423413,1.1876379412007507,0.42881011502333366,0
-0.35297953711749996,2.014138253822823,0.671037038675527,-0.16195794736703006,-1.1171734441961003,0.32252259986249543,-0.4893632395612756,0.468937142421487,1
-0.1904803052572922,-1.265631900524313,0.9288304462608106,0.43641085700295157,0.4992264990401196,-1.3306386326001012,-0.09280325714563492,0.22430846672045324,0
-0.35297953711749996,2.0195426017696563,1.4623293949941882,0.04238736774763524,-1.0177585461836212,-1.1499478901768643,0.47329693649906507,-0.7306146045007282,0
-0.35297953711749996,1.6899904610747833,0.6898171914131971,-0.6096791560575923,-1.5195882323897576,-0.42478000640588914,0.2273343730614729,0.5373065252310212,0
-0.35297953711749996,-0.914056285038817,-0.27878681732192356,0.7288895754598991,-0.26059986343153774,-0.5231682851821375,0.47817782617541044,2.4191832292952524,0
-0.35297953711749996,-2.706219378264917,-0.1569787509497248,0.7561686669891823,-1.5970515969013774,-0.7988727173928163,0.5236509897976915,0.3861456693642908,0
0.01762354973787711,2.388154937762869,0.6493676316705231,0.35464344727592645,-1.0850608562591593,0.2665481895770849,0.9987794742384948,0.37618736419693183,1
-0.35297953711749996,-1.21590011683229,-0.3532225606466215,0.7280268425377445,-2.1074800218226173,-0.9229108702807629,0.11414971515435932,0.19890228034140833,0
-0.35297953711749996,-1.8647104545319275,-0.31190045217617735,1.5951711773170683,0.02663975227076243,-0.2684847005166826,-0.5852701715686045,1.6890099564414687,0
-0.35297953711749996,-1.3211172467640675,0.9330896460081867,-1.0931063933984415,-0.922811891913071,0.22717029002807076,-0.5054855129883115,0.8463274211899298,0
-0.35297953711749996,1.315973777134738,0.7114865984182009,-1.1262805507005487,-1.358839004089114,0.283408615294781,1.8620237125370946,0.9775612677446716,1
-0.35297953711749996,-1.4952235797624074,1.124939084002575,0.3613446764980779,-1.716454709080785,-0.7295027983243031,0.5339268825780212,0.5160064983608821,0
-0.35297953711749996,2.2385482641868504,0.6580353944725247,0.1480028894187439,-1.4331974777707666,-0.8684666569962246,0.510430720504181,1.0660048094033843,1
-0.35297953711749996,-1.4991583151229175,1.1245050891968804,0.2946132748259066,-1.6310892819226808,-0.6172855772250054,0.7077309009051158,0.5049012611633964,0
-0.35297953711749996,-1.8774615034154591,-0.21406870896303787,1.4195880047799387,-1.6229786047298713,-0.7861531231392055,0.5258016327846707,0.3358034046669057,0
-0.35297953711749996,2.487892720146881,0.6435891231358555,0.49240381918071485,-2.2073011359474495,-0.8578775243071182,-0.620045267405758,0.08627289283934592,0
-0.35297953711749996,1.5403837874987651,0.6984849542151986,-0.8163197139147749,0.18414275557679938,-1.3543494551263917,0.8258120129545575,1.1609610660658016,0
-1.8746814144945982,1.6401215698827774,0.692706445680531,-0.6785593420099865,-1.4331974777707666,-0.8684666569962246,0.510430720504181,1.0660048094033843,0
-0.35297953711749996,-0.4644055970566655,0.8713596572071807,-0.5637251980185183,-1.4331974777707666,-0.8684666569962246,0.510430720504181,1.0660048094033843,0
-0.35297953711749996,-1.9139274860203919,0.9663907517361506,-0.45903156037817305,-1.4318734536715154,-0.8989773968857281,0.5092931634476962,0.0677154927182203,0
-0.35297953711749996,-1.4776797066253138,0.9389670198334004,0.05809304534912707,-0.9026246767865335,-0.7543111828851105,0.9182610209497375,1.2923623730597296,0
-0.35297953711749996,-1.4062116141497842,-0.24208302384378744,0.4798412545542654,-1.6927592214386866,-0.7709888092904686,0.5309336146159376,-0.4388443256608836,0
-0.35297953711749996,1.7398593522667893,0.6869279371458632,-0.5407989701051981,0.1450466555126293,-1.126486273702081,0.312686237014381,0.9451676955351974,1
-0.35297953711749996,0.2996217169761304,0.8391888823198363,1.1454996500543697,-2.176691452621467,-0.47108556215816727,0.5732264534779603,0.7159832357126265,0
-0.35297953711749996,2.1637449273988416,0.6623692758735255,0.0446826104901526,-1.1054759723094651,-0.8474149379128825,0.7089811767010428,1.119560886830947,1
-0.35297953711749996,1.7349477005933087,0.80481181261312,-0.7389181265064935,-1.4026900446183481,-0.8942250272272411,0.5075287163706558,0.7635359481327336,0
-0.35297953711749996,1.7647937978627926,0.6854833100121963,-0.506358877129001,-0.29815638553137647,-0.7750344383516262,0.2525136335312922,-0.0359405913636166,1
-0.35297953711749996,-0.7790004777336699,0.8947556570956223,-0.7401711034778025,-1.3426683843193707,-1.106122218406078,0.36458437392198567,-1.2288454949817178,0
-0.35297953711749996,-2.0416190432623487,0.9768092910585113,-0.46275378987212834,-0.06490899489644741,-0.5289775945225146,-0.9393504132308974,1.9584030393220726,0
-0.35297953711749996,-2.2269206790992873,0.9895690784735269,-0.603008361909001,-2.3934933182740066,-0.7561957818166806,0.13878306863573414,0.5283745517321894,0
-0.35297953711749996,1.440646005114753,0.7042634627498663,-0.9540800858195633,-1.233014589472223,-0.7848454554370049,0.7195604936196984,0.8719201692125507,0
0.17205023911212614,2.1637449273988416,0.6623692758735255,0.0446826104901526,1.3421845899435358,0.7961870221106624,-1.2366515007086065,0.9642123187380252,1
-0.35297953711749996,-1.1505125846153328,0.9169914634417042,0.33733601865265905,-2.3674691588806605,-0.9879832317261638,-0.09039055023504389,-0.08484329792550716,0
-0.35297953711749996,-0.853803814521679,0.8990895384966231,-0.8434913824063939,-0.6265272208571862,-1.1209077923648825,0.6240311522608032,2.093746516526834,0
-0.35297953711749996,1.689159793820687,-0.486332571521912,1.302857290992373,-1.9171719487442678,-1.2196872965151826,-0.1281140789289127,0.4277903088548623,0
-0.35297953711749996,-1.8640585948283859,0.9635014974688167,-0.3901513744257788,-1.1450822684879634,-2.0120649636668384,-0.6014520094690187,0.08331358264769961,0
-0.35297953711749996,-0.8675232164695696,-0.3010535847342003,1.4076994178054174,-1.9514134690194624,-0.6142338049826545,0.5534166907592836,0.05978894467916318,0
-0.35297953711749996,2.388154937762869,0.6493676316705231,0.35464344727592645,-1.5684172417876985,-1.7375016459511698,-0.5640346647825291,1.502896413863309,0
-0.35297953711749996,-1.4956583659360887,0.9432020359438551,-1.3341870442318213,-2.320893589717878,-1.203453923029007,-0.32036033066337677,0.2266653733351227,0
-0.35297953711749996,2.2385482641868504,0.6580353944725247,0.1480028894187439,-0.8826658744453996,0.1804014653738527,-0.5097474072144647,0.01685380136685677,0
-0.35297953711749996,-1.6396485844643585,0.9504998532658144,-0.08019053764000489,-0.3951502951409569,-1.003274282342344,0.876166066253184,2.2777213399308205,0
-0.35297953711749996,-2.0714114402003827,-0.19958889838153093,1.3136043794668573,-2.271533820862353,-1.0350483841050209,-0.09834837796732065,0.1014335841697348,0
-0.35297953711749996,-1.3959205835520765,0.9374235274091874,-1.196426672327033,-1.4961661489692617,-0.8375747024123387,0.5156539661640063,0.9437390418267099,0
-0.35297953711749996,1.7149249066707863,0.6883725642795302,-0.5752390630813952,-0.632889705539339,-1.3387616370710522,0.44137210049354825,0.016682159462785173,1
-0.35297953711749996,2.064007145014829,0.6681477844081932,-0.09307776141463578,0.6507902286853602,-0.4298759890601045,-0.4125824891066284,1.0774309919258784,1
-0.35297953711749996,-1.6089751069460805,-1.1321568657127656,-2.6898548788471515,-1.9514134690194624,-0.6142338049826545,0.5534166907592836,0.05978894467916318,0
-0.35297953711749996,-1.1658941181403009,0.9230519377261428,0.57417122890774,-0.0407052618459095,-0.8082020392678401,1.2984171942110816,1.9780779995764524,0
-0.35297953711749996,-1.7643208124443737,0.9577229889341491,-0.2523910025209903,-0.7118926480152903,-1.2331250134641802,0.4502271339337087,2.1048517537243194,0
-0.35297953711749996,-0.9471005628240219,0.9114202390031827,-0.5765049987554851,-2.271533820862353,-1.0350483841050209,-0.09834837796732065,0.1014335841697348,0
-0.35297953711749996,-1.0412218901602857,0.9158288020578083,0.7463716937887255,-1.690527701252291,-0.7422223925779139,0.5317762395910421,0.5663487630582671,0
-0.35297953711749996,-0.41453670586465935,0.8684704029398469,-0.494845012066124,-1.144062628449095,0.5790217379103151,-2.8356865069180044,1.3933678551160624,0
-0.35297953711749996,-1.3280730330492956,0.9302992570313988,0.26473360320630956,0.3441502531869456,-1.8612008762057934,0.3588429824968511,0.4688435893477163,0
-0.35297953711749996,1.7398593522667893,0.6869279371458632,-0.5407989701051981,-1.023697339845187,0.26587227504759303,-0.4974884893546262,0.2887340487275107,1
-0.35297953711749996,-1.1255781390193298,0.9155468363080373,0.37177611162885615,-1.9514134690194624,-0.6142338049826545,0.5534166907592836,0.05978894467916318,0
-0.35297953711749996,-1.500425490213472,-0.23893351962206766,1.7677111640358651,-1.6229786047298713,-0.7861531231392055,0.5258016327846707,0.3358034046669057,0
-0.35297953711749996,1.5653182330947681,0.6970403270815317,-0.7818796209385778,-0.7118926480152903,-1.2331250134641802,0.4502271339337087,2.1048517537243194,0
-0.35297953711749996,-1.5962268155741974,-0.22716921845658622,0.44058903091335555,-0.25946864003393266,-1.5650700054022098,0.40891311585357804,-0.7031984102490143,0
-0.35297953711749996,1.6401215698827774,0.692706445680531,-0.6785593420099865,-1.7873596699797272,-0.5020962911583966,0.7659147838809636,0.15725764085083682,0
-0.35297953711749996,1.8395971346508015,0.6811494286111955,-0.4030385982004097,-0.7783438059199137,0.11607512084556804,0.9733373222685293,0.9717374190864108,0
-0.35297953711749996,-2.2767895702912933,0.9924583327408607,-0.6718885478613952,-2.6181828899250403,-0.9479290445551427,-0.20413469920677674,0.6546065604327815,0
-0.35297953711749996,-1.3031385874532926,0.9288546298977318,0.2991736961825068,0.12580543353471296,-1.1043302642689439,-0.06034427250566465,0.9441890364322528,0
-0.35297953711749996,-1.3750134220440078,0.9342858466369204,-1.2637247640856182,-1.716454709080785,-0.7295027983243031,0.5339268825780212,0.5160064983608821,0
-0.35297953711749996,-0.8070468013190385,0.8981366290504096,-0.6411397441295804,-1.2984744241544195,-0.013994863171159277,0.5642694284207586,0.4039504571906462,0
-0.35297953711749996,2.2136138185908476,0.6594800216061916,0.11356279644254674,-1.4468442667102248,-0.2985471107507045,0.12532426925162443,1.4931610783444669,0
-0.35297953711749996,2.1637449273988416,0.6623692758735255,0.0446826104901526,0.625582859532392,-0.6503507300328435,0.8542085689011696,1.0944567687425424,0
-0.35297953711749996,-2.1421874929004576,-0.19356196334193,1.3120222852730483,-1.0711512908573082,-1.073157273960745,0.4794672359323362,0.8615621859671505,0
-0.35297953711749996,1.8146626890547986,0.6825940557448624,-0.43747869117660687,-0.6346378980499956,-0.9520402464506824,0.8059604203812483,2.2628443730233245,0
-0.35297953711749996,-1.8212363169862553,0.9621145932169087,-0.25453113782113657,-1.412365644555639,-1.0713076658462244,0.28259638067665727,1.3275270735186377,0
-0.35297953711749996,0.6755160507547224,0.7516243839159339,-0.32502840029473645,-1.3347003793888879,-0.6011593810953748,-0.11197644084213926,0.08940576417094948,1
-0.24335371123675337,1.5035741048986337,-1.0138841781568106,-2.113755399632214,0.3847670317334564,0.12270333044275539,1.642945780148048,-0.12478248894350252,0
-0.35297953711749996,1.7897282434587956,0.6840386828785293,-0.47191878415280386,-1.889036657862243,-0.8044193612360254,0.323273233461413,1.5092865878452995,0
-0.35297953711749996,-2.1857926375826904,0.9871407885397785,-0.5348640122954262,-2.0581202529670923,-0.7545053313567766,0.3361616678504155,0.07367049117602043,0
-0.35297953711749996,-0.9759714654433116,0.9068790735060358,0.5784166694860386,0.24082146820787242,-1.8105085545793853,0.36741409599511193,0.26821091014750087,0
-0.35297953711749996,-1.9139274860203919,0.9663907517361506,-0.45903156037817305,-2.6794788335307413,-1.5776653567627301,-0.9240848870820932,-0.2122965149314262,0
-0.35297953711749996,1.5154493419027621,0.6999295813488655,-0.850759806890972,-1.800590349576444,-0.6990181423474211,0.540534511178745,-0.009063906346282402,0
-0.35297953711749996,-1.1031482704817095,0.9135358098332924,-1.1878923121683649,-1.1695000426780433,-0.9315778537373558,0.578628162955722,1.1278898147290615,0
-0.15881916459807754,2.413089383358872,0.6479230045368563,0.38908354025212344,0.2263731337740329,0.4190145663184599,-2.2294054773144465,-0.14119825767379113,1
-0.35297953711749996,-1.4707239203400857,0.9417574088101882,-1.2997469512556241,-2.1780577165114394,-1.0916987089199233,-0.10647362776067126,-0.07876950952424167,0
-0.35297953711749996,-1.8946566777528329,-1.5607993789875239,0.44866161319114106,-0.46753239763642984,-1.3692881447643286,0.4293971025756092,2.033604185563881,0
-0.35297953711749996,1.6650560154787803,0.691261818546864,-0.6441192490337894,-0.3821669704783257,-1.2570709236650308,0.6032011209027037,2.0224989483663958,1
-0.35297953711749996,2.388154937762869,0.6493676316705231,0.35464344727592645,-0.0685276523258036,-0.27067953770871767,0.8692368674113731,2.394196445600909,1
-0.35297953711749996,-0.733158870629598,0.8901733491896883,-0.7730291022601906,-1.519796846936083,-0.5177879503793186,0.8793842762452312,0.5441382886632956,1
-0.35297953711749996,1.5653182330947681,0.6970403270815317,-0.7818796209385778,-0.6361600919765165,0.08654108162195706,-0.5292632542269661,1.4029169391106402,0
-0.35297953711749996,-1.743236363364409,-0.21667599748060085,1.8630637728922022,-1.4560201315015902,-0.8843435270665567,0.511392071937853,0.11426542200363687,0
-0.35297953711749996,1.6151871242867744,0.6941510728141979,-0.7129994349861837,0.3441502531869456,-1.8612008762057934,0.3588429824968511,0.4688435893477163,0
-0.35297953711749996,-1.0283449336937005,0.9092019284322916,-1.0845720332397735,-0.10991805817351707,-0.8248433029209141,1.302417013468847,0.14783900620099633,1
-0.35297953711749996,1.8645315802468045,0.6797048014775285,-0.3685985052242126,-0.792956774084986,-0.026837498751491884,1.8139608579573896,0.9827155304222411,1
-0.08431414044195645,2.2136138185908476,0.6594800216061916,0.11356279644254674,-1.4032665811162395,0.23003644648501598,0.7990682696147637,-0.020596899140952973,1
-0.35297953711749996,1.8894660258428078,0.6782601743438617,-0.3341584122480155,-1.043685554012115,-1.1372282959232534,0.4754475794860442,-0.780956869198113,1
-0.21641029021218988,2.2136138185908476,0.6594800216061916,0.11356279644254674,-0.8912957523577405,-0.5276780725611971,0.026697341832641608,1.5725656409453233,0
-0.35297953711749996,1.6650560154787803,0.691261818546864,-0.6441192490337894,-0.6257052690857499,-0.42172036077010955,0.5057901253287814,-0.8930129103683493,0
-0.35297953711749996,-1.4457894747440827,0.9403127816765213,-1.265306858279427,-2.2274174853669644,-1.2601042478439095,-0.3284855804567274,0.04646227964114635,0
-0.35297953711749996,1.4905148963067592,0.7013742084825325,-0.8851998998671691,-0.31276935369644887,-0.917947057948686,1.0931371692201526,-0.024962480027786227,0
-0.35297953711749996,-1.4401730196963343,0.9389428361964791,0.19533020616957192,-1.1160382446817936,-1.0348542356333548,0.4837509751320012,1.320125466053444,1
-0.35297953711749996,1.9642693626308168,0.6739262929428609,-0.2308381333194242,-1.4331974777707666,-0.8684666569962246,0.510430720504181,1.0660048094033843,0
-0.35297953711749996,-1.4776797066253138,0.9389670198334004,0.05809304534912707,-1.5970515969013774,-0.7988727173928163,0.5236509897976915,0.3861456693642908,0
-0.35297953711749996,2.014138253822823,0.671037038675527,-0.16195794736703006,-1.3397213734198532,-0.925116981811127,0.5023054707108304,0.8858017157094078,1
-0.35297953711749996,-1.8955090310916818,-1.558690799805098,0.5502907208335128,-1.9514134690194624,-0.6142338049826545,0.5534166907592836,0.05978894467916318,0
-0.35297953711749996,-0.5545904673696426,0.88175401289262,-0.43021026669202866,-2.002618434026136,-0.5560759307738677,0.5588011727842961,1.0676724978826142,0
-0.35297953711749996,-1.7393863668483707,0.9562783618004822,-0.2179509095447932,-0.38593244984596775,-0.8963863365287372,-0.019379401281651942,-1.4943976176395752,0
-0.35297953711749996,0.7503193875427316,0.7472905025149331,-0.22170812136614512,-1.0776323245476762,-0.507580467126798,0.09373791371440116,1.2749043226922359,0
-0.35297953711749996,-1.250250366999345,0.922769971976372,0.19957564674787065,0.2908495395244295,-1.2140779287522698,1.0430670358634255,1.1470795195689443,1
-0.35297953711749996,-2.106962016706747,0.9844999607773779,-0.3298055486320525,1.2298692382635745,0.020311503340004977,2.954911237461465,1.0249219103966012,0
-0.35297953711749996,-2.206699799090759,0.9902784693120457,-0.46756592053684104,-2.2847645004590693,-1.2319702352940451,-0.32372865066953926,-0.06488796302738442,0
-0.35297953711749996,1.7897282434587956,0.6840386828785293,-0.47191878415280386,-0.7118926480152903,-1.2331250134641802,0.4502271339337087,2.1048517537243194,1
-0.35297953711749996,2.537761611338887,0.6406998688685216,0.5612840051331088,-0.5067907606240161,-1.5605517518805345,-0.4054106876927539,-2.8850442465093766,0
-0.35297953711749996,-0.5296560217736395,0.8803093857589531,-0.39577017371583156,0.22913421851378635,-1.1550225858953518,-0.0689153860039256,1.1448217156324683,0
-0.35297953711749996,-2.281503135878768,0.9946123507130464,-0.5708861994654322,-1.4318734536715154,-0.8989773968857281,0.5092931634476962,0.0677154927182203,0
-0.35297953711749996,0.899095393864653,-0.4375270232221775,1.8974688835410025,-2.1198355739777357,-0.6954499884998587,-0.7758207540169357,0.0714126872395443,0
-0.35297953711749996,1.9393349170348138,0.6753709200765278,-0.2652782262956213,-1.3397213734198532,-0.925116981811127,0.5023054707108304,0.8858017157094078,0
-0.35297953711749996,-2.16250092163641,-0.1955304130133545,1.1415730608382775,-1.2197839098755063,-0.5879236042479804,0.9449407663219173,1.0382417164096698,0
-0.08431414044195645,2.014138253822823,0.671037038675527,-0.16195794736703006,-1.4184118876987661,-0.351188240734306,0.12163413280967172,0.2515104564903842,1
-0.35297953711749996,-1.0039252403012562,0.9115191042937287,0.7124548118968719,-1.1171734441961003,0.32252259986249543,-0.4893632395612756,0.468937142421487,0
-0.35297953711749996,-1.2028860528657217,0.9193143183679601,-1.3256526840731533,-1.5190724285032688,-1.2115791922203463,0.06534135776778915,1.3414086200154949,0
0.05512068431551215,0.1589555428434106,0.8352439788655076,0.29727712638640924,-0.49847908012003017,-0.952581960715936,0.884737179751445,2.077088660730605,1
-0.3161114318244851,-2.1650201278619727,2.5025391867942233,0.46242968740541124,-2.057793708671691,-1.376948600143888,-0.4315040047076296,1.9195683799728847,0
-0.35297953711749996,-0.9673214428325501,0.910710848164664,-0.7119474401276451,-1.2827525810740015,-0.5570316496640945,0.9501640119817426,0.9159759488329956,0
-0.35297953711749996,-1.1784663594732774,0.9216314942293973,0.4713741610634923,0.41176093707040584,-1.4930661684073605,0.06297222946554265,0.23916867232025496,0
-0.35297953711749996,-1.5743981597473844,0.9415501247140421,-0.2481455619426915,-1.4318734536715154,-0.8989773968857281,0.5092931634476962,0.0677154927182203,0
-0.35297953711749996,-1.4779956216758519,-0.2409445460968126,0.2080427402386439,-1.972550990555097,-1.066154461622196,0.012514827596737887,0.5493222099533392,0
-0.35297953711749996,-0.853803814521679,0.8990895384966231,-0.8434913824063939,-1.6953171875451503,-0.27758214168476136,1.074828745740567,0.026473233086706016,0
-0.35297953711749996,2.6374993937228988,0.6349213603338538,0.6990443770378972,-0.7152706469838471,-1.4240888614647105,0.22440099752657972,2.3193659794213923,1
-0.35297953711749996,-0.8457736094801954,0.9025787313498725,0.92015425286352,-1.8600246135612868,-1.4295527624927131,-0.3585893711312914,1.1215309953908128,0
-0.35297953711749996,1.7398593522667893,0.6869279371458632,-0.5407989701051981,-0.9862059942754223,-1.477014664526168,-0.9991563296048926,2.513577745473881,0
-0.35297953711749996,-0.3646678146726533,0.865581148672513,-0.4259648261137299,-0.37750584439574075,-0.07021392268585713,-0.5517463303703121,0.9042836687705934,0
-0.35297953711749996,1.6143564570326778,-0.481998690120911,1.1995370120637816,0.4992264990401196,-1.3306386326001012,-0.09280325714563492,0.22430846672045324,1
-0.23353386518240532,-2.6064815958809047,-0.16275725948439257,0.8939290388939707,-1.4255963241523555,-1.2682295170352487,0.057216107974438546,1.1612055263215186,0
-0.35297953711749996,1.5403837874987651,0.6984849542151986,-0.8163197139147749,-1.1347193917454754,-0.6135937533000774,0.1954095370559561,1.2846032891945347,0
-0.35297953711749996,1.8894660258428078,0.6782601743438617,-0.3341584122480155,-1.4961661489692617,-0.8375747024123387,0.5156539661640063,0.9437390418267099,0
-0.35297953711749996,-0.9170973003855105,0.9026669284496371,-0.9135395285606639,-1.3056588606080088,-0.9310361394721022,0.4998514035855254,1.3136455270217806,0
-0.35297953711749996,-0.19012669550063205,0.8554687587368445,-0.18488417528035028,-0.8053687523662038,-1.1764746886492778,0.4583523837270593,2.2850548474182957,0
-0.35297953711749996,1.7398593522667893,0.6869279371458632,-0.5407989701051981,-0.608563863036217,-1.2838173350905882,0.4416560204354478,2.305484432924535,1
-0.35297953711749996,2.288417155378857,0.6551461402051908,0.21688307537113805,0.845730520753724,-1.8203992124501074,-0.29798958599411784,-0.6889114753681431,1
-0.35297953711749996,2.064007145014829,0.6681477844081932,-0.09307776141463578,0.5222540745533188,-0.5996584084064356,0.8627796823994304,0.8938240895423271,1
-0.35297953711749996,2.088941590610832,0.6667031572745262,-0.05863766843843882,-1.174543230189991,-1.0252216613040388,0.48794764436083504,0.5673715390633374,0
-0.35297953711749996,1.7647937978627926,0.6854833100121963,-0.506358877129001,-1.3397213734198532,-0.925116981811127,0.5023054707108304,0.8858017157094078,0
3.141592653589793,-0.4652579503955142,0.8734682363896065,-0.46209609037614635,0.7244107686410215,-2.1035833584212895,0.32537892678587443,-0.6640518175354553,1
-0.35297953711749996,-2.331372027070774,0.9975016049803802,-0.6397663854178265,-2.2847645004590693,-1.2319702352940451,-0.32372865066953926,-0.06488796302738442,0
-0.35297953711749996,-0.853803814521679,0.8990895384966231,-0.8434913824063939,-0.132599597297534,-1.584200186248228,0.39987308063508215,0.9880914798593003,0
-0.35297953711749996,0.6497509379046228,-0.4230807518855082,1.5530679537790317,0.18414275557679938,-1.3543494551263917,0.8258120129545575,1.1609610660658016,1
-0.35297953711749996,2.014138253822823,0.671037038675527,-0.16195794736703006,-1.5030411411855247,-0.44895974557605883,0.9684369283957576,0.48824340536716776,0
-0.35297953711749996,-1.1255781390193298,0.9155468363080373,0.37177611162885615,-0.19144960158374635,-0.6347629119775041,0.4697686564401603,-0.049822137860473736,0
-0.35297953711749996,-1.4956583659360887,0.9432020359438551,-1.3341870442318213,-2.8315964578203006,-1.228472097303387,-0.638644745024513,0.6823696534264959,0
-0.35297953711749996,-1.3280730330492956,0.9302992570313988,0.26473360320630956,-1.5970515969013774,-0.7988727173928163,0.5236509897976915,0.3861456693642908,0
-0.35297953711749996,-1.692286548006136,-1.1947003437708914,-2.843730878456531,-1.3386465660691305,-0.3190027954135321,0.06343363665694474,0.3422432259372432,0
